m49,Area,Year,kcal,protein,fat,zinc,iron,ader,req_kcal,req_protein,req_fat,req_zinc,req_iron,nar_kcal,nar_protein,nar_fat,nar_zinc,nar_iron,MAR
1,World,2010,2825.2,84.81,77.92,17.097139726027397,21.26166575342466,2356.0,2356.0,58.900000000000006,39.266666666666666,11.9,21.549999999999997,1.0,1.0,1.0,1.0,0.9866202205765504,0.9973240441153101
1,World,2011,2845.38,85.05,78.01,17.155953424657532,21.322756164383563,2357.0,2357.0,58.925000000000004,39.28333333333333,11.9,21.549999999999997,1.0,1.0,1.0,1.0,0.9894550424307919,0.9978910084861583
1,World,2012,2850.4,85.23,78.94,17.180745205479454,21.415775342465754,2357.0,2357.0,58.925000000000004,39.28333333333333,11.9,21.549999999999997,1.0,1.0,1.0,1.0,0.9937714776086198,0.998754295521724
1,World,2013,2856.02,85.73,79.08,17.280657534246576,21.55665479452055,2357.0,2357.0,58.925000000000004,39.28333333333333,11.9,21.549999999999997,1.0,1.0,1.0,1.0,1.0,1.0
1,World,2014,2886.79,86.44,80.51,17.36639726027397,21.689663013698627,2357.0,2357.0,58.925000000000004,39.28333333333333,11.9,21.549999999999997,1.0,1.0,1.0,1.0,1.0,1.0
1,World,2015,2888.5299999999997,86.89,80.81,17.431665753424657,21.784487671232878,2358.0,2358.0,58.95,39.3,11.9,21.549999999999997,1.0,1.0,1.0,1.0,1.0,1.0
1,World,2016,2895.4500000000003,87.54,81.08,17.559090410958905,22.011208219178084,2359.0,2359.0,58.975,39.31666666666666,11.9,21.549999999999997,1.0,1.0,1.0,1.0,1.0,1.0
1,World,2017,2921.17,88.57000000000001,82.65,17.718613698630136,22.279928767123288,2359.0,2359.0,58.975,39.31666666666666,11.9,21.549999999999997,1.0,1.0,1.0,1.0,1.0,1.0
1,World,2018,2926.14,88.86,83.82,17.773468493150684,22.36017808219178,2361.0,2361.0,59.025000000000006,39.349999999999994,11.9,21.549999999999997,1.0,1.0,1.0,1.0,1.0,1.0
1,World,2019,2941.83,89.33999999999999,85.59,17.807583561643835,22.424312328767122,2362.0,2362.0,59.050000000000004,39.36666666666667,11.9,21.549999999999997,1.0,1.0,1.0,1.0,1.0,1.0
1,World,2020,2952.58,90.07,86.17,18.017350684931507,22.712498630136988,2365.0,2365.0,59.125,39.416666666666664,11.9,21.549999999999997,1.0,1.0,1.0,1.0,1.0,1.0
1,World,2021,2974.96,90.91,87.97,18.13619726027397,22.86470684931507,2368.0,2368.0,59.2,39.46666666666667,11.9,21.549999999999997,1.0,1.0,1.0,1.0,1.0,1.0
1,World,2022,2997.68,91.8,88.53,18.26474794520548,23.042734246575343,2371.0,2371.0,59.275000000000006,39.516666666666666,11.9,21.549999999999997,1.0,1.0,1.0,1.0,1.0,1.0
1,World,2023,3015.98,92.51,89.82,18.381619178082193,23.117972602739727,2374.0,2374.0,59.35,39.56666666666666,11.9,21.549999999999997,1.0,1.0,1.0,1.0,1.0,1.0
2,Africa,2010,2548.83,66.0,55.01,14.725558904109588,19.82517808219178,2207.0,2207.0,55.175000000000004,36.78333333333333,11.9,21.549999999999997,1.0,1.0,1.0,1.0,0.9199618599624957,0.9839923719924991
2,Africa,2011,2550.5099999999998,65.92,54.95,14.738547945205479,19.874172602739726,2208.0,2208.0,55.2,36.8,11.9,21.549999999999997,1.0,1.0,1.0,1.0,0.9222353875981313,0.9844470775196262
2,Africa,2012,2549.35,66.50999999999999,54.83,14.764717808219178,20.017279452054794,2210.0,2210.0,55.25,36.833333333333336,11.9,21.549999999999997,1.0,1.0,1.0,1.0,0.9288760766614754,0.9857752153322951
2,Africa,2013,2547.25,66.39,54.83,14.697331506849315,19.946704109589042,2212.0,2212.0,55.300000000000004,36.86666666666667,11.9,21.549999999999997,1.0,1.0,1.0,1.0,0.9256011187744336,0.9851202237548866
2,Africa,2014,2560.98,66.88,55.02,14.761983561643836,19.878728767123285,2214.0,2214.0,55.35,36.9,11.9,21.549999999999997,1.0,1.0,1.0,1.0,0.9224468105393637,0.9844893621078727
2,Africa,2015,2557.15,66.56,54.84,14.691797260273972,19.783698630136985,2217.0,2217.0,55.425000000000004,36.95,11.9,21.549999999999997,1.0,1.0,1.0,1.0,0.9180370594031085,0.9836074118806216
2,Africa,2016,2544.63,66.00999999999999,54.92,14.606838356164383,19.66163287671233,2220.0,2220.0,55.5,37.0,11.9,21.549999999999997,1.0,1.0,1.0,1.0,0.9123727552998762,0.9824745510599753
2,Africa,2017,2558.7400000000002,66.42,55.62,14.643515068493151,19.779438356164384,2224.0,2224.0,55.6,37.06666666666666,11.9,21.549999999999997,1.0,1.0,1.0,1.0,0.9178393668753776,0.9835678733750756
2,Africa,2018,2567.13,66.38,55.58,14.654567123287672,19.765128767123286,2229.0,2229.0,55.725,37.15,11.9,21.549999999999997,1.0,1.0,1.0,1.0,0.9171753488224265,0.9834350697644852
2,Africa,2019,2560.53,65.94,55.879999999999995,14.602312328767123,19.782827397260274,2233.0,2233.0,55.825,37.21666666666667,11.9,21.549999999999997,1.0,1.0,1.0,1.0,0.9179966309633539,0.9835993261926708
2,Africa,2020,2566.87,66.06,57.39,14.661104109589042,19.921953424657534,2238.0,2238.0,55.95,37.3,11.9,21.549999999999997,1.0,1.0,1.0,1.0,0.9244525951117186,0.9848905190223437
2,Africa,2021,2570.5299999999997,65.95,57.0,14.589438356164383,19.72686301369863,2242.0,2242.0,56.050000000000004,37.36666666666667,11.9,21.549999999999997,1.0,1.0,1.0,1.0,0.9153996758096813,0.9830799351619361
2,Africa,2022,2583.42,66.17,57.43,14.636260273972601,19.810646575342467,2247.0,2247.0,56.175000000000004,37.45,11.9,21.549999999999997,1.0,1.0,1.0,1.0,0.9192875440994186,0.9838575088198838
2,Africa,2023,2555.89,65.17,56.19,14.48914794520548,19.519501369863015,2251.0,2251.0,56.275000000000006,37.516666666666666,11.9,21.549999999999997,1.0,1.0,1.0,1.0,0.9057773257477039,0.9811554651495408
4,Afghanistan,2010,2200.2200000000003,65.57000000000001,37.91,16.489558904109586,19.3512,2079.0,2079.0,51.975,34.65,11.9,21.549999999999997,1.0,1.0,1.0,1.0,0.8979675174013921,0.9795935034802785
4,Afghanistan,2011,2171.84,63.77,35.85,15.980432876712328,18.8002301369863,2085.0,2085.0,52.125,34.75,11.9,21.549999999999997,1.0,1.0,1.0,1.0,0.872400470393796,0.9744800940787591
4,Afghanistan,2012,2165.9,62.669999999999995,37.35,15.538109589041095,18.305665753424655,2090.0,2090.0,52.25,34.833333333333336,11.9,21.549999999999997,1.0,1.0,1.0,1.0,0.8494508470266663,0.9698901694053333
4,Afghanistan,2013,2205.39,63.23,38.04,15.68956712328767,18.569419178082192,2096.0,2096.0,52.400000000000006,34.93333333333333,11.9,21.549999999999997,1.0,1.0,1.0,1.0,0.8616899850618188,0.9723379970123638
4,Afghanistan,2014,2270.44,65.53999999999999,41.83,16.172205479452053,18.754999999999995,2101.0,2101.0,52.525000000000006,35.016666666666666,11.9,21.549999999999997,1.0,1.0,1.0,1.0,0.8703016241299303,0.974060324825986
4,Afghanistan,2015,2251.26,63.94,38.910000000000004,15.684649315068492,18.575698630136987,2106.0,2106.0,52.650000000000006,35.099999999999994,11.9,21.549999999999997,1.0,1.0,1.0,1.0,0.8619813749483521,0.9723962749896705
4,Afghanistan,2016,2240.69,64.81,41.58,16.207520547945204,19.69292328767123,2112.0,2112.0,52.800000000000004,35.2,11.9,21.549999999999997,1.0,1.0,1.0,1.0,0.9138247465276674,0.9827649493055335
4,Afghanistan,2017,2307.23,65.33,40.870000000000005,16.282969863013697,19.768454794520547,2116.0,2116.0,52.900000000000006,35.266666666666666,11.9,21.549999999999997,1.0,1.0,1.0,1.0,0.9173296888408607,0.983465937768172
4,Afghanistan,2018,2261.78,62.84,42.019999999999996,15.537578082191779,18.758712328767125,2120.0,2120.0,53.0,35.333333333333336,11.9,21.549999999999997,1.0,1.0,1.0,1.0,0.870473889965992,0.9740947779931984
4,Afghanistan,2019,2223.14,60.82,41.769999999999996,15.319073972602737,18.79261917808219,2124.0,2124.0,53.1,35.4,11.9,21.549999999999997,1.0,1.0,1.0,1.0,0.8720472936465055,0.9744094587293011
4,Afghanistan,2020,2259.98,63.190000000000005,41.85,15.974887671232876,19.797386301369862,2128.0,2128.0,53.2,35.46666666666667,11.9,21.549999999999997,1.0,1.0,1.0,1.0,0.9186722181610146,0.9837344436322029
4,Afghanistan,2021,2244.71,61.31,42.010000000000005,15.486706849315068,18.843024657534247,2132.0,2132.0,53.300000000000004,35.53333333333333,11.9,21.549999999999997,1.0,1.0,1.0,1.0,0.8743862950131902,0.974877259002638
4,Afghanistan,2022,2268.62,61.51,44.55,15.834410958904112,19.212986301369863,2136.0,2136.0,53.400000000000006,35.599999999999994,11.9,21.549999999999997,1.0,1.0,1.0,1.0,0.8915538886946573,0.9783107777389315
4,Afghanistan,2023,2314.64,62.550000000000004,43.32,16.0689095890411,19.760830136986304,2140.0,2140.0,53.5,35.666666666666664,11.9,21.549999999999997,1.0,1.0,1.0,1.0,0.9169758764262788,0.9833951752852558
5,South America,2010,3058.1,91.47,98.62,17.77777808219178,19.836342465753425,2389.0,2389.0,59.725,39.81666666666666,11.9,21.549999999999997,1.0,1.0,1.0,1.0,0.9204799288052635,0.9840959857610526
5,South America,2011,3083.34,92.68,102.02000000000001,17.77170410958904,19.72035616438356,2392.0,2392.0,59.800000000000004,39.86666666666667,11.9,21.549999999999997,1.0,1.0,1.0,1.0,0.9150977338461049,0.983019546769221
5,South America,2012,3072.93,92.32000000000001,103.77000000000001,17.665794520547944,19.53666301369863,2395.0,2395.0,59.875,39.916666666666664,11.9,21.549999999999997,1.0,1.0,1.0,1.0,0.906573689730795,0.981314737946159
5,South America,2013,3091.76,93.84,104.43,17.9412,19.777528767123286,2398.0,2398.0,59.95,39.96666666666667,11.9,21.549999999999997,1.0,1.0,1.0,1.0,0.917750754854909,0.9835501509709819
5,South America,2014,3128.88,95.03,107.21,18.094791780821918,19.941706849315068,2400.0,2400.0,60.0,40.0,11.9,21.549999999999997,1.0,1.0,1.0,1.0,0.925369227346407,0.9850738454692815
5,South America,2015,3098.0,94.24,107.67999999999999,17.785016438356163,19.523482191780822,2402.0,2402.0,60.050000000000004,40.03333333333333,11.9,21.549999999999997,1.0,1.0,1.0,1.0,0.9059620506626833,0.9811924101325367
5,South America,2016,3053.55,92.92,105.81,17.688249315068493,19.510668493150686,2403.0,2403.0,60.075,40.05,11.9,21.549999999999997,1.0,1.0,1.0,1.0,0.9053674474779901,0.9810734894955979
5,South America,2017,3067.11,94.14,106.27,17.750134246575342,19.56578082191781,2405.0,2405.0,60.125,40.083333333333336,11.9,21.549999999999997,1.0,1.0,1.0,1.0,0.9079248641261165,0.9815849728252234
5,South America,2018,3095.45,95.92,108.76,18.09569589041096,19.979939726027396,2406.0,2406.0,60.150000000000006,40.099999999999994,11.9,21.549999999999997,1.0,1.0,1.0,1.0,0.927143374757652,0.9854286749515303
5,South America,2019,3110.24,95.24000000000001,113.88,18.1096301369863,20.10550684931507,2408.0,2408.0,60.2,40.13333333333333,11.9,21.549999999999997,1.0,1.0,1.0,1.0,0.932970155420653,0.9865940310841307
5,South America,2020,3117.31,95.94,116.7,18.167835616438357,20.216361643835615,2410.0,2410.0,60.25,40.166666666666664,11.9,21.549999999999997,1.0,1.0,1.0,1.0,0.9381142294123257,0.9876228458824652
5,South America,2021,3170.36,96.69,119.96,18.375742465753426,20.504060273972602,2413.0,2413.0,60.325,40.21666666666667,11.9,21.549999999999997,1.0,1.0,1.0,1.0,0.9514645138734388,0.9902929027746877
5,South America,2022,3201.5,97.63,121.1,18.650049315068493,20.85865479452055,2415.0,2415.0,60.375,40.25,11.9,21.549999999999997,1.0,1.0,1.0,1.0,0.9679190159870327,0.9935838031974065
5,South America,2023,3204.62,98.67,120.47,18.70720821917808,20.723989041095887,2417.0,2417.0,60.425000000000004,40.28333333333333,11.9,21.549999999999997,1.0,1.0,1.0,1.0,0.961670025108858,0.9923340050217716
8,Albania,2010,3237.42,108.48,104.50999999999999,22.811098630136986,26.935309589041097,2482.0,2482.0,62.050000000000004,41.36666666666667,11.9,21.549999999999997,1.0,1.0,1.0,1.0,1.0,1.0
8,Albania,2011,3282.9100000000003,111.0,104.67999999999999,23.481764383561643,27.7729698630137,2486.0,2486.0,62.150000000000006,41.43333333333333,11.9,21.549999999999997,1.0,1.0,1.0,1.0,1.0,1.0
8,Albania,2012,3324.8,111.63,107.88,23.092369863013694,27.996635616438354,2488.0,2488.0,62.2,41.46666666666667,11.9,21.549999999999997,1.0,1.0,1.0,1.0,1.0,1.0
8,Albania,2013,3317.9700000000003,112.62,107.46000000000001,23.2314,27.991717808219178,2488.0,2488.0,62.2,41.46666666666667,11.9,21.549999999999997,1.0,1.0,1.0,1.0,1.0,1.0
8,Albania,2014,3294.37,111.30000000000001,110.96000000000001,22.912827397260273,27.85651780821918,2486.0,2486.0,62.150000000000006,41.43333333333333,11.9,21.549999999999997,1.0,1.0,1.0,1.0,1.0,1.0
8,Albania,2015,3310.46,113.26,111.81,22.989534246575342,27.726531506849316,2484.0,2484.0,62.1,41.4,11.9,21.549999999999997,1.0,1.0,1.0,1.0,1.0,1.0
8,Albania,2016,3345.05,115.74000000000001,115.84,23.17007397260274,28.488857534246577,2482.0,2482.0,62.050000000000004,41.36666666666667,11.9,21.549999999999997,1.0,1.0,1.0,1.0,1.0,1.0
8,Albania,2017,3354.91,116.31,118.11,23.259512328767123,28.502583561643835,2481.0,2481.0,62.025000000000006,41.349999999999994,11.9,21.549999999999997,1.0,1.0,1.0,1.0,1.0,1.0
8,Albania,2018,3331.89,114.62,116.42,23.12080821917808,28.634158904109587,2480.0,2480.0,62.0,41.333333333333336,11.9,21.549999999999997,1.0,1.0,1.0,1.0,1.0,1.0
8,Albania,2019,3361.17,117.97,114.72,23.86653424657534,29.618542465753425,2479.0,2479.0,61.975,41.31666666666666,11.9,21.549999999999997,1.0,1.0,1.0,1.0,1.0,1.0
8,Albania,2020,3343.06,115.09,111.69,23.683569863013698,30.374627397260273,2478.0,2478.0,61.95,41.3,11.9,21.549999999999997,1.0,1.0,1.0,1.0,1.0,1.0
8,Albania,2021,3068.31,105.17,109.54,20.937424657534248,27.61158904109589,2477.0,2477.0,61.925000000000004,41.28333333333333,11.9,21.549999999999997,1.0,1.0,1.0,1.0,1.0,1.0
8,Albania,2022,3263.49,114.14,117.97,22.433539726027398,28.718602739726027,2477.0,2477.0,61.925000000000004,41.28333333333333,11.9,21.549999999999997,1.0,1.0,1.0,1.0,1.0,1.0
8,Albania,2023,3237.8,113.94,115.37,22.870005479452054,29.34229315068493,2477.0,2477.0,61.925000000000004,41.28333333333333,11.9,21.549999999999997,1.0,1.0,1.0,1.0,1.0,1.0
9,Oceania,2010,3123.2599999999998,104.43,125.88,20.266117808219178,23.54841095890411,2418.0,2418.0,60.45,40.3,11.9,21.549999999999997,1.0,1.0,1.0,1.0,1.0,1.0
9,Oceania,2011,3129.1,104.98,130.37,20.229602739726026,22.963090410958902,2418.0,2418.0,60.45,40.3,11.9,21.549999999999997,1.0,1.0,1.0,1.0,1.0,1.0
9,Oceania,2012,3157.48,104.05,130.53,20.20407397260274,23.148443835616437,2417.0,2417.0,60.425000000000004,40.28333333333333,11.9,21.549999999999997,1.0,1.0,1.0,1.0,1.0,1.0
9,Oceania,2013,3156.2400000000002,103.66,129.5,20.741660273972602,24.155701369863014,2416.0,2416.0,60.400000000000006,40.266666666666666,11.9,21.549999999999997,1.0,1.0,1.0,1.0,1.0,1.0
9,Oceania,2014,3146.9900000000002,103.14,130.97,20.871928767123286,24.466928767123285,2416.0,2416.0,60.400000000000006,40.266666666666666,11.9,21.549999999999997,1.0,1.0,1.0,1.0,1.0,1.0
9,Oceania,2015,3121.74,102.87,130.1,20.87146301369863,24.30494794520548,2416.0,2416.0,60.400000000000006,40.266666666666666,11.9,21.549999999999997,1.0,1.0,1.0,1.0,1.0,1.0
9,Oceania,2016,3127.79,103.86,129.94,21.008712328767125,24.326383561643837,2417.0,2417.0,60.425000000000004,40.28333333333333,11.9,21.549999999999997,1.0,1.0,1.0,1.0,1.0,1.0
9,Oceania,2017,3100.35,101.39999999999999,127.7,20.132802739726028,23.52053698630137,2417.0,2417.0,60.425000000000004,40.28333333333333,11.9,21.549999999999997,1.0,1.0,1.0,1.0,1.0,1.0
9,Oceania,2018,3085.75,102.46000000000001,128.14,20.057816438356163,23.040550684931507,2419.0,2419.0,60.475,40.31666666666666,11.9,21.549999999999997,1.0,1.0,1.0,1.0,1.0,1.0
9,Oceania,2019,3101.69,103.85,128.29,20.360868493150686,23.65567397260274,2421.0,2421.0,60.525000000000006,40.349999999999994,11.9,21.549999999999997,1.0,1.0,1.0,1.0,1.0,1.0
9,Oceania,2020,3101.49,104.28,126.34,20.88375616438356,23.84091506849315,2422.0,2422.0,60.550000000000004,40.36666666666667,11.9,21.549999999999997,1.0,1.0,1.0,1.0,1.0,1.0
9,Oceania,2021,3095.1,100.52,127.6,19.85609589041096,23.260323287671234,2423.0,2423.0,60.575,40.38333333333333,11.9,21.549999999999997,1.0,1.0,1.0,1.0,1.0,1.0
9,Oceania,2022,3133.51,101.92,128.69,20.500731506849313,23.986509589041095,2424.0,2424.0,60.6,40.4,11.9,21.549999999999997,1.0,1.0,1.0,1.0,1.0,1.0
9,Oceania,2023,3137.22,104.89,126.69,20.96163287671233,24.827745205479452,2425.0,2425.0,60.625,40.416666666666664,11.9,21.549999999999997,1.0,1.0,1.0,1.0,1.0,1.0
11,Western Africa,2010,2582.84,64.39,59.08,13.58273698630137,19.565197260273973,2183.0,2183.0,54.575,36.38333333333333,11.9,21.549999999999997,1.0,1.0,1.0,1.0,0.9078977846994885,0.9815795569398977
11,Western Africa,2011,2564.18,63.71,59.18,13.511706849315068,19.611482191780823,2185.0,2185.0,54.625,36.416666666666664,11.9,21.549999999999997,1.0,1.0,1.0,1.0,0.9100455773448178,0.9820091154689635
11,Western Africa,2012,2563.27,63.52,59.330000000000005,13.502638356164384,19.762564383561642,2188.0,2188.0,54.7,36.46666666666667,11.9,21.549999999999997,1.0,1.0,1.0,1.0,0.9170563519054128,0.9834112703810826
11,Western Africa,2013,2555.71,63.12,58.5,13.378235616438356,19.537397260273973,2191.0,2191.0,54.775000000000006,36.516666666666666,11.9,21.549999999999997,1.0,1.0,1.0,1.0,0.9066077614976323,0.9813215522995264
11,Western Africa,2014,2581.13,63.8,59.74,13.515706849315068,19.279046575342466,2194.0,2194.0,54.85,36.56666666666666,11.9,21.549999999999997,1.0,1.0,1.0,1.0,0.8946193306423419,0.9789238661284683
11,Western Africa,2015,2588.35,63.28,58.78,13.435468493150685,19.16494794520548,2198.0,2198.0,54.95,36.63333333333333,11.9,21.549999999999997,1.0,1.0,1.0,1.0,0.8893247306359853,0.9778649461271971
11,Western Africa,2016,2593.54,63.8,58.19,13.608079452054795,19.521383561643837,2203.0,2203.0,55.075,36.71666666666667,11.9,21.549999999999997,1.0,1.0,1.0,1.0,0.9058646664335889,0.9811729332867177
11,Western Africa,2017,2605.51,64.6,59.54,13.680928767123287,19.61687397260274,2209.0,2209.0,55.225,36.81666666666666,11.9,21.549999999999997,1.0,1.0,1.0,1.0,0.9102957759908465,0.9820591551981692
11,Western Africa,2018,2601.95,64.41,58.7,13.704361643835616,19.666876712328765,2215.0,2215.0,55.375,36.916666666666664,11.9,21.549999999999997,1.0,1.0,1.0,1.0,0.912616088739154,0.9825232177478307
11,Western Africa,2019,2620.47,64.76,59.06,13.887191780821919,20.318438356164386,2221.0,2221.0,55.525000000000006,37.016666666666666,11.9,21.549999999999997,1.0,1.0,1.0,1.0,0.9428509678034519,0.9885701935606903
11,Western Africa,2020,2621.12,64.65,59.51,14.193378082191781,20.74993698630137,2227.0,2227.0,55.675000000000004,37.11666666666667,11.9,21.549999999999997,1.0,1.0,1.0,1.0,0.9628741060928712,0.9925748212185741
11,Western Africa,2021,2650.48,64.98,59.37,14.097098630136985,20.519876712328767,2234.0,2234.0,55.85,37.23333333333333,11.9,21.549999999999997,1.0,1.0,1.0,1.0,0.9521984553284811,0.9904396910656962
11,Western Africa,2022,2654.7799999999997,65.07000000000001,59.79,14.083956164383562,20.698986301369864,2241.0,2241.0,56.025000000000006,37.349999999999994,11.9,21.549999999999997,1.0,1.0,1.0,1.0,0.9605098051679752,0.992101961033595
11,Western Africa,2023,2633.84,64.26,60.14,13.897394520547945,20.351246575342465,2247.0,2247.0,56.175000000000004,37.45,11.9,21.549999999999997,1.0,1.0,1.0,1.0,0.9443733909671679,0.9888746781934336
12,Algeria,2010,3213.13,90.1,87.98,22.108424657534247,28.659945205479453,2350.0,2350.0,58.75,39.166666666666664,11.9,21.549999999999997,1.0,1.0,1.0,1.0,1.0,1.0
12,Algeria,2011,3317.02,91.26,97.57,22.172879452054794,28.827468493150686,2344.0,2344.0,58.6,39.06666666666666,11.9,21.549999999999997,1.0,1.0,1.0,1.0,1.0,1.0
12,Algeria,2012,3329.8199999999997,93.97999999999999,91.92999999999999,22.929509589041096,29.589950684931505,2337.0,2337.0,58.425000000000004,38.95,11.9,21.549999999999997,1.0,1.0,1.0,1.0,1.0,1.0
12,Algeria,2013,3405.34,93.81,101.54,22.717890410958905,29.48094794520548,2329.0,2329.0,58.225,38.81666666666666,11.9,21.549999999999997,1.0,1.0,1.0,1.0,1.0,1.0
12,Algeria,2014,3398.19,93.87,101.4,22.59832602739726,29.265912328767122,2322.0,2322.0,58.050000000000004,38.7,11.9,21.549999999999997,1.0,1.0,1.0,1.0,1.0,1.0
12,Algeria,2015,3384.2200000000003,93.78999999999999,97.3,22.695942465753426,29.58730410958904,2314.0,2314.0,57.85,38.56666666666666,11.9,21.549999999999997,1.0,1.0,1.0,1.0,1.0,1.0
12,Algeria,2016,3413.25,92.74,104.25999999999999,22.340676712328765,29.135734246575343,2308.0,2308.0,57.7,38.46666666666667,11.9,21.549999999999997,1.0,1.0,1.0,1.0,1.0,1.0
12,Algeria,2017,3349.8799999999997,91.19,100.33999999999999,21.96058630136986,28.699164383561648,2303.0,2303.0,57.575,38.38333333333333,11.9,21.549999999999997,1.0,1.0,1.0,1.0,1.0,1.0
12,Algeria,2018,3346.01,93.22999999999999,90.86,22.88249315068493,30.140657534246575,2300.0,2300.0,57.5,38.333333333333336,11.9,21.549999999999997,1.0,1.0,1.0,1.0,1.0,1.0
12,Algeria,2019,3431.0899999999997,94.61,95.66,23.19254794520548,30.545098630136987,2298.0,2298.0,57.45,38.3,11.9,21.549999999999997,1.0,1.0,1.0,1.0,1.0,1.0
12,Algeria,2020,3457.51,92.84,99.02,23.200575342465754,30.756602739726027,2298.0,2298.0,57.45,38.3,11.9,21.549999999999997,1.0,1.0,1.0,1.0,1.0,1.0
12,Algeria,2021,3453.55,94.11,97.72999999999999,22.916712328767126,30.35769315068493,2299.0,2299.0,57.475,38.31666666666666,11.9,21.549999999999997,1.0,1.0,1.0,1.0,1.0,1.0
12,Algeria,2022,3417.1200000000003,95.34,98.47,22.67181095890411,29.882238356164383,2303.0,2303.0,57.575,38.38333333333333,11.9,21.549999999999997,1.0,1.0,1.0,1.0,1.0,1.0
12,Algeria,2023,3395.98,93.58,101.77999999999999,22.189413698630137,29.99323287671233,2307.0,2307.0,57.675000000000004,38.45,11.9,21.549999999999997,1.0,1.0,1.0,1.0,1.0,1.0
13,Central America,2010,2994.25,85.22,86.49,17.313087671232875,20.945257534246576,2323.0,2323.0,58.075,38.71666666666667,11.9,21.549999999999997,1.0,1.0,1.0,1.0,0.9719377046054096,0.9943875409210818
13,Central America,2011,2981.11,84.74,87.13,17.268668493150685,20.915531506849316,2327.0,2327.0,58.175000000000004,38.78333333333333,11.9,21.549999999999997,1.0,1.0,1.0,1.0,0.970558306582335,0.994111661316467
13,Central America,2012,2986.44,85.21,87.16,17.27387123287671,21.05191780821918,2332.0,2332.0,58.300000000000004,38.86666666666667,11.9,21.549999999999997,1.0,1.0,1.0,1.0,0.9768871372723519,0.9953774274544704
13,Central America,2013,2980.32,86.12,87.46,17.27094794520548,21.09958630136986,2335.0,2335.0,58.375,38.916666666666664,11.9,21.549999999999997,1.0,1.0,1.0,1.0,0.9790991323141468,0.9958198264628294
13,Central America,2014,3003.87,86.62,87.29,17.613920547945206,21.297153424657534,2338.0,2338.0,58.45,38.96666666666667,11.9,21.549999999999997,1.0,1.0,1.0,1.0,0.9882669802625307,0.9976533960525062
13,Central America,2015,3019.36,87.1,88.05,17.526583561643836,21.102326027397257,2342.0,2342.0,58.550000000000004,39.03333333333333,11.9,21.549999999999997,1.0,1.0,1.0,1.0,0.9792262657724947,0.9958452531544989
13,Central America,2016,3052.52,88.1,90.18,17.61865205479452,21.28551780821918,2345.0,2345.0,58.625,39.083333333333336,11.9,21.549999999999997,1.0,1.0,1.0,1.0,0.9877270444649272,0.9975454088929855
13,Central America,2017,3068.38,88.77,90.78,17.86846575342466,21.586356164383563,2349.0,2349.0,58.725,39.15,11.9,21.549999999999997,1.0,1.0,1.0,1.0,1.0,1.0
13,Central America,2018,3076.75,90.2,92.27,17.962260273972603,21.74240821917808,2353.0,2353.0,58.825,39.21666666666667,11.9,21.549999999999997,1.0,1.0,1.0,1.0,1.0,1.0
13,Central America,2019,3110.51,91.19,94.15,18.210205479452053,21.72841095890411,2356.0,2356.0,58.900000000000006,39.266666666666666,11.9,21.549999999999997,1.0,1.0,1.0,1.0,1.0,1.0
13,Central America,2020,3114.34,91.06,95.57000000000001,18.134186301369862,21.769931506849318,2360.0,2360.0,59.0,39.333333333333336,11.9,21.549999999999997,1.0,1.0,1.0,1.0,1.0,1.0
13,Central America,2021,3134.05,91.86,99.02,18.134287671232876,21.632005479452054,2363.0,2363.0,59.075,39.38333333333333,11.9,21.549999999999997,1.0,1.0,1.0,1.0,1.0,1.0
13,Central America,2022,3136.26,92.81,99.89,18.326964383561645,21.67644383561644,2367.0,2367.0,59.175000000000004,39.45,11.9,21.549999999999997,1.0,1.0,1.0,1.0,1.0,1.0
13,Central America,2023,3169.44,93.69,102.13000000000001,18.518265753424657,21.963375342465753,2370.0,2370.0,59.25,39.5,11.9,21.549999999999997,1.0,1.0,1.0,1.0,1.0,1.0
14,Eastern Africa,2010,2185.48,58.93,41.51,13.15302191780822,17.905854794520547,2152.0,2152.0,53.800000000000004,35.86666666666667,11.9,21.549999999999997,1.0,1.0,1.0,1.0,0.8308981343164988,0.9661796268632997
14,Eastern Africa,2011,2201.14,59.49,41.56,13.25053698630137,18.079972602739726,2157.0,2157.0,53.925000000000004,35.95,11.9,21.549999999999997,1.0,1.0,1.0,1.0,0.838977846994883,0.9677955693989766
14,Eastern Africa,2012,2215.22,60.300000000000004,41.59,13.36646301369863,18.302767123287673,2163.0,2163.0,54.075,36.05,11.9,21.549999999999997,1.0,1.0,1.0,1.0,0.8493163398277344,0.9698632679655468
14,Eastern Africa,2013,2230.38,60.43,42.95,13.315216438356163,18.3356,2169.0,2169.0,54.225,36.15,11.9,21.549999999999997,1.0,1.0,1.0,1.0,0.8508399071925755,0.9701679814385151
14,Eastern Africa,2014,2246.59,60.29,41.88,13.300517808219178,18.160331506849314,2175.0,2175.0,54.375,36.25,11.9,21.549999999999997,1.0,1.0,1.0,1.0,0.8427067984616852,0.968541359692337
14,Eastern Africa,2015,2256.11,60.77,43.57,13.313734246575343,18.201654794520547,2181.0,2181.0,54.525000000000006,36.349999999999994,11.9,21.549999999999997,1.0,1.0,1.0,1.0,0.8446243524139466,0.9689248704827893
14,Eastern Africa,2016,2223.36,59.91,42.449999999999996,13.183558904109589,17.854583561643835,2188.0,2188.0,54.7,36.46666666666667,11.9,21.549999999999997,1.0,1.0,1.0,1.0,0.8285189587769762,0.9657037917553952
14,Eastern Africa,2017,2263.8199999999997,60.54,44.39,13.334561643835617,18.178838356164384,2194.0,2194.0,54.85,36.56666666666666,11.9,21.549999999999997,1.0,1.0,1.0,1.0,0.8435655849728254,0.9687131169945651
14,Eastern Africa,2018,2291.22,60.19,43.97,13.281923287671233,18.03410410958904,2201.0,2201.0,55.025000000000006,36.68333333333333,11.9,21.549999999999997,1.0,1.0,1.0,1.0,0.8368493786352225,0.9673698757270446
14,Eastern Africa,2019,2265.2,59.57,43.77,13.156898630136986,17.778613698630135,2207.0,2207.0,55.175000000000004,36.78333333333333,11.9,21.549999999999997,1.0,1.0,1.0,1.0,0.8249936751104472,0.9649987350220893
14,Eastern Africa,2020,2321.6,60.73,47.73,13.318227397260275,18.119041095890413,2214.0,2214.0,55.35,36.9,11.9,21.549999999999997,1.0,1.0,1.0,1.0,0.8407907701109242,0.9681581540221849
14,Eastern Africa,2021,2320.06,60.36,47.85,13.27649589041096,17.91928493150685,2219.0,2219.0,55.475,36.98333333333333,11.9,21.549999999999997,1.0,1.0,1.0,1.0,0.8315213425293203,0.966304268505864
14,Eastern Africa,2022,2356.46,61.4,48.47,13.484167123287673,18.129682191780823,2225.0,2225.0,55.625,37.083333333333336,11.9,21.549999999999997,1.0,1.0,1.0,1.0,0.8412845564631474,0.9682569112926295
14,Eastern Africa,2023,2347.02,61.169999999999995,46.98,13.552339726027396,18.211079452054793,2229.0,2229.0,55.725,37.15,11.9,21.549999999999997,1.0,1.0,1.0,1.0,0.8450616915106633,0.9690123383021326
15,Northern Africa,2010,3265.2599999999998,93.35,72.97,22.230994520547945,28.708347945205478,2320.0,2320.0,58.0,38.666666666666664,11.9,21.549999999999997,1.0,1.0,1.0,1.0,1.0,1.0
15,Northern Africa,2011,3269.56,92.87,72.64,22.226928767123287,28.628394520547943,2318.0,2318.0,57.95,38.63333333333333,11.9,21.549999999999997,1.0,1.0,1.0,1.0,1.0,1.0
15,Northern Africa,2012,3134.49,90.72,68.67,21.04311506849315,27.409164383561645,2316.0,2316.0,57.900000000000006,38.599999999999994,11.9,21.549999999999997,1.0,1.0,1.0,1.0,1.0,1.0
15,Northern Africa,2013,3124.39,90.69,67.98,21.038797260273974,27.385449315068495,2315.0,2315.0,57.875,38.583333333333336,11.9,21.549999999999997,1.0,1.0,1.0,1.0,1.0,1.0
15,Northern Africa,2014,3128.5099999999998,91.18,68.7,21.08309315068493,27.546865753424655,2313.0,2313.0,57.825,38.55,11.9,21.549999999999997,1.0,1.0,1.0,1.0,1.0,1.0
15,Northern Africa,2015,3119.0299999999997,91.08,66.92,21.02942191780822,27.44170684931507,2311.0,2311.0,57.775000000000006,38.516666666666666,11.9,21.549999999999997,1.0,1.0,1.0,1.0,1.0,1.0
15,Northern Africa,2016,3120.5600000000004,89.72,70.77,20.7162602739726,27.09690410958904,2310.0,2310.0,57.75,38.5,11.9,21.549999999999997,1.0,1.0,1.0,1.0,1.0,1.0
15,Northern Africa,2017,3096.77,89.97,68.96,20.58595890410959,27.06393424657534,2311.0,2311.0,57.775000000000006,38.516666666666666,11.9,21.549999999999997,1.0,1.0,1.0,1.0,1.0,1.0
15,Northern Africa,2018,3114.3,90.71000000000001,72.11,20.748504109589042,27.27651780821918,2312.0,2312.0,57.800000000000004,38.53333333333333,11.9,21.549999999999997,1.0,1.0,1.0,1.0,1.0,1.0
15,Northern Africa,2019,3122.99,90.15,73.55,20.75717808219178,27.199868493150685,2315.0,2315.0,57.875,38.583333333333336,11.9,21.549999999999997,1.0,1.0,1.0,1.0,1.0,1.0
15,Northern Africa,2020,3107.22,89.41,72.75,20.48948219178082,26.95990410958904,2318.0,2318.0,57.95,38.63333333333333,11.9,21.549999999999997,1.0,1.0,1.0,1.0,1.0,1.0
15,Northern Africa,2021,3097.88,89.62,72.92,20.408293150684933,26.75254794520548,2322.0,2322.0,58.050000000000004,38.7,11.9,21.549999999999997,1.0,1.0,1.0,1.0,1.0,1.0
15,Northern Africa,2022,3090.67,89.11999999999999,72.52,20.255627397260273,26.757490410958905,2326.0,2326.0,58.150000000000006,38.766666666666666,11.9,21.549999999999997,1.0,1.0,1.0,1.0,1.0,1.0
15,Northern Africa,2023,3023.2000000000003,86.69,69.85,19.78819726027397,25.81349315068493,2331.0,2331.0,58.275000000000006,38.849999999999994,11.9,21.549999999999997,1.0,1.0,1.0,1.0,1.0,1.0
17,Middle Africa,2010,2316.27,46.33,42.96,10.775438356164385,13.883008219178082,2151.0,2151.0,53.775000000000006,35.849999999999994,11.9,21.549999999999997,1.0,0.8615527661552765,1.0,0.9054990215264188,0.6442231192194007,0.8822549813802192
17,Middle Africa,2011,2338.91,47.27,43.47,10.9108301369863,14.041504109589042,2151.0,2151.0,53.775000000000006,35.849999999999994,11.9,21.549999999999997,1.0,0.8790330079033007,1.0,0.9168764820996891,0.651577916918285,0.889497481384255
17,Middle Africa,2012,2320.09,47.0,42.79,10.829057534246575,13.956528767123288,2151.0,2151.0,53.775000000000006,35.849999999999994,11.9,21.549999999999997,1.0,0.8740120874012086,1.0,0.9100048348106365,0.6476347455741666,0.8863303335572024
17,Middle Africa,2013,2317.63,47.19,43.36,10.836049315068493,14.025391780821918,2151.0,2151.0,53.775000000000006,35.849999999999994,11.9,21.549999999999997,1.0,0.8775453277545326,1.0,0.9105923794175204,0.6508302450497411,0.8877935904443588
17,Middle Africa,2014,2338.73,48.63,44.89,11.01390410958904,14.358142465753424,2152.0,2152.0,53.800000000000004,35.86666666666667,11.9,21.549999999999997,1.0,0.903903345724907,1.0,0.9255381604696672,0.666271112099927,0.8991425236589002
17,Middle Africa,2015,2305.38,47.45,44.37,10.873624657534247,14.17966301369863,2153.0,2153.0,53.825,35.88333333333333,11.9,21.549999999999997,1.0,0.8815606130980028,1.0,0.9137499712213653,0.6579890029558529,0.8906599174550441
17,Middle Africa,2016,2277.98,46.42,43.3,10.63258904109589,13.878046575342466,2154.0,2154.0,53.85,35.9,11.9,21.549999999999997,1.0,0.8620241411327763,1.0,0.893494877403016,0.6439928805263326,0.8799023798124249
17,Middle Africa,2017,2296.39,46.83,43.49,10.774553424657535,13.989950684931507,2155.0,2155.0,53.875,35.916666666666664,11.9,21.549999999999997,1.0,0.8692343387470998,1.0,0.9054246575342466,0.6491856466325526,0.8847689285827798
17,Middle Africa,2018,2288.36,46.54,42.52,10.708356164383563,13.8504,2156.0,2156.0,53.900000000000006,35.93333333333333,11.9,21.549999999999997,1.0,0.8634508348794062,1.0,0.8998618625532405,0.642709976798144,0.8812045348461581
17,Middle Africa,2019,2286.65,45.6,42.449999999999996,10.547972602739726,13.616816438356164,2157.0,2157.0,53.925000000000004,35.95,11.9,21.549999999999997,1.0,0.8456189151599444,1.0,0.8863842523310694,0.6318708324063186,0.8727747999794664
17,Middle Africa,2020,2239.13,44.81,42.02,10.455824657534247,13.393980821917808,2158.0,2158.0,53.95,35.96666666666667,11.9,21.549999999999997,1.0,0.8305838739573679,1.0,0.8786407275238863,0.6215304325715921,0.8661510068105691
17,Middle Africa,2021,2249.32,45.25,40.26,10.560838356164384,13.469871232876713,2160.0,2160.0,54.0,36.0,11.9,21.549999999999997,1.0,0.8379629629629629,1.0,0.8874654080810406,0.625052029367829,0.8700960800823665
17,Middle Africa,2022,2252.52,45.24,39.85,10.707649315068494,13.290175342465753,2162.0,2162.0,54.050000000000004,36.03333333333333,11.9,21.549999999999997,1.0,0.8370027752081406,1.0,0.8998024634511339,0.6167134729682485,0.8707037423255045
17,Middle Africa,2023,2229.87,44.29,39.269999999999996,10.605005479452055,13.124843835616439,2165.0,2165.0,54.125,36.083333333333336,11.9,21.549999999999997,1.0,0.8182909930715935,1.0,0.8911769310463912,0.6090414772907861,0.8637018802817542
18,Southern Africa,2010,2807.15,77.2,82.37,16.49348219178082,19.22615890410959,2375.0,2375.0,59.375,39.583333333333336,11.9,21.549999999999997,1.0,1.0,1.0,1.0,0.8921651463623941,0.9784330292724789
18,Southern Africa,2011,2813.79,77.67,81.67,16.55925205479452,19.065687671232876,2372.0,2372.0,59.300000000000004,39.53333333333333,11.9,21.549999999999997,1.0,1.0,1.0,1.0,0.8847186854400407,0.9769437370880082
18,Southern Africa,2012,2834.31,78.11,84.39,16.619753424657535,19.127545205479453,2369.0,2369.0,59.225,39.48333333333333,11.9,21.549999999999997,1.0,1.0,1.0,1.0,0.8875891046626198,0.977517820932524
18,Southern Africa,2013,2814.92,77.96,83.55,16.55065479452055,18.97674794520548,2368.0,2368.0,59.2,39.46666666666667,11.9,21.549999999999997,1.0,1.0,1.0,1.0,0.880591551981693,0.9761183103963387
18,Southern Africa,2014,2783.49,78.98,80.67,16.697783561643835,19.039542465753424,2366.0,2366.0,59.150000000000006,39.43333333333333,11.9,21.549999999999997,1.0,1.0,1.0,1.0,0.8835054508470268,0.9767010901694053
18,Southern Africa,2015,2749.02,77.78,80.37,16.49078904109589,18.676884931506848,2365.0,2365.0,59.125,39.416666666666664,11.9,21.549999999999997,1.0,1.0,1.0,1.0,0.8666767949655151,0.973335358993103
18,Southern Africa,2016,2764.1099999999997,78.61,81.89,16.67372602739726,18.76064109589041,2361.0,2361.0,59.025000000000006,39.349999999999994,11.9,21.549999999999997,1.0,1.0,1.0,1.0,0.8705633919206688,0.9741126783841338
18,Southern Africa,2017,2782.17,77.51,82.8,16.44454794520548,18.622090410958904,2362.0,2362.0,59.050000000000004,39.36666666666667,11.9,21.549999999999997,1.0,1.0,1.0,1.0,0.8641341257985572,0.9728268251597114
18,Southern Africa,2018,2773.8399999999997,78.39,81.61,16.579249315068495,18.77113698630137,2368.0,2368.0,59.2,39.46666666666667,11.9,21.549999999999997,1.0,1.0,1.0,1.0,0.8710504401995998,0.9742100880399199
18,Southern Africa,2019,2738.39,77.47,84.7,16.127561643835616,18.318613698630138,2373.0,2373.0,59.325,39.55,11.9,21.549999999999997,1.0,1.0,1.0,1.0,0.8500516797508185,0.9700103359501637
18,Southern Africa,2020,2708.77,79.5,91.28999999999999,15.986720547945206,18.225810958904113,2376.0,2376.0,59.400000000000006,39.599999999999994,11.9,21.549999999999997,1.0,1.0,1.0,1.0,0.8457452881162002,0.96914905762324
18,Southern Africa,2021,2647.5699999999997,77.63,89.29,15.615824657534247,17.7967698630137,2378.0,2378.0,59.45,39.63333333333333,11.9,21.549999999999997,1.0,1.0,1.0,1.0,0.8258361885389189,0.9651672377077837
18,Southern Africa,2022,2685.28,77.01,94.46,15.64673698630137,17.731602739726025,2380.0,2380.0,59.5,39.666666666666664,11.9,21.549999999999997,1.0,1.0,1.0,1.0,0.8228121920986555,0.9645624384197312
18,Southern Africa,2023,2661.64,77.11,90.81,15.672520547945204,17.77443835616438,2381.0,2381.0,59.525000000000006,39.68333333333333,11.9,21.549999999999997,1.0,1.0,1.0,1.0,0.824799923719925,0.964959984743985
21,Northern America,2010,3711.57,118.25,160.14,22.492583561643837,23.97953698630137,2553.0,2553.0,63.825,42.55,11.9,21.549999999999997,1.0,1.0,1.0,1.0,1.0,1.0
21,Northern America,2011,3709.25,116.23,161.88,22.03521917808219,23.583517808219177,2553.0,2553.0,63.825,42.55,11.9,21.549999999999997,1.0,1.0,1.0,1.0,1.0,1.0
21,Northern America,2012,3738.91,117.0,161.4,22.2647698630137,23.93247123287671,2553.0,2553.0,63.825,42.55,11.9,21.549999999999997,1.0,1.0,1.0,1.0,1.0,1.0
21,Northern America,2013,3724.11,116.64,160.46,22.208090410958903,23.779778082191783,2554.0,2554.0,63.85,42.56666666666666,11.9,21.549999999999997,1.0,1.0,1.0,1.0,1.0,1.0
21,Northern America,2014,3706.2599999999998,115.83,161.4,22.057342465753425,23.525378082191782,2555.0,2555.0,63.875,42.583333333333336,11.9,21.549999999999997,1.0,1.0,1.0,1.0,1.0,1.0
21,Northern America,2015,3713.69,116.52,162.22,22.023616438356164,23.492723287671232,2555.0,2555.0,63.875,42.583333333333336,11.9,21.549999999999997,1.0,1.0,1.0,1.0,1.0,1.0
21,Northern America,2016,3736.28,117.87,163.07,22.241073972602738,23.795213698630135,2555.0,2555.0,63.875,42.583333333333336,11.9,21.549999999999997,1.0,1.0,1.0,1.0,1.0,1.0
21,Northern America,2017,3744.02,118.64999999999999,163.94,22.45861369863014,24.022676712328767,2555.0,2555.0,63.875,42.583333333333336,11.9,21.549999999999997,1.0,1.0,1.0,1.0,1.0,1.0
21,Northern America,2018,3768.8,120.36,168.25,22.785093150684933,24.21248767123288,2556.0,2556.0,63.900000000000006,42.599999999999994,11.9,21.549999999999997,1.0,1.0,1.0,1.0,1.0,1.0
21,Northern America,2019,3793.43,121.37,170.88,23.105161643835615,24.49841095890411,2558.0,2558.0,63.95,42.63333333333333,11.9,21.549999999999997,1.0,1.0,1.0,1.0,1.0,1.0
21,Northern America,2020,3824.06,123.49,173.1,23.629575342465753,25.171120547945204,2559.0,2559.0,63.975,42.65,11.9,21.549999999999997,1.0,1.0,1.0,1.0,1.0,1.0
21,Northern America,2021,3845.72,120.29,176.8,23.43481095890411,24.960487671232876,2561.0,2561.0,64.025,42.68333333333333,11.9,21.549999999999997,1.0,1.0,1.0,1.0,1.0,1.0
21,Northern America,2022,3900.71,122.32000000000001,178.68,23.810665753424658,25.60807123287671,2561.0,2561.0,64.025,42.68333333333333,11.9,21.549999999999997,1.0,1.0,1.0,1.0,1.0,1.0
21,Northern America,2023,3910.64,122.02,181.69,23.74615890410959,25.34669589041096,2562.0,2562.0,64.05,42.7,11.9,21.549999999999997,1.0,1.0,1.0,1.0,1.0,1.0
24,Angola,2010,2430.5,48.22,54.230000000000004,11.110298630136986,13.69091506849315,2133.0,2133.0,53.325,35.55,11.9,21.549999999999997,1.0,0.9042662916080637,1.0,0.9336385403476459,0.6353092839207959,0.8946428231753011
24,Angola,2011,2494.62,51.17,57.03,11.593638356164384,14.248638356164383,2133.0,2133.0,53.325,35.55,11.9,21.549999999999997,1.0,0.9595874355368026,1.0,0.9742553240474272,0.6611897149032198,0.9190064948974899
24,Angola,2012,2440.34,52.65,53.66,11.532654794520548,13.998284931506848,2133.0,2133.0,53.325,35.55,11.9,21.549999999999997,1.0,0.9873417721518987,1.0,0.9691306550017267,0.6495723866128469,0.9212089627532943
24,Angola,2013,2517.06,54.03,56.019999999999996,11.960353424657534,14.689315068493151,2134.0,2134.0,53.35,35.56666666666666,11.9,21.549999999999997,1.0,1.0,1.0,1.0,0.6816387502781046,0.936327750055621
24,Angola,2014,2549.7,59.660000000000004,62.47,12.514276712328767,15.547073972602739,2134.0,2134.0,53.35,35.56666666666666,11.9,21.549999999999997,1.0,1.0,1.0,1.0,0.7214419476845819,0.9442883895369164
24,Angola,2015,2468.88,53.93,58.27,11.961331506849316,15.084046575342466,2135.0,2135.0,53.375,35.583333333333336,11.9,21.549999999999997,1.0,1.0,1.0,1.0,0.6999557575564951,0.939991151511299
24,Angola,2016,2429.07,50.78,56.97,11.44712602739726,14.323594520547946,2136.0,2136.0,53.400000000000006,35.599999999999994,11.9,21.549999999999997,1.0,0.9509363295880149,1.0,0.9619433636468285,0.66466795919016,0.9155095304850007
24,Angola,2017,2449.82,52.92,58.589999999999996,11.881791780821919,14.92967397260274,2138.0,2138.0,53.45,35.63333333333333,11.9,21.549999999999997,1.0,0.9900841908325537,1.0,0.9984698975480604,0.6927922957124243,0.9362692768186077
24,Angola,2018,2449.55,51.97,55.870000000000005,11.924641095890411,14.836161643835617,2140.0,2140.0,53.5,35.666666666666664,11.9,21.549999999999997,1.0,0.9714018691588785,1.0,1.0,0.6884529765120937,0.9319709691341945
24,Angola,2019,2425.23,48.66,54.46,11.195172602739726,13.91505205479452,2143.0,2143.0,53.575,35.71666666666667,11.9,21.549999999999997,1.0,0.9082594493700419,1.0,0.9407708069529181,0.6457100721482377,0.8989480656942396
24,Angola,2020,2390.12,46.63,51.41,11.103339726027398,13.755739726027397,2145.0,2145.0,53.625,35.75,11.9,21.549999999999997,1.0,0.8695571095571096,1.0,0.9330537584896973,0.6383173886787656,0.8881856513451145
24,Angola,2021,2406.2200000000003,49.16,51.17,11.451893150684931,14.702342465753425,2148.0,2148.0,53.7,35.8,11.9,21.549999999999997,1.0,0.9154562383612662,1.0,0.9623439622424311,0.6822432698725488,0.9120086940952492
24,Angola,2022,2426.98,49.67,51.32,11.379638356164383,14.301408219178082,2151.0,2151.0,53.775000000000006,35.849999999999994,11.9,21.549999999999997,1.0,0.9236634123663412,1.0,0.9562721307701162,0.6636384324444586,0.9087147951161831
24,Angola,2023,2399.32,47.449999999999996,49.559999999999995,11.247942465753425,14.246331506849316,2154.0,2154.0,53.85,35.9,11.9,21.549999999999997,1.0,0.8811513463324048,1.0,0.9452052492229769,0.6610826685312908,0.8974878528173346
28,Antigua and Barbuda,2010,2320.03,96.08,92.52,14.460246575342465,17.443323287671234,2449.0,2449.0,61.225,40.81666666666666,11.9,21.549999999999997,0.947337688852593,1.0,1.0,1.0,0.8094349553443729,0.9513545288393932
28,Antigua and Barbuda,2011,2370.56,92.28999999999999,92.67,15.992942465753424,19.494476712328765,2454.0,2454.0,61.35,40.9,11.9,21.549999999999997,0.9659983700081499,1.0,1.0,1.0,0.904616088739154,0.9741228917494608
28,Antigua and Barbuda,2012,2418.25,98.4,94.92,18.2474,27.65681095890411,2459.0,2459.0,61.475,40.98333333333333,11.9,21.549999999999997,0.983428222854819,1.0,1.0,1.0,1.0,0.9966856445709638
28,Antigua and Barbuda,2013,2448.44,91.38,94.97,15.852383561643835,19.47528493150685,2465.0,2465.0,61.625,41.083333333333336,11.9,21.549999999999997,0.9932819472616633,1.0,1.0,1.0,0.903725518863427,0.9794014932250181
28,Antigua and Barbuda,2014,2411.41,91.48,94.78,15.752471232876712,19.202049315068493,2471.0,2471.0,61.775000000000006,41.18333333333333,11.9,21.549999999999997,0.9758842573856737,1.0,1.0,1.0,0.8910463719289325,0.9733861258629213
28,Antigua and Barbuda,2015,2420.04,93.2,94.99,15.81063287671233,19.267917808219178,2475.0,2475.0,61.875,41.25,11.9,21.549999999999997,0.9777939393939393,1.0,1.0,1.0,0.8941029145345327,0.9743793707856945
28,Antigua and Barbuda,2016,2407.07,83.85,92.21,15.379065753424658,18.902624657534247,2479.0,2479.0,61.975,41.31666666666666,11.9,21.549999999999997,0.9709842678499395,1.0,1.0,1.0,0.8771519562660904,0.969627244823206
28,Antigua and Barbuda,2017,2448.39,95.4,93.77,16.52786301369863,20.665109589041098,2483.0,2483.0,62.075,41.38333333333333,11.9,21.549999999999997,0.9860612162706403,1.0,1.0,1.0,0.9589377999555035,0.9889998032452288
28,Antigua and Barbuda,2018,2489.84,95.5,95.53,17.063490410958902,21.926046575342465,2487.0,2487.0,62.175000000000004,41.45,11.9,21.549999999999997,1.0,1.0,1.0,1.0,1.0,1.0
28,Antigua and Barbuda,2019,2465.13,93.53999999999999,93.10000000000001,16.16542191780822,20.456580821917807,2490.0,2490.0,62.25,41.5,11.9,21.549999999999997,0.9900120481927711,1.0,1.0,1.0,0.9492612910402696,0.9878546678466081
28,Antigua and Barbuda,2020,2430.25,89.63,93.51,15.677632876712329,18.512854794520546,2492.0,2492.0,62.300000000000004,41.53333333333333,11.9,21.549999999999997,0.9752207062600321,1.0,1.0,1.0,0.8590651876807679,0.96685717878816
28,Antigua and Barbuda,2021,2457.81,95.6,98.15,16.71849589041096,21.109498630136986,2492.0,2492.0,62.300000000000004,41.53333333333333,11.9,21.549999999999997,0.9862800963081861,1.0,1.0,1.0,0.9795591011664496,0.9931678394949272
28,Antigua and Barbuda,2022,2512.11,98.75,98.16,17.118556164383563,21.584413698630136,2492.0,2492.0,62.300000000000004,41.53333333333333,11.9,21.549999999999997,1.0,1.0,1.0,1.0,1.0,1.0
28,Antigua and Barbuda,2023,2544.25,98.1,104.67,17.340583561643836,21.646676712328766,2492.0,2492.0,62.300000000000004,41.53333333333333,11.9,21.549999999999997,1.0,1.0,1.0,1.0,1.0,1.0
29,Caribbean,2010,2710.86,71.17,72.69,14.27601917808219,18.16032876712329,2396.0,2396.0,59.900000000000006,39.93333333333333,11.9,21.549999999999997,1.0,1.0,1.0,1.0,0.842706671328227,0.9685413342656453
29,Caribbean,2011,2743.33,72.48,73.42,14.46471506849315,18.91901095890411,2399.0,2399.0,59.975,39.98333333333333,11.9,21.549999999999997,1.0,1.0,1.0,1.0,0.8779123414804693,0.9755824682960939
29,Caribbean,2012,2748.56,71.69,75.41,14.251638356164383,19.04196712328767,2401.0,2401.0,60.025000000000006,40.016666666666666,11.9,21.549999999999997,1.0,1.0,1.0,1.0,0.8836179639576646,0.976723592791533
29,Caribbean,2013,2762.54,72.69,75.32,14.21454794520548,18.930273972602738,2404.0,2404.0,60.1,40.06666666666666,11.9,21.549999999999997,1.0,1.0,1.0,1.0,0.8784349871277374,0.9756869974255474
29,Caribbean,2014,2805.57,73.91,77.88,14.643054794520548,19.278871232876714,2407.0,2407.0,60.175000000000004,40.11666666666667,11.9,21.549999999999997,1.0,1.0,1.0,1.0,0.8946111941010078,0.9789222388202015
29,Caribbean,2015,2814.96,73.81,76.78,14.78228493150685,18.993975342465752,2409.0,2409.0,60.225,40.15,11.9,21.549999999999997,1.0,1.0,1.0,1.0,0.8813909671677844,0.9762781934335569
29,Caribbean,2016,2854.94,76.74,79.79,15.120375342465753,19.642687671232878,2411.0,2411.0,60.275000000000006,40.18333333333333,11.9,21.549999999999997,1.0,1.0,1.0,1.0,0.9114936274354005,0.9822987254870801
29,Caribbean,2017,2870.62,77.13,80.67999999999999,15.29922191780822,19.709769863013697,2412.0,2412.0,60.300000000000004,40.2,11.9,21.549999999999997,1.0,1.0,1.0,1.0,0.9146064901630487,0.9829212980326097
29,Caribbean,2018,2867.65,77.65,80.28999999999999,15.425372602739726,19.8396602739726,2414.0,2414.0,60.35,40.23333333333333,11.9,21.549999999999997,1.0,1.0,1.0,1.0,0.9206338874233226,0.9841267774846646
29,Caribbean,2019,2863.24,76.79,79.78999999999999,15.199213698630137,19.525638356164386,2415.0,2415.0,60.375,40.25,11.9,21.549999999999997,1.0,1.0,1.0,1.0,0.9060621046944032,0.9812124209388806
29,Caribbean,2020,2791.91,75.22,77.42,14.812164383561644,18.951835616438355,2417.0,2417.0,60.425000000000004,40.28333333333333,11.9,21.549999999999997,1.0,1.0,1.0,1.0,0.8794355274449354,0.9758871054889872
29,Caribbean,2021,2757.53,73.89,76.68,14.605054794520548,18.688679452054796,2419.0,2419.0,60.475,40.31666666666666,11.9,21.549999999999997,1.0,1.0,1.0,1.0,0.8672241045037029,0.9734448209007406
29,Caribbean,2022,2683.5099999999998,73.02,78.17999999999999,14.26372602739726,18.306923287671232,2421.0,2421.0,60.525000000000006,40.349999999999994,11.9,21.549999999999997,1.0,1.0,1.0,1.0,0.849509201284048,0.9699018402568097
29,Caribbean,2023,2639.7400000000002,71.57,75.28,14.28254794520548,18.40387123287671,2423.0,2423.0,60.575,40.38333333333333,11.9,21.549999999999997,1.0,1.0,1.0,1.0,0.8540079458411468,0.9708015891682293
30,Eastern Asia,2010,3001.3,106.17,81.9,20.218734246575345,26.255728767123287,2451.0,2451.0,61.275000000000006,40.849999999999994,11.9,21.549999999999997,1.0,1.0,1.0,1.0,1.0,1.0
30,Eastern Asia,2011,3042.31,107.48,81.48,20.572668493150687,26.63366301369863,2450.0,2450.0,61.25,40.833333333333336,11.9,21.549999999999997,1.0,1.0,1.0,1.0,1.0,1.0
30,Eastern Asia,2012,3057.93,107.73,83.00999999999999,20.65193698630137,26.78805205479452,2448.0,2448.0,61.2,40.8,11.9,21.549999999999997,1.0,1.0,1.0,1.0,1.0,1.0
30,Eastern Asia,2013,3055.72,108.13,84.04,20.690016438356164,26.933263013698628,2444.0,2444.0,61.1,40.73333333333333,11.9,21.549999999999997,1.0,1.0,1.0,1.0,1.0,1.0
30,Eastern Asia,2014,3141.83,110.35000000000001,86.33,21.108487671232876,27.690484931506848,2442.0,2442.0,61.050000000000004,40.7,11.9,21.549999999999997,1.0,1.0,1.0,1.0,1.0,1.0
30,Eastern Asia,2015,3170.6,112.06,87.73,21.478145205479453,28.365230136986302,2439.0,2439.0,60.975,40.65,11.9,21.549999999999997,1.0,1.0,1.0,1.0,1.0,1.0
30,Eastern Asia,2016,3163.29,113.98,87.63,21.790753424657535,28.824769863013696,2437.0,2437.0,60.925000000000004,40.61666666666667,11.9,21.549999999999997,1.0,1.0,1.0,1.0,1.0,1.0
30,Eastern Asia,2017,3198.36,115.04,88.65,22.066534246575344,29.445810958904108,2435.0,2435.0,60.875,40.583333333333336,11.9,21.549999999999997,1.0,1.0,1.0,1.0,1.0,1.0
30,Eastern Asia,2018,3209.8199999999997,116.14999999999999,89.48,22.276430136986303,29.715016438356162,2434.0,2434.0,60.85,40.56666666666666,11.9,21.549999999999997,1.0,1.0,1.0,1.0,1.0,1.0
30,Eastern Asia,2019,3239.04,117.37,91.3,22.394961643835614,29.903610958904107,2436.0,2436.0,60.900000000000006,40.599999999999994,11.9,21.549999999999997,1.0,1.0,1.0,1.0,1.0,1.0
30,Eastern Asia,2020,3252.4,118.23,90.73,22.74625205479452,30.618317808219178,2439.0,2439.0,60.975,40.65,11.9,21.549999999999997,1.0,1.0,1.0,1.0,1.0,1.0
30,Eastern Asia,2021,3327.7200000000003,121.78,95.09,23.29651506849315,31.1840602739726,2445.0,2445.0,61.125,40.75,11.9,21.549999999999997,1.0,1.0,1.0,1.0,1.0,1.0
30,Eastern Asia,2022,3374.55,123.63000000000001,95.53,23.542402739726025,31.36812328767123,2451.0,2451.0,61.275000000000006,40.849999999999994,11.9,21.549999999999997,1.0,1.0,1.0,1.0,1.0,1.0
30,Eastern Asia,2023,3417.9500000000003,126.25,99.62,23.99383835616438,31.940205479452054,2457.0,2457.0,61.425000000000004,40.95,11.9,21.549999999999997,1.0,1.0,1.0,1.0,1.0,1.0
31,Azerbaijan,2010,2956.78,90.96000000000001,68.57,25.428435616438353,30.677476712328765,2434.0,2434.0,60.85,40.56666666666666,11.9,21.549999999999997,1.0,1.0,1.0,1.0,1.0,1.0
31,Azerbaijan,2011,2982.71,92.49,68.94,25.682295890410956,30.96533150684931,2429.0,2429.0,60.725,40.48333333333333,11.9,21.549999999999997,1.0,1.0,1.0,1.0,1.0,1.0
31,Azerbaijan,2012,3006.9900000000002,91.6,74.1,25.184835616438356,30.369353424657536,2423.0,2423.0,60.575,40.38333333333333,11.9,21.549999999999997,1.0,1.0,1.0,1.0,1.0,1.0
31,Azerbaijan,2013,3005.0099999999998,92.38,71.46000000000001,25.458265753424655,30.495928767123285,2416.0,2416.0,60.400000000000006,40.266666666666666,11.9,21.549999999999997,1.0,1.0,1.0,1.0,1.0,1.0
31,Azerbaijan,2014,2984.56,90.69,72.33,23.304871232876714,27.855726027397257,2409.0,2409.0,60.225,40.15,11.9,21.549999999999997,1.0,1.0,1.0,1.0,1.0,1.0
31,Azerbaijan,2015,3016.69,92.24,73.25,23.842887671232877,28.35372328767123,2404.0,2404.0,60.1,40.06666666666666,11.9,21.549999999999997,1.0,1.0,1.0,1.0,1.0,1.0
31,Azerbaijan,2016,3055.4100000000003,92.79,74.51,23.661882191780823,28.112109589041093,2403.0,2403.0,60.075,40.05,11.9,21.549999999999997,1.0,1.0,1.0,1.0,1.0,1.0
31,Azerbaijan,2017,3111.71,95.05000000000001,79.33,24.180646575342465,28.593487671232875,2406.0,2406.0,60.150000000000006,40.099999999999994,11.9,21.549999999999997,1.0,1.0,1.0,1.0,1.0,1.0
31,Azerbaijan,2018,3166.1600000000003,94.7,85.36,23.912594520547945,28.34158082191781,2413.0,2413.0,60.325,40.21666666666667,11.9,21.549999999999997,1.0,1.0,1.0,1.0,1.0,1.0
31,Azerbaijan,2019,3281.78,98.93,87.89999999999999,24.83584109589041,29.684199999999997,2418.0,2418.0,60.45,40.3,11.9,21.549999999999997,1.0,1.0,1.0,1.0,1.0,1.0
31,Azerbaijan,2020,3339.0,98.75,92.11999999999999,24.921479452054793,29.79671232876712,2420.0,2420.0,60.5,40.333333333333336,11.9,21.549999999999997,1.0,1.0,1.0,1.0,1.0,1.0
31,Azerbaijan,2021,3360.11,99.22999999999999,99.05,24.908635616438357,29.704846575342465,2423.0,2423.0,60.575,40.38333333333333,11.9,21.549999999999997,1.0,1.0,1.0,1.0,1.0,1.0
31,Azerbaijan,2022,3312.6,98.03,100.52,24.29635890410959,29.017101369863017,2428.0,2428.0,60.7,40.46666666666667,11.9,21.549999999999997,1.0,1.0,1.0,1.0,1.0,1.0
31,Azerbaijan,2023,3339.19,101.97,94.85,25.67015616438356,30.56145753424657,2433.0,2433.0,60.825,40.55,11.9,21.549999999999997,1.0,1.0,1.0,1.0,1.0,1.0
32,Argentina,2010,3064.12,102.8,101.91,20.58687397260274,20.664865753424657,2414.0,2414.0,60.35,40.23333333333333,11.9,21.549999999999997,1.0,1.0,1.0,1.0,0.9589264850777104,0.9917852970155421
32,Argentina,2011,3055.14,102.42,103.07,20.113791780821916,19.886287671232875,2414.0,2414.0,60.35,40.23333333333333,11.9,21.549999999999997,1.0,1.0,1.0,1.0,0.9227975717509456,0.9845595143501891
32,Argentina,2012,3085.9700000000003,103.03999999999999,111.19,20.15494794520548,19.96274520547945,2415.0,2415.0,60.375,40.25,11.9,21.549999999999997,1.0,1.0,1.0,1.0,0.9263454851730605,0.9852690970346121
32,Argentina,2013,3117.37,106.21000000000001,108.91,21.22234246575342,20.720060273972603,2416.0,2416.0,60.400000000000006,40.266666666666666,11.9,21.549999999999997,1.0,1.0,1.0,1.0,0.9614877157295872,0.9922975431459176
32,Argentina,2014,3156.46,104.91,115.52,20.394602739726025,20.00826301369863,2417.0,2417.0,60.425000000000004,40.28333333333333,11.9,21.549999999999997,1.0,1.0,1.0,1.0,0.9284576804500526,0.9856915360900105
32,Argentina,2015,3210.05,110.7,116.61,21.20046301369863,20.82670410958904,2417.0,2417.0,60.425000000000004,40.28333333333333,11.9,21.549999999999997,1.0,1.0,1.0,1.0,0.9664363855957793,0.9932872771191559
32,Argentina,2016,3150.84,108.07,115.25,20.66733424657534,20.44990410958904,2418.0,2418.0,60.45,40.3,11.9,21.549999999999997,1.0,1.0,1.0,1.0,0.9489514668022757,0.9897902933604552
32,Argentina,2017,3178.48,109.75,115.23,20.997405479452055,20.798742465753424,2420.0,2420.0,60.5,40.333333333333336,11.9,21.549999999999997,1.0,1.0,1.0,1.0,0.9651388615198806,0.9930277723039762
32,Argentina,2018,3220.14,112.54,118.06,21.57368493150685,21.548917808219176,2423.0,2423.0,60.575,40.38333333333333,11.9,21.549999999999997,1.0,1.0,1.0,1.0,0.9999497822839526,0.9999899564567905
32,Argentina,2019,3253.19,114.14999999999999,126.6,22.519635616438354,23.120482191780823,2427.0,2427.0,60.675000000000004,40.45,11.9,21.549999999999997,1.0,1.0,1.0,1.0,1.0,1.0
32,Argentina,2020,3297.06,117.61,130.81,22.77305205479452,23.122627397260274,2434.0,2434.0,60.85,40.56666666666666,11.9,21.549999999999997,1.0,1.0,1.0,1.0,1.0,1.0
32,Argentina,2021,3341.9700000000003,119.97,136.52,22.663832876712327,23.95454520547945,2442.0,2442.0,61.050000000000004,40.7,11.9,21.549999999999997,1.0,1.0,1.0,1.0,1.0,1.0
32,Argentina,2022,3355.13,121.29,140.23,23.458884931506848,24.53787397260274,2451.0,2451.0,61.275000000000006,40.849999999999994,11.9,21.549999999999997,1.0,1.0,1.0,1.0,1.0,1.0
32,Argentina,2023,3360.45,121.53999999999999,136.76,23.788224657534247,24.54428767123288,2459.0,2459.0,61.475,40.98333333333333,11.9,21.549999999999997,1.0,1.0,1.0,1.0,1.0,1.0
34,Southern Asia,2010,2377.7000000000003,61.93,49.89,12.972128767123287,16.63010684931507,2268.0,2268.0,56.7,37.8,11.9,21.549999999999997,1.0,1.0,1.0,1.0,0.7716986937037156,0.9543397387407431
34,Southern Asia,2011,2401.27,61.92,50.11,12.896764383561646,16.41953698630137,2273.0,2273.0,56.825,37.88333333333333,11.9,21.549999999999997,1.0,1.0,1.0,1.0,0.7619274703620127,0.9523854940724025
34,Southern Asia,2012,2404.53,62.16,51.97,12.935887671232877,16.531189041095892,2276.0,2276.0,56.900000000000006,37.93333333333333,11.9,21.549999999999997,1.0,1.0,1.0,1.0,0.7671085401900647,0.953421708038013
34,Southern Asia,2013,2433.03,63.739999999999995,51.67,13.294769863013698,17.00813424657534,2280.0,2280.0,57.0,38.0,11.9,21.549999999999997,1.0,1.0,1.0,1.0,0.7892405682865589,0.9578481136573117
34,Southern Asia,2014,2457.7400000000002,64.47,54.76,13.216071232876713,16.86434794520548,2284.0,2284.0,57.1,38.06666666666666,11.9,21.549999999999997,1.0,1.0,1.0,1.0,0.7825683501255445,0.9565136700251088
34,Southern Asia,2015,2451.96,64.66,55.660000000000004,13.18368493150685,16.786934246575342,2288.0,2288.0,57.2,38.13333333333333,11.9,21.549999999999997,1.0,1.0,1.0,1.0,0.778976067126466,0.9557952134252933
34,Southern Asia,2016,2488.6,65.87,55.3,13.46089589041096,17.254208219178082,2292.0,2292.0,57.300000000000004,38.2,11.9,21.549999999999997,1.0,1.0,1.0,1.0,0.8006593141149924,0.9601318628229984
34,Southern Asia,2017,2530.25,67.64,58.559999999999995,13.673301369863015,17.574495890410958,2296.0,2296.0,57.400000000000006,38.266666666666666,11.9,21.549999999999997,1.0,1.0,1.0,1.0,0.8155218510631537,0.9631043702126307
34,Southern Asia,2018,2526.88,67.16,60.32,13.58509589041096,17.559663013698632,2299.0,2299.0,57.475,38.31666666666666,11.9,21.549999999999997,1.0,1.0,1.0,1.0,0.8148335505196582,0.9629667101039316
34,Southern Asia,2019,2545.57,68.41,61.39,13.708372602739725,17.679616438356167,2303.0,2303.0,57.575,38.38333333333333,11.9,21.549999999999997,1.0,1.0,1.0,1.0,0.8203998347265044,0.9640799669453008
34,Southern Asia,2020,2564.32,70.50999999999999,61.58,14.136564383561645,18.04631506849315,2306.0,2306.0,57.650000000000006,38.43333333333333,11.9,21.549999999999997,1.0,1.0,1.0,1.0,0.837416012459079,0.9674832024918159
34,Southern Asia,2021,2577.42,71.58,63.33,14.22834794520548,18.273038356164385,2311.0,2311.0,57.775000000000006,38.516666666666666,11.9,21.549999999999997,1.0,1.0,1.0,1.0,0.8479368146712013,0.9695873629342403
34,Southern Asia,2022,2593.13,73.01,64.03999999999999,14.500246575342466,18.65469589041096,2314.0,2314.0,57.85,38.56666666666666,11.9,21.549999999999997,1.0,1.0,1.0,1.0,0.8656471410863555,0.9731294282172712
34,Southern Asia,2023,2648.87,73.91,66.27,14.69794794520548,18.936501369863013,2317.0,2317.0,57.925000000000004,38.61666666666667,11.9,21.549999999999997,1.0,1.0,1.0,1.0,0.8787239614785622,0.9757447922957125
35,South-eastern Asia,2010,2627.19,71.66,50.96,14.53650410958904,17.370021917808216,2302.0,2302.0,57.550000000000004,38.36666666666667,11.9,21.549999999999997,1.0,1.0,1.0,1.0,0.8060334996662747,0.9612066999332549
35,South-eastern Asia,2011,2661.05,73.15,50.53,14.828723287671233,17.728832876712328,2304.0,2304.0,57.6,38.4,11.9,21.549999999999997,1.0,1.0,1.0,1.0,0.8226836601722659,0.9645367320344531
35,South-eastern Asia,2012,2694.27,74.18,52.379999999999995,15.102304109589042,18.159049315068494,2305.0,2305.0,57.625,38.416666666666664,11.9,21.549999999999997,1.0,1.0,1.0,1.0,0.8426473000031784,0.9685294600006357
35,South-eastern Asia,2013,2700.98,74.38,53.77,15.094427397260274,18.007898630136985,2307.0,2307.0,57.675000000000004,38.45,11.9,21.549999999999997,1.0,1.0,1.0,1.0,0.8356333471061247,0.9671266694212249
35,South-eastern Asia,2014,2747.66,75.83,53.69,15.350835616438356,18.524989041095893,2308.0,2308.0,57.7,38.46666666666667,11.9,21.549999999999997,1.0,1.0,1.0,1.0,0.859628261767791,0.9719256523535582
35,South-eastern Asia,2015,2758.92,77.25999999999999,53.27,15.623794520547944,18.903156164383564,2310.0,2310.0,57.75,38.5,11.9,21.549999999999997,1.0,1.0,1.0,1.0,0.87717662015701,0.975435324031402
35,South-eastern Asia,2016,2806.0699999999997,77.97,59.28,15.727194520547945,19.0361698630137,2311.0,2311.0,57.775000000000006,38.516666666666666,11.9,21.549999999999997,1.0,1.0,1.0,1.0,0.8833489495598006,0.9766697899119601
35,South-eastern Asia,2017,2843.44,80.39999999999999,61.82,15.988704109589042,19.22913698630137,2313.0,2313.0,57.825,38.55,11.9,21.549999999999997,1.0,1.0,1.0,1.0,0.8923033404316182,0.9784606680863236
35,South-eastern Asia,2018,2846.42,80.66,61.949999999999996,16.010002739726026,19.4605698630137,2315.0,2315.0,57.875,38.583333333333336,11.9,21.549999999999997,1.0,1.0,1.0,1.0,0.9030426850586405,0.980608537011728
35,South-eastern Asia,2019,2863.9500000000003,81.06,65.39,16.03678904109589,19.522230136986302,2317.0,2317.0,57.925000000000004,38.61666666666667,11.9,21.549999999999997,1.0,1.0,1.0,1.0,0.9059039506722183,0.9811807901344437
35,South-eastern Asia,2020,2872.91,78.74,66.19,15.748065753424658,19.158315068493152,2320.0,2320.0,58.0,38.666666666666664,11.9,21.549999999999997,1.0,1.0,1.0,1.0,0.889016940533325,0.977803388106665
35,South-eastern Asia,2021,2879.12,79.37,68.33,15.785742465753426,19.129487671232877,2324.0,2324.0,58.1,38.73333333333333,11.9,21.549999999999997,1.0,1.0,1.0,1.0,0.8876792422845884,0.9775358484569177
35,South-eastern Asia,2022,2915.4700000000003,80.53999999999999,69.63000000000001,15.868158904109588,19.239504109589042,2328.0,2328.0,58.2,38.8,11.9,21.549999999999997,1.0,1.0,1.0,1.0,0.8927844134380067,0.9785568826876012
35,South-eastern Asia,2023,2926.25,80.87,70.87,15.871016438356165,19.169115068493152,2331.0,2331.0,58.275000000000006,38.849999999999994,11.9,21.549999999999997,1.0,1.0,1.0,1.0,0.8895181006261325,0.9779036201252265
36,Australia,2010,3514.7,122.81,153.05,23.42533698630137,25.24501095890411,2497.0,2497.0,62.425000000000004,41.61666666666667,11.9,21.549999999999997,1.0,1.0,1.0,1.0,1.0,1.0
36,Australia,2011,3496.48,121.75,157.45000000000002,23.447501369863012,24.875457534246575,2496.0,2496.0,62.400000000000006,41.599999999999994,11.9,21.549999999999997,1.0,1.0,1.0,1.0,1.0,1.0
36,Australia,2012,3544.37,121.29,158.84,23.162868493150686,24.42830410958904,2495.0,2495.0,62.375,41.583333333333336,11.9,21.549999999999997,1.0,1.0,1.0,1.0,1.0,1.0
36,Australia,2013,3526.71,120.76,154.82,24.05029589041096,26.093594520547946,2493.0,2493.0,62.325,41.55,11.9,21.549999999999997,1.0,1.0,1.0,1.0,1.0,1.0
36,Australia,2014,3514.61,119.17,160.17000000000002,24.099660273972603,26.241972602739725,2491.0,2491.0,62.275000000000006,41.516666666666666,11.9,21.549999999999997,1.0,1.0,1.0,1.0,1.0,1.0
36,Australia,2015,3500.06,119.58,161.19,24.361912328767122,26.474646575342465,2490.0,2490.0,62.25,41.5,11.9,21.549999999999997,1.0,1.0,1.0,1.0,1.0,1.0
36,Australia,2016,3517.42,120.5,161.88,24.389745205479453,26.508457534246574,2489.0,2489.0,62.225,41.48333333333333,11.9,21.549999999999997,1.0,1.0,1.0,1.0,1.0,1.0
36,Australia,2017,3472.9900000000002,117.4,158.73,23.167550684931506,25.443249315068492,2490.0,2490.0,62.25,41.5,11.9,21.549999999999997,1.0,1.0,1.0,1.0,1.0,1.0
36,Australia,2018,3450.49,118.19,159.49,22.951849315068493,24.551665753424658,2491.0,2491.0,62.275000000000006,41.516666666666666,11.9,21.549999999999997,1.0,1.0,1.0,1.0,1.0,1.0
36,Australia,2019,3485.37,121.64,159.86,23.380786301369863,25.350961643835618,2492.0,2492.0,62.300000000000004,41.53333333333333,11.9,21.549999999999997,1.0,1.0,1.0,1.0,1.0,1.0
36,Australia,2020,3468.45,123.86,155.35,24.52527123287671,25.97931506849315,2493.0,2493.0,62.325,41.55,11.9,21.549999999999997,1.0,1.0,1.0,1.0,1.0,1.0
36,Australia,2021,3473.75,117.84,157.11,22.876060273972602,25.13630684931507,2493.0,2493.0,62.325,41.55,11.9,21.549999999999997,1.0,1.0,1.0,1.0,1.0,1.0
36,Australia,2022,3539.58,119.13,160.07,23.766498630136986,26.431257534246573,2494.0,2494.0,62.35,41.56666666666666,11.9,21.549999999999997,1.0,1.0,1.0,1.0,1.0,1.0
36,Australia,2023,3561.94,125.0,159.06,24.517663013698627,27.430073972602738,2495.0,2495.0,62.375,41.583333333333336,11.9,21.549999999999997,1.0,1.0,1.0,1.0,1.0,1.0
39,Southern Europe,2010,3416.78,114.17,144.91,22.723249315068493,26.29844109589041,2510.0,2510.0,62.75,41.833333333333336,11.9,21.549999999999997,1.0,1.0,1.0,1.0,1.0,1.0
39,Southern Europe,2011,3423.2,112.96000000000001,145.96,22.54717808219178,26.179194520547945,2509.0,2509.0,62.725,41.81666666666666,11.9,21.549999999999997,1.0,1.0,1.0,1.0,1.0,1.0
39,Southern Europe,2012,3418.17,112.36,145.86,22.459753424657535,26.13058904109589,2508.0,2508.0,62.7,41.8,11.9,21.549999999999997,1.0,1.0,1.0,1.0,1.0,1.0
39,Southern Europe,2013,3432.43,112.59,144.82,22.579931506849313,26.35054520547945,2507.0,2507.0,62.675000000000004,41.78333333333333,11.9,21.549999999999997,1.0,1.0,1.0,1.0,1.0,1.0
39,Southern Europe,2014,3358.17,110.49000000000001,140.32,22.36045205479452,25.961,2507.0,2507.0,62.675000000000004,41.78333333333333,11.9,21.549999999999997,1.0,1.0,1.0,1.0,1.0,1.0
39,Southern Europe,2015,3379.13,110.47,141.45,22.443112328767125,26.03741095890411,2508.0,2508.0,62.7,41.8,11.9,21.549999999999997,1.0,1.0,1.0,1.0,1.0,1.0
39,Southern Europe,2016,3400.48,110.76,142.64000000000001,22.597317808219177,26.48440273972603,2508.0,2508.0,62.7,41.8,11.9,21.549999999999997,1.0,1.0,1.0,1.0,1.0,1.0
39,Southern Europe,2017,3413.68,111.58,143.83,22.57911506849315,26.37375616438356,2509.0,2509.0,62.725,41.81666666666666,11.9,21.549999999999997,1.0,1.0,1.0,1.0,1.0,1.0
39,Southern Europe,2018,3434.96,113.82,144.61,22.960706849315066,26.57153698630137,2510.0,2510.0,62.75,41.833333333333336,11.9,21.549999999999997,1.0,1.0,1.0,1.0,1.0,1.0
39,Southern Europe,2019,3482.21,114.85000000000001,148.4,22.528150684931504,26.1122301369863,2511.0,2511.0,62.775000000000006,41.849999999999994,11.9,21.549999999999997,1.0,1.0,1.0,1.0,1.0,1.0
39,Southern Europe,2020,3496.98,113.21,150.51,22.275019178082193,26.099435616438356,2513.0,2513.0,62.825,41.88333333333333,11.9,21.549999999999997,1.0,1.0,1.0,1.0,1.0,1.0
39,Southern Europe,2021,3520.2,114.81,151.51,22.54490410958904,26.53178904109589,2514.0,2514.0,62.85,41.9,11.9,21.549999999999997,1.0,1.0,1.0,1.0,1.0,1.0
39,Southern Europe,2022,3529.95,115.55,149.1,22.5720301369863,26.318838356164385,2515.0,2515.0,62.875,41.916666666666664,11.9,21.549999999999997,1.0,1.0,1.0,1.0,1.0,1.0
39,Southern Europe,2023,3562.44,117.63,150.16,23.04354794520548,26.913202739726025,2515.0,2515.0,62.875,41.916666666666664,11.9,21.549999999999997,1.0,1.0,1.0,1.0,1.0,1.0
40,Austria,2010,3784.94,110.7,177.19,20.17594794520548,22.626178082191778,2543.0,2543.0,63.575,42.38333333333333,11.9,21.549999999999997,1.0,1.0,1.0,1.0,1.0,1.0
40,Austria,2011,3834.5,111.61,177.21,20.301438356164386,22.795046575342464,2543.0,2543.0,63.575,42.38333333333333,11.9,21.549999999999997,1.0,1.0,1.0,1.0,1.0,1.0
40,Austria,2012,3822.94,105.73,177.60999999999999,19.724679452054794,22.615178082191782,2543.0,2543.0,63.575,42.38333333333333,11.9,21.549999999999997,1.0,1.0,1.0,1.0,1.0,1.0
40,Austria,2013,3796.95,107.82000000000001,176.48,19.941345205479454,22.74258082191781,2544.0,2544.0,63.6,42.4,11.9,21.549999999999997,1.0,1.0,1.0,1.0,1.0,1.0
40,Austria,2014,3754.41,107.84,168.56,20.033101369863015,22.860213698630137,2544.0,2544.0,63.6,42.4,11.9,21.549999999999997,1.0,1.0,1.0,1.0,1.0,1.0
40,Austria,2015,3734.48,108.21,169.47,19.8323397260274,22.41466301369863,2544.0,2544.0,63.6,42.4,11.9,21.549999999999997,1.0,1.0,1.0,1.0,1.0,1.0
40,Austria,2016,3722.05,109.73,168.58,20.386827397260273,23.038646575342465,2543.0,2543.0,63.575,42.38333333333333,11.9,21.549999999999997,1.0,1.0,1.0,1.0,1.0,1.0
40,Austria,2017,3761.98,107.81,172.52,19.982767123287672,22.728983561643837,2540.0,2540.0,63.5,42.333333333333336,11.9,21.549999999999997,1.0,1.0,1.0,1.0,1.0,1.0
40,Austria,2018,3761.45,110.49,170.88,20.571739726027396,23.29824109589041,2539.0,2539.0,63.475,42.31666666666666,11.9,21.549999999999997,1.0,1.0,1.0,1.0,1.0,1.0
40,Austria,2019,3822.85,110.28999999999999,184.33,20.419131506849315,23.508616438356164,2537.0,2537.0,63.425000000000004,42.28333333333333,11.9,21.549999999999997,1.0,1.0,1.0,1.0,1.0,1.0
40,Austria,2020,3784.1099999999997,108.99,184.21,20.569194520547946,23.52028493150685,2535.0,2535.0,63.375,42.25,11.9,21.549999999999997,1.0,1.0,1.0,1.0,1.0,1.0
40,Austria,2021,3792.9300000000003,107.94,184.7,20.558679452054793,23.246331506849316,2534.0,2534.0,63.35,42.23333333333333,11.9,21.549999999999997,1.0,1.0,1.0,1.0,1.0,1.0
40,Austria,2022,3802.14,109.89,186.42,20.801005479452055,24.20735890410959,2532.0,2532.0,63.300000000000004,42.2,11.9,21.549999999999997,1.0,1.0,1.0,1.0,1.0,1.0
40,Austria,2023,3755.93,108.47,186.88,21.00931780821918,24.540046575342465,2530.0,2530.0,63.25,42.166666666666664,11.9,21.549999999999997,1.0,1.0,1.0,1.0,1.0,1.0
44,Bahamas,2010,2615.31,103.99,98.97,17.18385479452055,19.872934246575344,2452.0,2452.0,61.300000000000004,40.86666666666667,11.9,21.549999999999997,1.0,1.0,1.0,1.0,0.9221779232749581,0.9844355846549917
44,Bahamas,2011,2606.35,93.89,88.93,15.747624657534246,19.665361643835617,2456.0,2456.0,61.400000000000006,40.93333333333333,11.9,21.549999999999997,1.0,1.0,1.0,1.0,0.9125457839366876,0.9825091567873375
44,Bahamas,2012,2707.98,101.48,101.17,18.18967397260274,22.31912602739726,2460.0,2460.0,61.5,41.0,11.9,21.549999999999997,1.0,1.0,1.0,1.0,1.0,1.0
44,Bahamas,2013,2659.45,97.82,97.72,17.9682,21.621079452054794,2463.0,2463.0,61.575,41.05,11.9,21.549999999999997,1.0,1.0,1.0,1.0,1.0,1.0
44,Bahamas,2014,2604.7400000000002,95.44,95.5,17.03042191780822,20.07019178082192,2466.0,2466.0,61.650000000000006,41.099999999999994,11.9,21.549999999999997,1.0,1.0,1.0,1.0,0.9313314051425485,0.9862662810285098
44,Bahamas,2015,2593.33,95.92,94.61,17.434682191780823,20.566679452054792,2469.0,2469.0,61.725,41.15,11.9,21.549999999999997,1.0,1.0,1.0,1.0,0.9543702761974383,0.9908740552394877
44,Bahamas,2016,2602.23,94.5,91.42,17.559890410958904,21.07122191780822,2473.0,2473.0,61.825,41.21666666666667,11.9,21.549999999999997,1.0,1.0,1.0,1.0,0.9777829196198712,0.9955565839239743
44,Bahamas,2017,2623.64,92.11999999999999,94.55,16.722871232876713,20.282594520547946,2478.0,2478.0,61.95,41.3,11.9,21.549999999999997,1.0,1.0,1.0,1.0,0.9411876807678863,0.9882375361535771
44,Bahamas,2018,2657.27,94.13,100.24,17.253843835616436,21.368035616438355,2482.0,2482.0,62.050000000000004,41.36666666666667,11.9,21.549999999999997,1.0,1.0,1.0,1.0,0.9915561770969076,0.9983112354193816
44,Bahamas,2019,2615.46,92.42,99.58000000000001,16.147536986301372,19.28697534246575,2486.0,2486.0,62.150000000000006,41.43333333333333,11.9,21.549999999999997,1.0,1.0,1.0,1.0,0.8949872548708007,0.9789974509741601
44,Bahamas,2020,2629.55,100.4,99.51,16.498156164383563,19.41802191780822,2490.0,2490.0,62.25,41.5,11.9,21.549999999999997,1.0,1.0,1.0,1.0,0.9010683024504975,0.9802136604900994
44,Bahamas,2021,2676.06,102.66999999999999,106.51,15.90026301369863,17.687027397260273,2493.0,2493.0,62.325,41.55,11.9,21.549999999999997,1.0,1.0,1.0,1.0,0.8207437307313353,0.964148746146267
44,Bahamas,2022,2657.3,102.82,107.19,18.415046575342465,22.39917808219178,2495.0,2495.0,62.375,41.583333333333336,11.9,21.549999999999997,1.0,1.0,1.0,1.0,1.0,1.0
44,Bahamas,2023,2672.37,104.77,117.39,18.241701369863012,22.437605479452053,2497.0,2497.0,62.425000000000004,41.61666666666667,11.9,21.549999999999997,1.0,1.0,1.0,1.0,1.0,1.0
48,Bahrain,2019,3489.0499999999997,109.24000000000001,123.78,24.596443835616437,29.281679452054792,2520.0,2520.0,63.0,42.0,11.9,21.549999999999997,1.0,1.0,1.0,1.0,1.0,1.0
48,Bahrain,2020,3510.58,112.41,129.31,24.804542465753425,28.772309589041097,2523.0,2523.0,63.075,42.05,11.9,21.549999999999997,1.0,1.0,1.0,1.0,1.0,1.0
48,Bahrain,2021,3441.5,104.67,128.64000000000001,24.742271232876714,28.47170684931507,2529.0,2529.0,63.225,42.15,11.9,21.549999999999997,1.0,1.0,1.0,1.0,1.0,1.0
48,Bahrain,2022,3493.82,108.24,135.18,25.66178630136986,29.403027397260274,2530.0,2530.0,63.25,42.166666666666664,11.9,21.549999999999997,1.0,1.0,1.0,1.0,1.0,1.0
48,Bahrain,2023,3422.84,99.78,135.22,23.686958904109588,27.399871232876713,2530.0,2530.0,63.25,42.166666666666664,11.9,21.549999999999997,1.0,1.0,1.0,1.0,1.0,1.0
50,Bangladesh,2010,2328.0299999999997,55.33,26.82,11.619923287671234,11.919476712328768,2248.0,2248.0,56.2,37.46666666666667,11.9,21.549999999999997,1.0,0.9845195729537366,0.7158362989323843,0.9764641418211121,0.553107968089502,0.8459855963593469
50,Bangladesh,2011,2365.29,56.029999999999994,27.5,11.78412602739726,12.056101369863013,2260.0,2260.0,56.5,37.666666666666664,11.9,21.549999999999997,1.0,0.9916814159292034,0.7300884955752213,0.990262691377921,0.5594478593903951,0.8542960924545481
50,Bangladesh,2012,2383.38,56.809999999999995,28.38,11.91325479452055,12.228167123287673,2262.0,2262.0,56.550000000000004,37.7,11.9,21.549999999999997,1.0,1.0,0.7527851458885941,1.0,0.5674323491084767,0.8640434989994141
50,Bangladesh,2013,2384.58,57.190000000000005,29.81,11.939057534246576,12.361232876712329,2263.0,2263.0,56.575,37.71666666666667,11.9,21.549999999999997,1.0,1.0,0.7903667697746354,1.0,0.5736070940469759,0.8727947727643223
50,Bangladesh,2014,2410.21,57.78,32.13,12.021268493150686,12.5212,2263.0,2263.0,56.575,37.71666666666667,11.9,21.549999999999997,1.0,1.0,0.8518780380026514,1.0,0.5810301624129931,0.8865816400831289
50,Bangladesh,2015,2481.0,59.49999999999999,33.73,12.380917808219177,12.903745205479453,2270.0,2270.0,56.75,37.833333333333336,11.9,21.549999999999997,1.0,1.0,0.8915418502202642,1.0,0.5987816800686522,0.8980647060577832
50,Bangladesh,2016,2425.96,59.51,33.11,12.295098630136987,13.017586301369864,2275.0,2275.0,56.875,37.916666666666664,11.9,21.549999999999997,1.0,1.0,0.8732307692307693,1.0,0.6040643295299242,0.8954590197521387
50,Bangladesh,2017,2488.02,61.15,34.0,12.614147945205481,13.342723287671234,2278.0,2278.0,56.95,37.96666666666667,11.9,21.549999999999997,1.0,1.0,0.8955223880597014,1.0,0.6191518926993613,0.9029348561518125
50,Bangladesh,2018,2566.93,63.29,34.86,13.030643835616438,13.7804301369863,2280.0,2280.0,57.0,38.0,11.9,21.549999999999997,1.0,1.0,0.9173684210526316,1.0,0.6394631154053969,0.9113663072916058
50,Bangladesh,2019,2522.8900000000003,62.709999999999994,35.04,12.818016438356166,13.812060273972603,2280.0,2280.0,57.0,38.0,11.9,21.549999999999997,1.0,1.0,0.9221052631578948,1.0,0.6409308711820234,0.9126072268679837
50,Bangladesh,2020,2589.33,65.27,35.34,13.500156164383563,15.107797260273973,2281.0,2281.0,57.025000000000006,38.016666666666666,11.9,21.549999999999997,1.0,1.0,0.9295922840859273,1.0,0.701057877506913,0.9261300323185679
50,Bangladesh,2021,2595.45,67.85,42.26,13.57693698630137,15.01167397260274,2281.0,2281.0,57.025000000000006,38.016666666666666,11.9,21.549999999999997,1.0,1.0,1.0,1.0,0.6965974001207769,0.9393194800241554
50,Bangladesh,2022,2619.71,68.86,42.69,13.714504109589042,15.244580821917808,2282.0,2282.0,57.050000000000004,38.03333333333333,11.9,21.549999999999997,1.0,1.0,1.0,1.0,0.7074051425483903,0.9414810285096781
50,Bangladesh,2023,2587.63,67.98,42.74,13.433290410958906,14.80709589041096,2283.0,2283.0,57.075,38.05,11.9,21.549999999999997,1.0,1.0,1.0,1.0,0.6871042176524809,0.9374208435304962
51,Armenia,2010,3163.19,98.07,94.16,21.48047671232877,26.617794520547946,2447.0,2447.0,61.175000000000004,40.78333333333333,11.9,21.549999999999997,1.0,1.0,1.0,1.0,1.0,1.0
51,Armenia,2011,3163.1,101.37,95.07000000000001,22.369824657534245,27.777641095890413,2444.0,2444.0,61.1,40.73333333333333,11.9,21.549999999999997,1.0,1.0,1.0,1.0,1.0,1.0
51,Armenia,2012,3139.71,101.14999999999999,95.68,22.002191780821917,27.7429698630137,2441.0,2441.0,61.025000000000006,40.68333333333333,11.9,21.549999999999997,1.0,1.0,1.0,1.0,1.0,1.0
51,Armenia,2013,3178.65,103.8,98.81,22.65253698630137,28.359128767123288,2438.0,2438.0,60.95,40.63333333333333,11.9,21.549999999999997,1.0,1.0,1.0,1.0,1.0,1.0
51,Armenia,2014,3182.36,105.3,105.17,23.23393698630137,28.44991506849315,2436.0,2436.0,60.900000000000006,40.599999999999994,11.9,21.549999999999997,1.0,1.0,1.0,1.0,1.0,1.0
51,Armenia,2015,3166.94,107.58,103.52,24.04845479452055,29.150038356164384,2434.0,2434.0,60.85,40.56666666666666,11.9,21.549999999999997,1.0,1.0,1.0,1.0,1.0,1.0
51,Armenia,2016,3126.97,107.24,104.37,24.366109589041095,28.92576712328767,2432.0,2432.0,60.800000000000004,40.53333333333333,11.9,21.549999999999997,1.0,1.0,1.0,1.0,1.0,1.0
51,Armenia,2017,3064.85,105.41,108.42999999999999,23.318904109589038,27.804,2430.0,2430.0,60.75,40.5,11.9,21.549999999999997,1.0,1.0,1.0,1.0,1.0,1.0
51,Armenia,2018,3096.25,103.52,107.47,23.389117808219176,27.30407123287671,2431.0,2431.0,60.775000000000006,40.516666666666666,11.9,21.549999999999997,1.0,1.0,1.0,1.0,1.0,1.0
51,Armenia,2019,3136.96,104.53,111.54,23.513397260273972,27.617449315068495,2432.0,2432.0,60.800000000000004,40.53333333333333,11.9,21.549999999999997,1.0,1.0,1.0,1.0,1.0,1.0
51,Armenia,2020,3120.81,104.11,106.98,23.925506849315067,28.191219178082193,2434.0,2434.0,60.85,40.56666666666666,11.9,21.549999999999997,1.0,1.0,1.0,1.0,1.0,1.0
51,Armenia,2021,3138.9,105.84,111.07000000000001,23.942350684931505,27.619473972602737,2435.0,2435.0,60.875,40.583333333333336,11.9,21.549999999999997,1.0,1.0,1.0,1.0,1.0,1.0
51,Armenia,2022,3139.3,104.58,111.71000000000001,24.00427123287671,28.43729315068493,2438.0,2438.0,60.95,40.63333333333333,11.9,21.549999999999997,1.0,1.0,1.0,1.0,1.0,1.0
51,Armenia,2023,3129.27,103.16,108.96,24.114413698630134,28.830347945205478,2442.0,2442.0,61.050000000000004,40.7,11.9,21.549999999999997,1.0,1.0,1.0,1.0,1.0,1.0
52,Barbados,2010,3081.4,102.39,95.21000000000001,18.95790410958904,24.487027397260274,2466.0,2466.0,61.650000000000006,41.099999999999994,11.9,21.549999999999997,1.0,1.0,1.0,1.0,1.0,1.0
52,Barbados,2011,3045.07,101.53999999999999,93.53,18.61848493150685,24.283054794520545,2467.0,2467.0,61.675000000000004,41.11666666666667,11.9,21.549999999999997,1.0,1.0,1.0,1.0,1.0,1.0
52,Barbados,2012,3069.9,99.22,90.95,17.996728767123287,22.937832876712328,2469.0,2469.0,61.725,41.15,11.9,21.549999999999997,1.0,1.0,1.0,1.0,1.0,1.0
52,Barbados,2013,3055.16,101.37,92.83,18.24025205479452,23.331561643835617,2471.0,2471.0,61.775000000000006,41.18333333333333,11.9,21.549999999999997,1.0,1.0,1.0,1.0,1.0,1.0
52,Barbados,2014,3041.57,101.81,96.0,18.30309315068493,23.03858630136986,2473.0,2473.0,61.825,41.21666666666667,11.9,21.549999999999997,1.0,1.0,1.0,1.0,1.0,1.0
52,Barbados,2015,3078.41,104.68,100.12,19.204317808219177,24.244564383561645,2474.0,2474.0,61.85,41.23333333333333,11.9,21.549999999999997,1.0,1.0,1.0,1.0,1.0,1.0
52,Barbados,2016,3061.6,103.43,94.27,19.174019178082194,24.574857534246576,2475.0,2475.0,61.875,41.25,11.9,21.549999999999997,1.0,1.0,1.0,1.0,1.0,1.0
52,Barbados,2017,3032.73,103.50999999999999,93.76,18.98832876712329,24.324189041095888,2476.0,2476.0,61.900000000000006,41.266666666666666,11.9,21.549999999999997,1.0,1.0,1.0,1.0,1.0,1.0
52,Barbados,2018,3077.4,105.61,94.09,19.12117808219178,24.451810958904108,2477.0,2477.0,61.925000000000004,41.28333333333333,11.9,21.549999999999997,1.0,1.0,1.0,1.0,1.0,1.0
52,Barbados,2019,3124.84,106.71,93.63,19.428586301369865,24.899479452054795,2478.0,2478.0,61.95,41.3,11.9,21.549999999999997,1.0,1.0,1.0,1.0,1.0,1.0
52,Barbados,2020,3189.6,109.02,107.74,20.496945205479452,26.049246575342465,2478.0,2478.0,61.95,41.3,11.9,21.549999999999997,1.0,1.0,1.0,1.0,1.0,1.0
52,Barbados,2021,3179.18,109.11,106.36,20.31945205479452,26.17915616438356,2478.0,2478.0,61.95,41.3,11.9,21.549999999999997,1.0,1.0,1.0,1.0,1.0,1.0
52,Barbados,2022,3122.37,109.52,101.07000000000001,20.094641095890413,26.173542465753425,2478.0,2478.0,61.95,41.3,11.9,21.549999999999997,1.0,1.0,1.0,1.0,1.0,1.0
52,Barbados,2023,3118.0,108.64,102.37,20.352413698630134,26.09618904109589,2478.0,2478.0,61.95,41.3,11.9,21.549999999999997,1.0,1.0,1.0,1.0,1.0,1.0
53,Australia and New Zealand,2010,3453.63,118.49000000000001,146.84,23.043071232876713,25.129301369863015,2494.0,2494.0,62.35,41.56666666666666,11.9,21.549999999999997,1.0,1.0,1.0,1.0,1.0,1.0
53,Australia and New Zealand,2011,3457.58,119.08,153.52,23.025772602739725,24.44483287671233,2493.0,2493.0,62.325,41.55,11.9,21.549999999999997,1.0,1.0,1.0,1.0,1.0,1.0
53,Australia and New Zealand,2012,3493.4300000000003,118.09,152.66,22.956794520547945,24.514235616438356,2491.0,2491.0,62.275000000000006,41.516666666666666,11.9,21.549999999999997,1.0,1.0,1.0,1.0,1.0,1.0
53,Australia and New Zealand,2013,3489.7599999999998,117.91,150.29,23.7375698630137,25.904857534246574,2489.0,2489.0,62.225,41.48333333333333,11.9,21.549999999999997,1.0,1.0,1.0,1.0,1.0,1.0
53,Australia and New Zealand,2014,3469.42,116.60000000000001,153.12,23.781799999999997,26.123397260273972,2489.0,2489.0,62.225,41.48333333333333,11.9,21.549999999999997,1.0,1.0,1.0,1.0,1.0,1.0
53,Australia and New Zealand,2015,3450.69,116.56,153.52,23.992728767123285,26.321545205479453,2489.0,2489.0,62.225,41.48333333333333,11.9,21.549999999999997,1.0,1.0,1.0,1.0,1.0,1.0
53,Australia and New Zealand,2016,3458.5299999999997,117.9,153.87,24.156706849315068,26.376816438356165,2489.0,2489.0,62.225,41.48333333333333,11.9,21.549999999999997,1.0,1.0,1.0,1.0,1.0,1.0
53,Australia and New Zealand,2017,3416.68,114.39999999999999,151.17,22.927997260273973,25.357249315068493,2489.0,2489.0,62.225,41.48333333333333,11.9,21.549999999999997,1.0,1.0,1.0,1.0,1.0,1.0
53,Australia and New Zealand,2018,3402.0,115.92999999999999,152.26,22.917435616438357,24.81544383561644,2490.0,2490.0,62.25,41.5,11.9,21.549999999999997,1.0,1.0,1.0,1.0,1.0,1.0
53,Australia and New Zealand,2019,3424.81,118.52,152.18,23.256230136986304,25.453857534246573,2492.0,2492.0,62.300000000000004,41.53333333333333,11.9,21.549999999999997,1.0,1.0,1.0,1.0,1.0,1.0
53,Australia and New Zealand,2020,3415.68,119.64,149.36,24.106887671232876,25.923701369863014,2492.0,2492.0,62.300000000000004,41.53333333333333,11.9,21.549999999999997,1.0,1.0,1.0,1.0,1.0,1.0
53,Australia and New Zealand,2021,3420.7200000000003,114.89999999999999,150.91,22.7698301369863,25.298693150684933,2493.0,2493.0,62.325,41.55,11.9,21.549999999999997,1.0,1.0,1.0,1.0,1.0,1.0
53,Australia and New Zealand,2022,3473.1,116.85,152.73,23.613364383561645,26.335057534246577,2494.0,2494.0,62.35,41.56666666666666,11.9,21.549999999999997,1.0,1.0,1.0,1.0,1.0,1.0
53,Australia and New Zealand,2023,3489.89,121.04,150.16,24.184624657534247,27.367709589041095,2495.0,2495.0,62.375,41.583333333333336,11.9,21.549999999999997,1.0,1.0,1.0,1.0,1.0,1.0
54,Melanesia,2010,2219.63,65.72,67.93,12.49768493150685,18.796819178082192,2218.0,2218.0,55.45,36.96666666666667,11.9,21.549999999999997,1.0,1.0,1.0,1.0,0.8722421892381529,0.9744484378476306
54,Melanesia,2011,2242.15,66.96,67.42,12.498202739726027,18.497257534246575,2221.0,2221.0,55.525000000000006,37.016666666666666,11.9,21.549999999999997,1.0,1.0,1.0,1.0,0.8583414169023934,0.9716682833804787
54,Melanesia,2012,2260.22,66.29,71.26,12.678627397260273,19.08522191780822,2223.0,2223.0,55.575,37.05,11.9,21.549999999999997,1.0,1.0,1.0,1.0,0.8856251469980614,0.9771250293996122
54,Melanesia,2013,2273.19,65.63,74.1,12.679868493150686,19.17934794520548,2225.0,2225.0,55.625,37.083333333333336,11.9,21.549999999999997,1.0,1.0,1.0,1.0,0.8899929440930617,0.9779985888186123
54,Melanesia,2014,2300.0,67.61,72.61,13.101545205479454,19.751624657534247,2227.0,2227.0,55.675000000000004,37.11666666666667,11.9,21.549999999999997,1.0,1.0,1.0,1.0,0.9165487080062297,0.9833097416012458
54,Melanesia,2015,2262.18,66.8,69.2,12.63582191780822,18.7712,2230.0,2230.0,55.75,37.166666666666664,11.9,21.549999999999997,1.0,1.0,1.0,1.0,0.8710533642691417,0.9742106728538283
54,Melanesia,2016,2269.4,66.86,67.71,12.75210684931507,18.765819178082193,2233.0,2233.0,55.825,37.21666666666667,11.9,21.549999999999997,1.0,1.0,1.0,1.0,0.8708036741569464,0.9741607348313893
54,Melanesia,2017,2283.11,67.47,67.01,12.809257534246576,18.52719178082192,2236.0,2236.0,55.900000000000006,37.266666666666666,11.9,21.549999999999997,1.0,1.0,1.0,1.0,0.8597304770683026,0.9719460954136606
54,Melanesia,2018,2270.01,67.5,65.81,12.57853698630137,18.17859726027397,2238.0,2238.0,55.95,37.3,11.9,21.549999999999997,1.0,1.0,1.0,1.0,0.8435543972284907,0.9687108794456982
54,Melanesia,2019,2277.75,66.26,67.17999999999999,12.829871232876712,18.686309589041095,2242.0,2242.0,56.050000000000004,37.36666666666667,11.9,21.549999999999997,1.0,1.0,1.0,1.0,0.8671141340622319,0.9734228268124465
54,Melanesia,2020,2305.16,65.12,67.8,12.601895890410958,18.175775342465755,2245.0,2245.0,56.125,37.416666666666664,11.9,21.549999999999997,1.0,1.0,1.0,1.0,0.8434234497663925,0.9686846899532785
54,Melanesia,2021,2273.2599999999998,63.63,69.05,12.30814794520548,17.661846575342466,2247.0,2247.0,56.175000000000004,37.45,11.9,21.549999999999997,1.0,1.0,1.0,1.0,0.8195752471156598,0.963915049423132
54,Melanesia,2022,2289.02,64.4,68.92,12.622797260273973,17.734235616438358,2250.0,2250.0,56.25,37.5,11.9,21.549999999999997,1.0,1.0,1.0,1.0,0.8229343673521281,0.9645868734704257
54,Melanesia,2023,2269.19,64.8,68.37,12.891364383561644,18.183224657534247,2253.0,2253.0,56.325,37.55,11.9,21.549999999999997,1.0,1.0,1.0,1.0,0.8437691256396403,0.968753825127928
56,Belgium,2010,3706.54,99.46,164.22,21.719079452054793,24.76590684931507,2543.0,2543.0,63.575,42.38333333333333,11.9,21.549999999999997,1.0,1.0,1.0,1.0,1.0,1.0
56,Belgium,2011,3704.63,99.17,169.41,21.46054794520548,24.748794520547943,2542.0,2542.0,63.550000000000004,42.36666666666667,11.9,21.549999999999997,1.0,1.0,1.0,1.0,1.0,1.0
56,Belgium,2012,3698.14,102.13,163.42000000000002,22.018920547945203,25.138046575342464,2541.0,2541.0,63.525000000000006,42.349999999999994,11.9,21.549999999999997,1.0,1.0,1.0,1.0,1.0,1.0
56,Belgium,2013,3717.98,102.34,164.23999999999998,22.490284931506853,25.663205479452053,2540.0,2540.0,63.5,42.333333333333336,11.9,21.549999999999997,1.0,1.0,1.0,1.0,1.0,1.0
56,Belgium,2014,3795.31,100.27,165.04,22.29830684931507,25.53685479452055,2539.0,2539.0,63.475,42.31666666666666,11.9,21.549999999999997,1.0,1.0,1.0,1.0,1.0,1.0
56,Belgium,2015,3807.9100000000003,100.02,170.22,22.142997260273972,25.349284931506848,2539.0,2539.0,63.475,42.31666666666666,11.9,21.549999999999997,1.0,1.0,1.0,1.0,1.0,1.0
56,Belgium,2016,3775.52,102.23,167.82,21.72873698630137,24.487367123287672,2539.0,2539.0,63.475,42.31666666666666,11.9,21.549999999999997,1.0,1.0,1.0,1.0,1.0,1.0
56,Belgium,2017,3795.18,99.67,171.99,21.479583561643835,24.52718082191781,2539.0,2539.0,63.475,42.31666666666666,11.9,21.549999999999997,1.0,1.0,1.0,1.0,1.0,1.0
56,Belgium,2018,3807.7999999999997,100.33,169.05,21.723564383561644,25.26008219178082,2539.0,2539.0,63.475,42.31666666666666,11.9,21.549999999999997,1.0,1.0,1.0,1.0,1.0,1.0
56,Belgium,2019,3855.31,106.58,178.07999999999998,21.17820821917808,25.532427397260275,2540.0,2540.0,63.5,42.333333333333336,11.9,21.549999999999997,1.0,1.0,1.0,1.0,1.0,1.0
56,Belgium,2020,3865.73,110.53,184.85,21.95514794520548,26.157928767123288,2542.0,2542.0,63.550000000000004,42.36666666666667,11.9,21.549999999999997,1.0,1.0,1.0,1.0,1.0,1.0
56,Belgium,2021,3911.82,113.97999999999999,180.55,22.203769863013697,27.504298630136987,2543.0,2543.0,63.575,42.38333333333333,11.9,21.549999999999997,1.0,1.0,1.0,1.0,1.0,1.0
56,Belgium,2022,3917.99,114.55,188.27,22.066394520547945,26.93124383561644,2543.0,2543.0,63.575,42.38333333333333,11.9,21.549999999999997,1.0,1.0,1.0,1.0,1.0,1.0
56,Belgium,2023,3921.33,120.32,170.09,22.350750684931505,27.35941917808219,2545.0,2545.0,63.625,42.416666666666664,11.9,21.549999999999997,1.0,1.0,1.0,1.0,1.0,1.0
57,Micronesia,2010,2938.5299999999997,76.65,121.05,21.105104109589043,35.48184109589041,2216.0,2216.0,55.400000000000006,36.93333333333333,11.9,21.549999999999997,1.0,1.0,1.0,1.0,1.0,1.0
57,Micronesia,2011,2988.42,77.5,123.50999999999999,21.195106849315067,35.211260273972606,2221.0,2221.0,55.525000000000006,37.016666666666666,11.9,21.549999999999997,1.0,1.0,1.0,1.0,1.0,1.0
57,Micronesia,2012,3021.1,75.62,124.18,20.798690410958905,35.09088493150686,2227.0,2227.0,55.675000000000004,37.11666666666667,11.9,21.549999999999997,1.0,1.0,1.0,1.0,1.0,1.0
57,Micronesia,2013,3018.61,74.91,129.87,20.10892602739726,34.48295616438356,2233.0,2233.0,55.825,37.21666666666667,11.9,21.549999999999997,1.0,1.0,1.0,1.0,1.0,1.0
57,Micronesia,2014,3066.77,74.84,130.5,19.963931506849317,34.00437534246576,2239.0,2239.0,55.975,37.31666666666666,11.9,21.549999999999997,1.0,1.0,1.0,1.0,1.0,1.0
57,Micronesia,2015,3108.96,78.36,130.19,20.510652054794523,34.407079452054795,2245.0,2245.0,56.125,37.416666666666664,11.9,21.549999999999997,1.0,1.0,1.0,1.0,1.0,1.0
57,Micronesia,2016,3096.9700000000003,79.31,127.32000000000001,20.061073972602742,33.78842465753425,2251.0,2251.0,56.275000000000006,37.516666666666666,11.9,21.549999999999997,1.0,1.0,1.0,1.0,1.0,1.0
57,Micronesia,2017,3066.96,79.83,126.64000000000001,20.020997260273973,33.458109589041094,2257.0,2257.0,56.425000000000004,37.61666666666667,11.9,21.549999999999997,1.0,1.0,1.0,1.0,1.0,1.0
57,Micronesia,2018,3095.66,80.9,127.23,20.409309589041097,33.91852602739726,2263.0,2263.0,56.575,37.71666666666667,11.9,21.549999999999997,1.0,1.0,1.0,1.0,1.0,1.0
57,Micronesia,2019,2920.83,84.84,121.03999999999999,19.89978630136986,29.77695068493151,2270.0,2270.0,56.75,37.833333333333336,11.9,21.549999999999997,1.0,1.0,1.0,1.0,1.0,1.0
57,Micronesia,2020,2917.65,86.84,119.16,20.00654520547945,30.063728767123287,2272.0,2272.0,56.800000000000004,37.86666666666667,11.9,21.549999999999997,1.0,1.0,1.0,1.0,1.0,1.0
57,Micronesia,2021,2960.65,89.38,126.83,21.394027397260274,31.814701369863016,2274.0,2274.0,56.85,37.9,11.9,21.549999999999997,1.0,1.0,1.0,1.0,1.0,1.0
57,Micronesia,2022,2921.46,85.86,125.96000000000001,19.701257534246576,30.583553424657534,2276.0,2276.0,56.900000000000006,37.93333333333333,11.9,21.549999999999997,1.0,1.0,1.0,1.0,1.0,1.0
57,Micronesia,2023,2912.39,85.41,128.43,19.85768219178082,30.968197260273975,2279.0,2279.0,56.975,37.98333333333333,11.9,21.549999999999997,1.0,1.0,1.0,1.0,1.0,1.0
61,Polynesia,2010,2962.44,104.7,123.06,21.960989041095893,28.756764383561645,2364.0,2364.0,59.1,39.4,11.9,21.549999999999997,1.0,1.0,1.0,1.0,1.0,1.0
61,Polynesia,2011,2949.1,104.10000000000001,123.45,21.863172602739727,28.496408219178086,2367.0,2367.0,59.175000000000004,39.45,11.9,21.549999999999997,1.0,1.0,1.0,1.0,1.0,1.0
61,Polynesia,2012,2959.45,104.86,123.33,22.01905205479452,28.629027397260273,2369.0,2369.0,59.225,39.48333333333333,11.9,21.549999999999997,1.0,1.0,1.0,1.0,1.0,1.0
61,Polynesia,2013,2976.76,105.14,123.33999999999999,22.067616438356165,28.70070410958904,2372.0,2372.0,59.300000000000004,39.53333333333333,11.9,21.549999999999997,1.0,1.0,1.0,1.0,1.0,1.0
61,Polynesia,2014,2983.48,107.0,120.87,22.320416438356165,29.221816438356164,2377.0,2377.0,59.425000000000004,39.61666666666667,11.9,21.549999999999997,1.0,1.0,1.0,1.0,1.0,1.0
61,Polynesia,2015,2977.23,108.41,116.36,21.539545205479453,26.937490410958905,2380.0,2380.0,59.5,39.666666666666664,11.9,21.549999999999997,1.0,1.0,1.0,1.0,1.0,1.0
61,Polynesia,2016,2975.9700000000003,110.06,118.17,21.592931506849318,26.442501369863013,2381.0,2381.0,59.525000000000006,39.68333333333333,11.9,21.549999999999997,1.0,1.0,1.0,1.0,1.0,1.0
61,Polynesia,2017,2963.27,107.19,115.99000000000001,21.284734246575344,26.041857534246574,2383.0,2383.0,59.575,39.71666666666667,11.9,21.549999999999997,1.0,1.0,1.0,1.0,1.0,1.0
61,Polynesia,2018,2994.18,110.44,120.13,21.60405479452055,26.315465753424657,2386.0,2386.0,59.650000000000006,39.766666666666666,11.9,21.549999999999997,1.0,1.0,1.0,1.0,1.0,1.0
61,Polynesia,2019,3024.72,111.37,118.95,22.115747945205477,27.382802739726028,2391.0,2391.0,59.775000000000006,39.849999999999994,11.9,21.549999999999997,1.0,1.0,1.0,1.0,1.0,1.0
61,Polynesia,2020,3065.81,111.96,120.02,22.564553424657536,28.170942465753424,2393.0,2393.0,59.825,39.88333333333333,11.9,21.549999999999997,1.0,1.0,1.0,1.0,1.0,1.0
61,Polynesia,2021,3127.56,115.71,121.62,22.805361643835614,28.409969863013696,2395.0,2395.0,59.875,39.916666666666664,11.9,21.549999999999997,1.0,1.0,1.0,1.0,1.0,1.0
61,Polynesia,2022,3107.06,111.68,119.92999999999999,22.14571506849315,27.708065753424655,2397.0,2397.0,59.925000000000004,39.95,11.9,21.549999999999997,1.0,1.0,1.0,1.0,1.0,1.0
61,Polynesia,2023,3076.71,111.87,119.54,22.7668,28.82160273972603,2401.0,2401.0,60.025000000000006,40.016666666666666,11.9,21.549999999999997,1.0,1.0,1.0,1.0,1.0,1.0
64,Bhutan,2019,3234.77,75.24000000000001,86.96,18.915967123287672,23.845542465753425,2375.0,2375.0,59.375,39.583333333333336,11.9,21.549999999999997,1.0,1.0,1.0,1.0,1.0,1.0
64,Bhutan,2020,3256.2599999999998,78.36,80.44,19.430290410958904,25.777572602739728,2382.0,2382.0,59.550000000000004,39.7,11.9,21.549999999999997,1.0,1.0,1.0,1.0,1.0,1.0
64,Bhutan,2021,3237.72,76.48,86.43,19.38387397260274,24.891679452054795,2389.0,2389.0,59.725,39.81666666666666,11.9,21.549999999999997,1.0,1.0,1.0,1.0,1.0,1.0
64,Bhutan,2022,3174.8,74.3,81.96,17.670227397260273,22.77067671232877,2394.0,2394.0,59.85,39.9,11.9,21.549999999999997,1.0,1.0,1.0,1.0,1.0,1.0
64,Bhutan,2023,3106.71,71.74,80.56,18.663975342465754,22.98221643835616,2399.0,2399.0,59.975,39.98333333333333,11.9,21.549999999999997,1.0,1.0,1.0,1.0,1.0,1.0
68,Bolivia (Plurinational State of),2010,2247.19,71.08,54.800000000000004,14.796120547945206,16.926331506849316,2240.0,2240.0,56.0,37.333333333333336,11.9,21.549999999999997,1.0,1.0,1.0,1.0,0.7854446174872073,0.9570889234974415
68,Bolivia (Plurinational State of),2011,2266.23,71.28999999999999,55.36,14.724624657534248,16.877164383561645,2244.0,2244.0,56.1,37.4,11.9,21.549999999999997,1.0,1.0,1.0,1.0,0.783163080443696,0.9566326160887393
68,Bolivia (Plurinational State of),2012,2277.34,70.91,56.160000000000004,14.790120547945204,16.978646575342466,2248.0,2248.0,56.2,37.46666666666667,11.9,21.549999999999997,1.0,1.0,1.0,1.0,0.7878722308743605,0.9575744461748721
68,Bolivia (Plurinational State of),2013,2287.55,70.22,56.71,14.712054794520547,16.82858082191781,2251.0,2251.0,56.275000000000006,37.516666666666666,11.9,21.549999999999997,1.0,1.0,1.0,1.0,0.7809086228268126,0.9561817245653625
68,Bolivia (Plurinational State of),2014,2277.89,71.34,56.519999999999996,15.038701369863013,17.299320547945204,2255.0,2255.0,56.375,37.583333333333336,11.9,21.549999999999997,1.0,1.0,1.0,1.0,0.8027526936401488,0.9605505387280298
68,Bolivia (Plurinational State of),2015,2338.56,79.61,60.14,16.28145205479452,18.475797260273975,2258.0,2258.0,56.45,37.63333333333333,11.9,21.549999999999997,1.0,1.0,1.0,1.0,0.8573455805231543,0.9714691161046309
68,Bolivia (Plurinational State of),2016,2382.63,79.03999999999999,59.86,16.870339726027396,19.319619178082192,2262.0,2262.0,56.550000000000004,37.7,11.9,21.549999999999997,1.0,1.0,1.0,1.0,0.896502050027016,0.9793004100054032
68,Bolivia (Plurinational State of),2017,2380.27,80.56,61.26,16.535635616438356,18.88634794520548,2265.0,2265.0,56.625,37.75,11.9,21.549999999999997,1.0,1.0,1.0,1.0,0.8763966563900455,0.975279331278009
68,Bolivia (Plurinational State of),2018,2413.2400000000002,80.28,62.510000000000005,16.803939726027398,19.278224657534246,2268.0,2268.0,56.7,37.8,11.9,21.549999999999997,1.0,1.0,1.0,1.0,0.8945811906048375,0.9789162381209675
68,Bolivia (Plurinational State of),2019,2441.0099999999998,81.41,63.23,16.678632876712328,19.581827397260273,2272.0,2272.0,56.800000000000004,37.86666666666667,11.9,21.549999999999997,1.0,1.0,1.0,1.0,0.9086694847916601,0.981733896958332
68,Bolivia (Plurinational State of),2020,2404.37,80.38,58.48,16.65539178082192,19.52693698630137,2275.0,2275.0,56.875,37.916666666666664,11.9,21.549999999999997,1.0,1.0,1.0,1.0,0.9061223659536599,0.981224473190732
68,Bolivia (Plurinational State of),2021,2387.65,81.06,57.35,16.635934246575342,19.256690410958903,2278.0,2278.0,56.95,37.96666666666667,11.9,21.549999999999997,1.0,1.0,1.0,1.0,0.893581921622223,0.9787163843244446
68,Bolivia (Plurinational State of),2022,2363.7,80.82,57.11,16.385646575342466,18.684802739726027,2280.0,2280.0,57.0,38.0,11.9,21.549999999999997,1.0,1.0,1.0,1.0,0.8670442106601406,0.9734088421320282
68,Bolivia (Plurinational State of),2023,2373.68,80.81,57.17,16.02653698630137,18.11730410958904,2284.0,2284.0,57.1,38.06666666666666,11.9,21.549999999999997,1.0,1.0,1.0,1.0,0.8407101674983314,0.9681420334996662
70,Bosnia and Herzegovina,2010,3097.84,97.49,78.4,21.992279452054795,29.34292602739726,2511.0,2511.0,62.775000000000006,41.849999999999994,11.9,21.549999999999997,1.0,1.0,1.0,1.0,1.0,1.0
70,Bosnia and Herzegovina,2011,3111.38,98.41,79.84,22.02409589041096,29.289027397260273,2510.0,2510.0,62.75,41.833333333333336,11.9,21.549999999999997,1.0,1.0,1.0,1.0,1.0,1.0
70,Bosnia and Herzegovina,2012,3110.46,100.31,79.43,22.52577808219178,29.775953424657537,2510.0,2510.0,62.75,41.833333333333336,11.9,21.549999999999997,1.0,1.0,1.0,1.0,1.0,1.0
70,Bosnia and Herzegovina,2013,3156.9900000000002,100.48,80.81,22.143909589041094,29.568816438356166,2509.0,2509.0,62.725,41.81666666666666,11.9,21.549999999999997,1.0,1.0,1.0,1.0,1.0,1.0
70,Bosnia and Herzegovina,2014,3221.82,100.83,84.25,22.37704383561644,29.703556164383563,2508.0,2508.0,62.7,41.8,11.9,21.549999999999997,1.0,1.0,1.0,1.0,1.0,1.0
70,Bosnia and Herzegovina,2015,3293.0099999999998,106.00999999999999,89.22,23.30253424657534,30.730334246575342,2507.0,2507.0,62.675000000000004,41.78333333333333,11.9,21.549999999999997,1.0,1.0,1.0,1.0,1.0,1.0
70,Bosnia and Herzegovina,2016,3327.7,107.04,91.75999999999999,23.416594520547946,31.056506849315067,2505.0,2505.0,62.625,41.75,11.9,21.549999999999997,1.0,1.0,1.0,1.0,1.0,1.0
70,Bosnia and Herzegovina,2017,3304.23,106.22,92.89,23.045583561643834,30.516246575342464,2504.0,2504.0,62.6,41.73333333333333,11.9,21.549999999999997,1.0,1.0,1.0,1.0,1.0,1.0
70,Bosnia and Herzegovina,2018,3337.75,108.73,88.4,23.50037808219178,31.236761643835617,2502.0,2502.0,62.550000000000004,41.7,11.9,21.549999999999997,1.0,1.0,1.0,1.0,1.0,1.0
70,Bosnia and Herzegovina,2019,3356.31,109.85,96.2,23.687520547945205,31.31370136986301,2500.0,2500.0,62.5,41.666666666666664,11.9,21.549999999999997,1.0,1.0,1.0,1.0,1.0,1.0
70,Bosnia and Herzegovina,2020,3385.92,109.0,92.65,23.782202739726024,32.12136164383562,2498.0,2498.0,62.45,41.63333333333333,11.9,21.549999999999997,1.0,1.0,1.0,1.0,1.0,1.0
70,Bosnia and Herzegovina,2021,3375.79,109.24,93.42,24.18529589041096,32.61986301369863,2496.0,2496.0,62.400000000000006,41.599999999999994,11.9,21.549999999999997,1.0,1.0,1.0,1.0,1.0,1.0
70,Bosnia and Herzegovina,2022,3441.67,109.3,94.67,23.43690410958904,31.194463013698634,2496.0,2496.0,62.400000000000006,41.599999999999994,11.9,21.549999999999997,1.0,1.0,1.0,1.0,1.0,1.0
70,Bosnia and Herzegovina,2023,3457.7799999999997,113.64,96.66,24.119506849315066,32.24689589041096,2495.0,2495.0,62.375,41.583333333333336,11.9,21.549999999999997,1.0,1.0,1.0,1.0,1.0,1.0
72,Botswana,2010,2457.2400000000002,69.18,61.58,15.198282191780821,20.346449315068494,2333.0,2333.0,58.325,38.88333333333333,11.9,21.549999999999997,1.0,1.0,1.0,1.0,0.9441507802816007,0.9888301560563202
72,Botswana,2011,2464.72,73.71,64.26,16.629471232876714,20.7892602739726,2332.0,2332.0,58.300000000000004,38.86666666666667,11.9,21.549999999999997,1.0,1.0,1.0,1.0,0.9646988526205384,0.9929397705241076
72,Botswana,2012,2469.0099999999998,72.26,65.61,16.780520547945205,20.59319726027397,2333.0,2333.0,58.325,38.88333333333333,11.9,21.549999999999997,1.0,1.0,1.0,1.0,0.9556008009407877,0.9911201601881576
72,Botswana,2013,2475.12,67.12,62.519999999999996,15.227816438356164,19.735575342465754,2334.0,2334.0,58.35,38.9,11.9,21.549999999999997,1.0,1.0,1.0,1.0,0.9158039602072277,0.9831607920414456
72,Botswana,2014,2504.61,65.74,61.699999999999996,15.524698630136987,19.546460273972603,2337.0,2337.0,58.425000000000004,38.95,11.9,21.549999999999997,1.0,1.0,1.0,1.0,0.9070283189778471,0.9814056637955695
72,Botswana,2015,2532.08,66.54,59.72,15.623183561643836,20.04931506849315,2341.0,2341.0,58.525000000000006,39.016666666666666,11.9,21.549999999999997,1.0,1.0,1.0,1.0,0.9303626481899375,0.9860725296379875
72,Botswana,2016,2545.19,66.76,62.03,15.87118904109589,20.277501369863014,2344.0,2344.0,58.6,39.06666666666666,11.9,21.549999999999997,1.0,1.0,1.0,1.0,0.9409513396688175,0.9881902679337635
72,Botswana,2017,2572.06,64.08,60.2,15.664224657534245,20.00066301369863,2348.0,2348.0,58.7,39.13333333333333,11.9,21.549999999999997,1.0,1.0,1.0,1.0,0.9281050122365955,0.9856210024473191
72,Botswana,2018,2534.44,64.01,60.69,15.247452054794522,19.53784383561644,2353.0,2353.0,58.825,39.21666666666667,11.9,21.549999999999997,1.0,1.0,1.0,1.0,0.906628484251343,0.9813256968502685
72,Botswana,2019,2577.13,64.8,61.47,15.464805479452055,19.942690410958903,2357.0,2357.0,58.925000000000004,39.28333333333333,11.9,21.549999999999997,1.0,1.0,1.0,1.0,0.9254148682579538,0.9850829736515907
72,Botswana,2020,2642.03,69.78,66.42999999999999,16.339756164383562,21.246271232876712,2361.0,2361.0,59.025000000000006,39.349999999999994,11.9,21.549999999999997,1.0,1.0,1.0,1.0,0.9859058576740934,0.9971811715348187
72,Botswana,2021,2695.72,74.64,68.56,17.47673424657534,20.734389041095888,2363.0,2363.0,59.075,39.38333333333333,11.9,21.549999999999997,1.0,1.0,1.0,1.0,0.9621526237167467,0.9924305247433493
72,Botswana,2022,2738.2799999999997,76.86,68.67999999999999,19.185835616438357,22.133213698630136,2362.0,2362.0,59.050000000000004,39.36666666666667,11.9,21.549999999999997,1.0,1.0,1.0,1.0,1.0,1.0
72,Botswana,2023,2713.91,73.02,65.14,17.81068493150685,21.501427397260276,2362.0,2362.0,59.050000000000004,39.36666666666667,11.9,21.549999999999997,1.0,1.0,1.0,1.0,0.9977460509169502,0.99954921018339
76,Brazil,2010,3303.0099999999998,101.75,112.45,19.452013698630136,21.673331506849316,2437.0,2437.0,60.925000000000004,40.61666666666667,11.9,21.549999999999997,1.0,1.0,1.0,1.0,1.0,1.0
76,Brazil,2011,3348.81,103.46,117.83999999999999,19.415887671232877,21.488967123287672,2440.0,2440.0,61.0,40.666666666666664,11.9,21.549999999999997,1.0,1.0,1.0,1.0,0.997167847948384,0.9994335695896768
76,Brazil,2012,3300.02,102.19,118.22,19.133808219178082,21.04053698630137,2442.0,2442.0,61.050000000000004,40.7,11.9,21.549999999999997,1.0,1.0,1.0,1.0,0.9763590248863746,0.9952718049772749
76,Brazil,2013,3311.1600000000003,103.92,119.33,19.38618904109589,21.323383561643833,2445.0,2445.0,61.125,40.75,11.9,21.549999999999997,1.0,1.0,1.0,1.0,0.9894841559927534,0.9978968311985508
76,Brazil,2014,3354.34,104.75,122.66,19.513884931506848,21.231904109589042,2446.0,2446.0,61.150000000000006,40.766666666666666,11.9,21.549999999999997,1.0,1.0,1.0,1.0,0.9852391698185171,0.9970478339637034
76,Brazil,2015,3300.0,103.47,123.8,18.96962191780822,20.517501369863012,2447.0,2447.0,61.175000000000004,40.78333333333333,11.9,21.549999999999997,1.0,1.0,1.0,1.0,0.9520882306200935,0.9904176461240187
76,Brazil,2016,3280.33,103.2,123.58,19.164517808219177,20.77886301369863,2448.0,2448.0,61.2,40.8,11.9,21.549999999999997,1.0,1.0,1.0,1.0,0.9642163811461082,0.9928432762292216
76,Brazil,2017,3296.84,104.42,124.05,18.980402739726028,20.437320547945205,2448.0,2448.0,61.2,40.8,11.9,21.549999999999997,1.0,1.0,1.0,1.0,0.9483675428280839,0.9896735085656168
76,Brazil,2018,3339.54,107.14,126.84,19.6432301369863,21.25442191780822,2449.0,2449.0,61.225,40.81666666666666,11.9,21.549999999999997,1.0,1.0,1.0,1.0,0.9862840797126785,0.9972568159425357
76,Brazil,2019,3350.07,103.56,134.92000000000002,19.19467397260274,20.701879452054794,2449.0,2449.0,61.225,40.81666666666666,11.9,21.549999999999997,1.0,1.0,1.0,1.0,0.9606440580999905,0.9921288116199982
76,Brazil,2020,3322.7400000000002,103.56,138.05,19.031298630136988,20.640468493150685,2450.0,2450.0,61.25,40.833333333333336,11.9,21.549999999999997,1.0,1.0,1.0,1.0,0.9577943616311224,0.9915588723262244
76,Brazil,2021,3374.68,102.98,140.36,19.182915068493152,20.701791780821917,2450.0,2450.0,61.25,40.833333333333336,11.9,21.549999999999997,1.0,1.0,1.0,1.0,0.9606399898293234,0.9921279979658646
76,Brazil,2022,3419.46,104.27,141.95,19.448838356164384,21.032605479452055,2451.0,2451.0,61.275000000000006,40.849999999999994,11.9,21.549999999999997,1.0,1.0,1.0,1.0,0.9759909735244574,0.9951981947048913
76,Brazil,2023,3423.4,106.52,141.32999999999998,19.644164383561645,21.022120547945203,2452.0,2452.0,61.300000000000004,40.86666666666667,11.9,21.549999999999997,1.0,1.0,1.0,1.0,0.9755044337793599,0.9951008867558719
84,Belize,2010,2778.61,77.94,75.09,15.69681095890411,20.328372602739726,2236.0,2236.0,55.900000000000006,37.266666666666666,11.9,21.549999999999997,1.0,1.0,1.0,1.0,0.9433119537234214,0.9886623907446843
84,Belize,2011,2742.1,76.56,74.41,15.327556164383562,19.725446575342467,2247.0,2247.0,56.175000000000004,37.45,11.9,21.549999999999997,1.0,1.0,1.0,1.0,0.9153339478117155,0.9830667895623432
84,Belize,2012,2768.51,77.78,78.96000000000001,15.561887671232876,20.079186301369862,2257.0,2257.0,56.425000000000004,37.61666666666667,11.9,21.549999999999997,1.0,1.0,1.0,1.0,0.9317487842863046,0.9863497568572608
84,Belize,2013,2747.92,77.42,78.38,15.66414794520548,20.47166301369863,2266.0,2266.0,56.650000000000006,37.766666666666666,11.9,21.549999999999997,1.0,1.0,1.0,1.0,0.9499611607284749,0.989992232145695
84,Belize,2014,2701.39,77.52,89.5,16.234764383561643,20.140008219178082,2273.0,2273.0,56.825,37.88333333333333,11.9,21.549999999999997,1.0,1.0,1.0,1.0,0.934571147061628,0.9869142294123255
84,Belize,2015,2730.99,78.64,96.7,15.55266301369863,19.360920547945206,2280.0,2280.0,57.0,38.0,11.9,21.549999999999997,1.0,1.0,1.0,1.0,0.8984185869116106,0.9796837173823221
84,Belize,2016,2740.8,80.85,91.94,15.988164383561644,20.33677808219178,2287.0,2287.0,57.175000000000004,38.11666666666667,11.9,21.549999999999997,1.0,1.0,1.0,1.0,0.9437019991736326,0.9887403998347265
84,Belize,2017,2777.89,77.44,94.59,15.69126301369863,20.376216438356167,2293.0,2293.0,57.325,38.21666666666667,11.9,21.549999999999997,1.0,1.0,1.0,1.0,0.9455320853065508,0.9891064170613102
84,Belize,2018,2783.8,76.86,94.73,15.734983561643835,20.490090410958906,2297.0,2297.0,57.425000000000004,38.28333333333333,11.9,21.549999999999997,1.0,1.0,1.0,1.0,0.9508162603693229,0.9901632520738646
84,Belize,2019,2834.44,80.72,98.26,15.459830136986302,20.858471232876713,2300.0,2300.0,57.5,38.333333333333336,11.9,21.549999999999997,1.0,1.0,1.0,1.0,0.9679104980453233,0.9935820996090646
84,Belize,2020,2868.82,79.37,106.86,15.507728767123288,21.1387397260274,2304.0,2304.0,57.6,38.4,11.9,21.549999999999997,1.0,1.0,1.0,1.0,0.9809159965673968,0.9961831993134794
84,Belize,2021,2834.4300000000003,82.21,106.3,16.12359726027397,21.48500821917808,2310.0,2310.0,57.75,38.5,11.9,21.549999999999997,1.0,1.0,1.0,1.0,0.9969841401010712,0.9993968280202143
84,Belize,2022,2837.42,89.74,102.02,17.881331506849314,23.316301369863012,2318.0,2318.0,57.95,38.63333333333333,11.9,21.549999999999997,1.0,1.0,1.0,1.0,1.0,1.0
84,Belize,2023,2831.81,88.65,99.47,17.729534246575344,23.800723287671232,2324.0,2324.0,58.1,38.73333333333333,11.9,21.549999999999997,1.0,1.0,1.0,1.0,1.0,1.0
90,Solomon Islands,2010,2416.2,60.2,48.54,12.200049315068494,18.349490410958904,2167.0,2167.0,54.175000000000004,36.11666666666667,11.9,21.549999999999997,1.0,1.0,1.0,1.0,0.8514844738263994,0.9702968947652799
90,Solomon Islands,2011,2375.78,61.519999999999996,48.96,12.579980821917808,18.434350684931506,2172.0,2172.0,54.300000000000004,36.2,11.9,21.549999999999997,1.0,1.0,1.0,1.0,0.8554223055652672,0.9710844611130535
90,Solomon Islands,2012,2324.39,58.99,45.74,11.771901369863015,17.117512328767123,2176.0,2176.0,54.400000000000006,36.266666666666666,11.9,21.549999999999997,1.0,1.0,1.0,0.9892354092321861,0.7943161173441822,0.9567103053152737
90,Solomon Islands,2013,2318.34,57.4,48.269999999999996,11.934290410958905,17.930224657534247,2179.0,2179.0,54.475,36.31666666666666,11.9,21.549999999999997,1.0,1.0,1.0,1.0,0.8320289864285034,0.9664057972857008
90,Solomon Islands,2014,2343.11,59.45,48.21,12.13877808219178,18.734854794520547,2182.0,2182.0,54.550000000000004,36.36666666666667,11.9,21.549999999999997,1.0,1.0,1.0,1.0,0.8693668118106984,0.9738733623621396
90,Solomon Islands,2015,2309.35,56.82,50.44,11.387646575342467,17.599131506849318,2185.0,2185.0,54.625,36.416666666666664,11.9,21.549999999999997,1.0,1.0,1.0,0.9569450903649132,0.816665035120618,0.9547220250971062
90,Solomon Islands,2016,2300.68,55.64,52.79,11.269920547945205,17.1451698630137,2188.0,2188.0,54.7,36.46666666666667,11.9,21.549999999999997,1.0,1.0,1.0,0.9470521468861516,0.7955995296062043,0.9485303352984712
90,Solomon Islands,2017,2341.69,56.93,51.27,11.98938904109589,17.26856712328767,2191.0,2191.0,54.775000000000006,36.516666666666666,11.9,21.549999999999997,1.0,1.0,1.0,1.0,0.8013256205701936,0.9602651241140387
90,Solomon Islands,2018,2308.06,57.13,50.96,11.849898630136988,17.36274794520548,2196.0,2196.0,54.900000000000006,36.599999999999994,11.9,21.549999999999997,1.0,1.0,1.0,0.9957898008518477,0.8056959603343612,0.9602971522372418
90,Solomon Islands,2019,2356.89,57.92,54.24,12.651745205479452,18.457657534246575,2200.0,2200.0,55.0,36.666666666666664,11.9,21.549999999999997,1.0,1.0,1.0,1.0,0.8565038298954328,0.9713007659790864
90,Solomon Islands,2020,2310.51,56.49,54.47,12.304709589041096,17.889298630136988,2205.0,2205.0,55.125,36.75,11.9,21.549999999999997,1.0,1.0,1.0,1.0,0.8301298668277026,0.9660259733655405
90,Solomon Islands,2021,2255.92,56.01,54.74,11.9454,17.740260273972602,2211.0,2211.0,55.275000000000006,36.849999999999994,11.9,21.549999999999997,1.0,1.0,1.0,1.0,0.823213933827035,0.964642786765407
90,Solomon Islands,2022,2190.84,53.64,56.45,11.41404383561644,17.073621917808218,2216.0,2216.0,55.400000000000006,36.93333333333333,11.9,21.549999999999997,0.9886462093862817,0.9682310469314078,1.0,0.9591633475307932,0.7922794393414487,0.9416640086379863
90,Solomon Islands,2023,2165.63,54.45,53.24,11.527405479452057,16.949,2222.0,2222.0,55.550000000000004,37.03333333333333,11.9,21.549999999999997,0.9746309630963097,0.9801980198019802,1.0,0.9686895360884081,0.7864965197215779,0.9420030077416552
100,Bulgaria,2010,2775.06,84.78999999999999,96.53,17.750093150684933,22.132684931506848,2508.0,2508.0,62.7,41.8,11.9,21.549999999999997,1.0,1.0,1.0,1.0,1.0,1.0
100,Bulgaria,2011,2786.96,85.31,93.4,17.82281369863014,21.753268493150685,2504.0,2504.0,62.6,41.73333333333333,11.9,21.549999999999997,1.0,1.0,1.0,1.0,1.0,1.0
100,Bulgaria,2012,2794.05,86.06,93.2,18.425753424657533,23.256413698630137,2503.0,2503.0,62.575,41.71666666666667,11.9,21.549999999999997,1.0,1.0,1.0,1.0,1.0,1.0
100,Bulgaria,2013,2856.84,87.2,93.63,18.178128767123287,22.137989041095892,2502.0,2502.0,62.550000000000004,41.7,11.9,21.549999999999997,1.0,1.0,1.0,1.0,1.0,1.0
100,Bulgaria,2014,2878.12,90.44,92.26,18.79898082191781,22.673287671232874,2499.0,2499.0,62.475,41.65,11.9,21.549999999999997,1.0,1.0,1.0,1.0,1.0,1.0
100,Bulgaria,2015,2779.13,87.05,96.34,17.605602739726027,21.862126027397263,2496.0,2496.0,62.400000000000006,41.599999999999994,11.9,21.549999999999997,1.0,1.0,1.0,1.0,1.0,1.0
100,Bulgaria,2016,2845.9300000000003,90.48,96.92,18.67893698630137,23.108139726027396,2494.0,2494.0,62.35,41.56666666666666,11.9,21.549999999999997,1.0,1.0,1.0,1.0,1.0,1.0
100,Bulgaria,2017,2855.25,91.03,97.68,18.531208219178083,22.34711506849315,2492.0,2492.0,62.300000000000004,41.53333333333333,11.9,21.549999999999997,1.0,1.0,1.0,1.0,1.0,1.0
100,Bulgaria,2018,2909.17,89.88,110.74,17.81823287671233,21.229002739726027,2490.0,2490.0,62.25,41.5,11.9,21.549999999999997,1.0,1.0,1.0,1.0,0.9851045354861266,0.9970209070972252
100,Bulgaria,2019,2902.75,88.97,118.75,16.79027671232877,19.941578082191782,2489.0,2489.0,62.225,41.48333333333333,11.9,21.549999999999997,1.0,1.0,1.0,1.0,0.9253632520738647,0.985072650414773
100,Bulgaria,2020,2916.51,85.76,127.47999999999999,16.117687671232876,19.103090410958902,2488.0,2488.0,62.2,41.46666666666667,11.9,21.549999999999997,1.0,1.0,1.0,1.0,0.8864543114134062,0.9772908622826811
100,Bulgaria,2021,2983.5099999999998,91.08,129.5,17.664764383561643,20.953117808219176,2489.0,2489.0,62.225,41.48333333333333,11.9,21.549999999999997,1.0,1.0,1.0,1.0,0.9723024504974097,0.994460490099482
100,Bulgaria,2022,3003.42,84.66,143.47,15.565293150684932,18.202873972602738,2489.0,2489.0,62.225,41.48333333333333,11.9,21.549999999999997,1.0,1.0,1.0,1.0,0.8446809268029114,0.9689361853605822
100,Bulgaria,2023,2999.58,86.48,139.67,16.377380821917807,19.342186301369864,2489.0,2489.0,62.225,41.48333333333333,11.9,21.549999999999997,1.0,1.0,1.0,1.0,0.8975492483234276,0.9795098496646855
104,Myanmar,2010,2688.46,87.37,70.74,15.799871232876711,18.436424657534246,2303.0,2303.0,57.575,38.38333333333333,11.9,21.549999999999997,1.0,1.0,1.0,1.0,0.8555185455932366,0.9711037091186473
104,Myanmar,2011,2678.09,87.45,71.66,15.645671232876714,18.27652602739726,2307.0,2307.0,57.675000000000004,38.45,11.9,21.549999999999997,1.0,1.0,1.0,1.0,0.848098655563678,0.9696197311127357
104,Myanmar,2012,2688.87,89.5,72.09,15.92374794520548,18.501405479452053,2310.0,2310.0,57.75,38.5,11.9,21.549999999999997,1.0,1.0,1.0,1.0,0.858533896958332,0.9717067793916664
104,Myanmar,2013,2704.63,90.26,74.18,16.052786301369864,18.52513424657534,2313.0,2313.0,57.825,38.55,11.9,21.549999999999997,1.0,1.0,1.0,1.0,0.8596349998410833,0.9719269999682167
104,Myanmar,2014,2748.77,95.44,73.35,16.611471232876713,19.15293424657534,2316.0,2316.0,57.900000000000006,38.599999999999994,11.9,21.549999999999997,1.0,1.0,1.0,1.0,0.8887672504211297,0.977753450084226
104,Myanmar,2015,2775.7599999999998,98.01,75.3,16.85912602739726,19.36471780821918,2318.0,2318.0,57.95,38.63333333333333,11.9,21.549999999999997,1.0,1.0,1.0,1.0,0.8985947938848808,0.9797189587769761
104,Myanmar,2016,2794.19,98.88,75.59,17.065194520547948,19.532041095890413,2320.0,2320.0,58.0,38.666666666666664,11.9,21.549999999999997,1.0,1.0,1.0,1.0,0.9063592155865622,0.9812718431173124
104,Myanmar,2017,2808.35,99.83000000000001,75.74,17.274016438356167,19.743665753424658,2321.0,2321.0,58.025000000000006,38.68333333333333,11.9,21.549999999999997,1.0,1.0,1.0,1.0,0.916179385309729,0.9832358770619457
104,Myanmar,2018,2798.85,98.73,78.21,17.391542465753425,19.73145479452055,2322.0,2322.0,58.050000000000004,38.7,11.9,21.549999999999997,1.0,1.0,1.0,1.0,0.9156127514858724,0.9831225502971744
104,Myanmar,2019,2795.33,97.2,83.12,17.699394520547944,20.678506849315067,2324.0,2324.0,58.1,38.73333333333333,11.9,21.549999999999997,1.0,1.0,1.0,1.0,0.9595594825668246,0.9919118965133649
104,Myanmar,2020,2845.8199999999997,81.19,57.84,16.683709589041097,19.59978904109589,2325.0,2325.0,58.125,38.75,11.9,21.549999999999997,1.0,1.0,1.0,1.0,0.9095029717445889,0.9819005943489177
104,Myanmar,2021,2837.24,80.78,56.72,16.75921095890411,19.55527397260274,2326.0,2326.0,58.150000000000006,38.766666666666666,11.9,21.549999999999997,1.0,1.0,1.0,1.0,0.9074373073133524,0.9814874614626705
104,Myanmar,2022,2805.75,78.7,56.72,16.32809589041096,18.89546301369863,2327.0,2327.0,58.175000000000004,38.78333333333333,11.9,21.549999999999997,1.0,1.0,1.0,1.0,0.876819629405969,0.9753639258811939
104,Myanmar,2023,2809.02,78.4,58.75,16.378353424657536,18.899334246575343,2328.0,2328.0,58.2,38.8,11.9,21.549999999999997,1.0,1.0,1.0,1.0,0.8769992689826146,0.9753998537965229
112,Belarus,2010,3177.34,103.79,123.98,19.61408219178082,24.26530410958904,2495.0,2495.0,62.375,41.583333333333336,11.9,21.549999999999997,1.0,1.0,1.0,1.0,1.0,1.0
112,Belarus,2011,3230.54,103.17,128.56,19.37628493150685,23.326013698630135,2491.0,2491.0,62.275000000000006,41.516666666666666,11.9,21.549999999999997,1.0,1.0,1.0,1.0,1.0,1.0
112,Belarus,2012,3303.4700000000003,103.92999999999999,128.25,19.351312328767122,23.29949315068493,2485.0,2485.0,62.125,41.416666666666664,11.9,21.549999999999997,1.0,1.0,1.0,1.0,1.0,1.0
112,Belarus,2013,3315.92,102.99,125.74000000000001,19.307750684931506,23.661802739726028,2479.0,2479.0,61.975,41.31666666666666,11.9,21.549999999999997,1.0,1.0,1.0,1.0,1.0,1.0
112,Belarus,2014,3338.35,103.67999999999999,131.82,19.983435616438356,24.473301369863016,2473.0,2473.0,61.825,41.21666666666667,11.9,21.549999999999997,1.0,1.0,1.0,1.0,1.0,1.0
112,Belarus,2015,3303.29,100.84,133.67,19.47972602739726,23.73961917808219,2468.0,2468.0,61.7,41.13333333333333,11.9,21.549999999999997,1.0,1.0,1.0,1.0,1.0,1.0
112,Belarus,2016,3295.9700000000003,101.16,130.9,19.345024657534246,23.688517808219178,2462.0,2462.0,61.550000000000004,41.03333333333333,11.9,21.549999999999997,1.0,1.0,1.0,1.0,1.0,1.0
112,Belarus,2017,3314.57,101.28,134.62,19.345838356164382,23.678764383561642,2458.0,2458.0,61.45,40.96666666666667,11.9,21.549999999999997,1.0,1.0,1.0,1.0,1.0,1.0
112,Belarus,2018,3315.8900000000003,102.03999999999999,132.78,19.342950684931505,23.458704109589043,2457.0,2457.0,61.425000000000004,40.95,11.9,21.549999999999997,1.0,1.0,1.0,1.0,1.0,1.0
112,Belarus,2019,3373.84,112.67999999999999,134.91,20.59001095890411,24.706846575342464,2456.0,2456.0,61.400000000000006,40.93333333333333,11.9,21.549999999999997,1.0,1.0,1.0,1.0,1.0,1.0
112,Belarus,2020,3433.25,117.31,134.17,20.97572602739726,24.543013698630137,2457.0,2457.0,61.425000000000004,40.95,11.9,21.549999999999997,1.0,1.0,1.0,1.0,1.0,1.0
112,Belarus,2021,3415.4,114.14,131.36,20.67287397260274,24.519317808219178,2458.0,2458.0,61.45,40.96666666666667,11.9,21.549999999999997,1.0,1.0,1.0,1.0,1.0,1.0
112,Belarus,2022,3431.0,117.95,131.21,21.1647698630137,25.006668493150684,2461.0,2461.0,61.525000000000006,41.016666666666666,11.9,21.549999999999997,1.0,1.0,1.0,1.0,1.0,1.0
112,Belarus,2023,3396.23,127.94,125.32,21.761238356164384,24.6239698630137,2465.0,2465.0,61.625,41.083333333333336,11.9,21.549999999999997,1.0,1.0,1.0,1.0,1.0,1.0
116,Cambodia,2010,2520.75,62.08,32.47,12.937071232876713,13.465,2249.0,2249.0,56.225,37.48333333333333,11.9,21.549999999999997,1.0,1.0,0.8662516674077368,1.0,0.6248259860788864,0.8982155306973245
116,Cambodia,2011,2610.49,63.85,33.269999999999996,13.489498630136987,13.98051780821918,2257.0,2257.0,56.425000000000004,37.61666666666667,11.9,21.549999999999997,1.0,1.0,0.8844483828090385,1.0,0.6487479261354608,0.9066392617888999
116,Cambodia,2012,2601.92,64.06,32.58,13.464134246575343,14.097186301369865,2260.0,2260.0,56.5,37.666666666666664,11.9,21.549999999999997,1.0,1.0,0.8649557522123894,1.0,0.6541617773257479,0.9038235059076275
116,Cambodia,2013,2590.55,63.879999999999995,32.39,13.363227397260275,14.08821095890411,2264.0,2264.0,56.6,37.73333333333333,11.9,21.549999999999997,1.0,1.0,0.85839222614841,1.0,0.6537452881162001,0.9024275028529221
116,Cambodia,2014,2603.4900000000002,61.14,31.85,13.506405479452056,12.898915068493151,2266.0,2266.0,56.650000000000006,37.766666666666666,11.9,21.549999999999997,1.0,1.0,0.8433362753751104,1.0,0.5985575437815849,0.888378763831339
116,Cambodia,2015,2641.85,60.019999999999996,31.75,13.478134246575344,12.8972,2266.0,2266.0,56.650000000000006,37.766666666666666,11.9,21.549999999999997,1.0,1.0,0.8406884377758165,1.0,0.598477958236659,0.8878332792024951
116,Cambodia,2016,2651.14,60.18000000000001,32.26,13.502128767123288,12.920265753424658,2266.0,2266.0,56.650000000000006,37.766666666666666,11.9,21.549999999999997,1.0,1.0,0.8541924095322153,1.0,0.5995482948224901,0.8907481408709412
116,Cambodia,2017,2673.8399999999997,61.559999999999995,35.32,13.554139726027397,13.044057534246576,2268.0,2268.0,56.7,37.8,11.9,21.549999999999997,1.0,1.0,0.9343915343915344,1.0,0.6052926930044816,0.9079368454792032
116,Cambodia,2018,2672.81,62.28,36.45,13.61950684931507,13.1052,2272.0,2272.0,56.800000000000004,37.86666666666667,11.9,21.549999999999997,1.0,1.0,0.9625880281690141,1.0,0.6081299303944316,0.9141435917126891
116,Cambodia,2019,2716.54,61.3,34.32,13.690594520547947,13.299953424657534,2274.0,2274.0,56.85,37.9,11.9,21.549999999999997,1.0,1.0,0.9055408970976254,1.0,0.6171672122810922,0.9045416218757435
116,Cambodia,2020,2721.32,61.13,37.21,13.97862191780822,13.453969863013699,2276.0,2276.0,56.900000000000006,37.93333333333333,11.9,21.549999999999997,1.0,1.0,0.9809314586994728,1.0,0.6243141467755777,0.9210491210950101
116,Cambodia,2021,2694.28,60.699999999999996,35.19,13.641293150684932,12.715238356164384,2278.0,2278.0,56.95,37.96666666666667,11.9,21.549999999999997,1.0,1.0,0.9268656716417909,1.0,0.5900342624670248,0.9033799868217631
116,Cambodia,2022,2623.5899999999997,60.05,30.959999999999997,13.396008219178082,12.337230136986301,2281.0,2281.0,57.025000000000006,38.016666666666666,11.9,21.549999999999997,1.0,1.0,0.8143796580447171,1.0,0.5724932778183899,0.8773745871726215
116,Cambodia,2023,2642.92,64.39,34.57,13.41025205479452,12.364413698630138,2283.0,2283.0,57.075,38.05,11.9,21.549999999999997,1.0,1.0,0.9085413929040737,1.0,0.5737546959921178,0.8964592177792383
120,Cameroon,2010,2803.56,74.53,63.59,15.61581095890411,24.53410410958904,2216.0,2216.0,55.400000000000006,36.93333333333333,11.9,21.549999999999997,1.0,1.0,1.0,1.0,1.0,1.0
120,Cameroon,2011,2821.92,76.12,62.38,15.831572602739726,24.78109589041096,2217.0,2217.0,55.425000000000004,36.95,11.9,21.549999999999997,1.0,1.0,1.0,1.0,1.0,1.0
120,Cameroon,2012,2855.08,75.53999999999999,62.93,16.174531506849316,25.38653698630137,2220.0,2220.0,55.5,37.0,11.9,21.549999999999997,1.0,1.0,1.0,1.0,1.0,1.0
120,Cameroon,2013,2865.7599999999998,75.9,62.82,15.999257534246576,24.98364931506849,2223.0,2223.0,55.575,37.05,11.9,21.549999999999997,1.0,1.0,1.0,1.0,1.0,1.0
120,Cameroon,2014,2805.22,74.97,61.32,15.636528767123288,24.534575342465754,2228.0,2228.0,55.7,37.13333333333333,11.9,21.549999999999997,1.0,1.0,1.0,1.0,1.0,1.0
120,Cameroon,2015,2806.53,75.5,60.39,15.77426301369863,24.659931506849315,2233.0,2233.0,55.825,37.21666666666667,11.9,21.549999999999997,1.0,1.0,1.0,1.0,1.0,1.0
120,Cameroon,2016,2803.29,75.79,61.1,15.689797260273973,24.690964383561642,2237.0,2237.0,55.925000000000004,37.28333333333333,11.9,21.549999999999997,1.0,1.0,1.0,1.0,1.0,1.0
120,Cameroon,2017,2779.01,73.75,59.25,15.466038356164383,24.259909589041097,2240.0,2240.0,56.0,37.333333333333336,11.9,21.549999999999997,1.0,1.0,1.0,1.0,1.0,1.0
120,Cameroon,2018,2810.42,74.37,58.449999999999996,15.568953424657533,24.35189315068493,2243.0,2243.0,56.075,37.38333333333333,11.9,21.549999999999997,1.0,1.0,1.0,1.0,1.0,1.0
120,Cameroon,2019,2865.05,73.91,59.0,15.743898630136988,24.638717808219177,2245.0,2245.0,56.125,37.416666666666664,11.9,21.549999999999997,1.0,1.0,1.0,1.0,1.0,1.0
120,Cameroon,2020,2843.36,72.78,65.58,15.797783561643836,24.077235616438355,2248.0,2248.0,56.2,37.46666666666667,11.9,21.549999999999997,1.0,1.0,1.0,1.0,1.0,1.0
120,Cameroon,2021,2867.09,72.89,60.46,15.61313698630137,23.454701369863013,2252.0,2252.0,56.300000000000004,37.53333333333333,11.9,21.549999999999997,1.0,1.0,1.0,1.0,1.0,1.0
120,Cameroon,2022,2936.34,72.96,60.15,15.578698630136987,23.663805479452055,2256.0,2256.0,56.400000000000006,37.599999999999994,11.9,21.549999999999997,1.0,1.0,1.0,1.0,1.0,1.0
120,Cameroon,2023,2900.9500000000003,71.31,60.5,15.22957808219178,23.239298630136986,2260.0,2260.0,56.5,37.666666666666664,11.9,21.549999999999997,1.0,1.0,1.0,1.0,1.0,1.0
124,Canada,2010,3537.7599999999998,110.43,148.22,22.783876712328766,26.43226301369863,2515.0,2515.0,62.875,41.916666666666664,11.9,21.549999999999997,1.0,1.0,1.0,1.0,1.0,1.0
124,Canada,2011,3572.99,109.60000000000001,154.70000000000002,22.54227123287671,26.225427397260276,2514.0,2514.0,62.85,41.9,11.9,21.549999999999997,1.0,1.0,1.0,1.0,1.0,1.0
124,Canada,2012,3555.9900000000002,112.04,145.31,23.410775342465755,27.294682191780822,2512.0,2512.0,62.800000000000004,41.86666666666667,11.9,21.549999999999997,1.0,1.0,1.0,1.0,1.0,1.0
124,Canada,2013,3531.27,110.78,146.48,23.45472602739726,27.073323287671233,2511.0,2511.0,62.775000000000006,41.849999999999994,11.9,21.549999999999997,1.0,1.0,1.0,1.0,1.0,1.0
124,Canada,2014,3500.23,107.51,159.52,21.599101369863014,25.031399999999998,2509.0,2509.0,62.725,41.81666666666666,11.9,21.549999999999997,1.0,1.0,1.0,1.0,1.0,1.0
124,Canada,2015,3504.9,106.57,160.68,21.370709589041095,24.532394520547946,2507.0,2507.0,62.675000000000004,41.78333333333333,11.9,21.549999999999997,1.0,1.0,1.0,1.0,1.0,1.0
124,Canada,2016,3573.24,111.39,159.47,21.922531506849314,25.680019178082194,2505.0,2505.0,62.625,41.75,11.9,21.549999999999997,1.0,1.0,1.0,1.0,1.0,1.0
124,Canada,2017,3569.71,113.58,158.95,22.310879452054795,26.314523287671232,2505.0,2505.0,62.625,41.75,11.9,21.549999999999997,1.0,1.0,1.0,1.0,1.0,1.0
124,Canada,2018,3575.56,117.02,157.81,23.122413698630137,26.880646575342467,2505.0,2505.0,62.625,41.75,11.9,21.549999999999997,1.0,1.0,1.0,1.0,1.0,1.0
124,Canada,2019,3557.91,115.62,155.76,23.23875616438356,26.821871232876713,2505.0,2505.0,62.625,41.75,11.9,21.549999999999997,1.0,1.0,1.0,1.0,1.0,1.0
124,Canada,2020,3617.0299999999997,115.84,160.06,23.20575616438356,26.778564383561644,2505.0,2505.0,62.625,41.75,11.9,21.549999999999997,1.0,1.0,1.0,1.0,1.0,1.0
124,Canada,2021,3583.94,113.69,159.82,22.72417808219178,26.451487671232876,2505.0,2505.0,62.625,41.75,11.9,21.549999999999997,1.0,1.0,1.0,1.0,1.0,1.0
124,Canada,2022,3581.89,115.57000000000001,159.77,23.120487671232876,26.642789041095888,2506.0,2506.0,62.650000000000006,41.766666666666666,11.9,21.549999999999997,1.0,1.0,1.0,1.0,1.0,1.0
124,Canada,2023,3590.03,112.9,163.06,22.856723287671233,25.593235616438356,2508.0,2508.0,62.7,41.8,11.9,21.549999999999997,1.0,1.0,1.0,1.0,1.0,1.0
132,Cabo Verde,2010,2613.27,75.44,70.22,15.696153424657535,19.52155890410959,2380.0,2380.0,59.5,39.666666666666664,11.9,21.549999999999997,1.0,1.0,1.0,1.0,0.9058728029749231,0.9811745605949846
132,Cabo Verde,2011,2521.0299999999997,72.94,66.59,15.032301369863013,19.099608219178084,2388.0,2388.0,59.7,39.8,11.9,21.549999999999997,1.0,1.0,1.0,1.0,0.8862927247878463,0.9772585449575694
132,Cabo Verde,2012,2554.96,72.73,69.07000000000001,15.18033698630137,19.1874301369863,2395.0,2395.0,59.875,39.916666666666664,11.9,21.549999999999997,1.0,1.0,1.0,1.0,0.8903679877951881,0.9780735975590377
132,Cabo Verde,2013,2601.18,75.09,68.46000000000001,15.755975342465753,20.004630136986304,2401.0,2401.0,60.025000000000006,40.016666666666666,11.9,21.549999999999997,1.0,1.0,1.0,1.0,0.9282891014842833,0.9856578202968567
132,Cabo Verde,2014,2554.84,73.7,72.72,15.29693698630137,19.364632876712328,2406.0,2406.0,60.150000000000006,40.099999999999994,11.9,21.549999999999997,1.0,1.0,1.0,1.0,0.8985908527476719,0.9797181705495344
132,Cabo Verde,2015,2598.97,79.17,71.92,16.044427397260275,20.472810958904113,2409.0,2409.0,60.225,40.15,11.9,21.549999999999997,1.0,1.0,1.0,1.0,0.9500144296475227,0.9900028859295045
132,Cabo Verde,2016,2637.94,79.56,75.38,16.655457534246576,21.030649315068494,2410.0,2410.0,60.25,40.166666666666664,11.9,21.549999999999997,1.0,1.0,1.0,1.0,0.9759002002351971,0.9951800400470393
132,Cabo Verde,2017,2710.05,83.41,71.58,17.239679452054794,21.599997260273973,2410.0,2410.0,60.25,40.166666666666664,11.9,21.549999999999997,1.0,1.0,1.0,1.0,1.0,1.0
132,Cabo Verde,2018,2746.5,84.16,76.72,18.14174794520548,23.213257534246576,2409.0,2409.0,60.225,40.15,11.9,21.549999999999997,1.0,1.0,1.0,1.0,1.0,1.0
132,Cabo Verde,2019,2783.47,85.29,74.28999999999999,18.060246575342465,22.91207671232877,2406.0,2406.0,60.150000000000006,40.099999999999994,11.9,21.549999999999997,1.0,1.0,1.0,1.0,1.0,1.0
132,Cabo Verde,2020,2844.11,87.02,77.91,18.344605479452053,23.656723287671234,2404.0,2404.0,60.1,40.06666666666666,11.9,21.549999999999997,1.0,1.0,1.0,1.0,1.0,1.0
132,Cabo Verde,2021,2821.55,84.57000000000001,77.02,18.331608219178083,23.1124602739726,2410.0,2410.0,60.25,40.166666666666664,11.9,21.549999999999997,1.0,1.0,1.0,1.0,1.0,1.0
132,Cabo Verde,2022,2773.13,85.21,75.91,18.132950684931508,23.16410684931507,2422.0,2422.0,60.550000000000004,40.36666666666667,11.9,21.549999999999997,1.0,1.0,1.0,1.0,1.0,1.0
132,Cabo Verde,2023,2793.61,82.67999999999999,84.3,17.152843835616437,21.324479452054796,2434.0,2434.0,60.85,40.56666666666666,11.9,21.549999999999997,1.0,1.0,1.0,1.0,0.9895350093760927,0.9979070018752185
142,Asia,2010,2693.73,81.7,65.05,16.423424657534248,20.961835616438357,2348.0,2348.0,58.7,39.13333333333333,11.9,21.549999999999997,1.0,1.0,1.0,1.0,0.9727069891618728,0.9945413978323746
142,Asia,2011,2722.9500000000003,82.41,64.97,16.56810684931507,21.078241095890412,2349.0,2349.0,58.725,39.15,11.9,21.549999999999997,1.0,1.0,1.0,1.0,0.9781086355401585,0.9956217271080317
142,Asia,2012,2735.6,82.67,66.64,16.650775342465753,21.239452054794523,2350.0,2350.0,58.75,39.166666666666664,11.9,21.549999999999997,1.0,1.0,1.0,1.0,0.9855894224962657,0.9971178844992531
142,Asia,2013,2746.89,83.48,67.04,16.807191780821917,21.451723287671232,2350.0,2350.0,58.75,39.166666666666664,11.9,21.549999999999997,1.0,1.0,1.0,1.0,0.9954395957156026,0.9990879191431205
142,Asia,2014,2795.32,84.75,69.31,16.94058904109589,21.701117808219177,2351.0,2351.0,58.775000000000006,39.18333333333333,11.9,21.549999999999997,1.0,1.0,1.0,1.0,1.0,1.0
142,Asia,2015,2803.43,85.66,70.03,17.092720547945206,21.94594794520548,2352.0,2352.0,58.800000000000004,39.2,11.9,21.549999999999997,1.0,1.0,1.0,1.0,1.0,1.0
142,Asia,2016,2820.02,86.86,70.58,17.316345205479454,22.31483287671233,2352.0,2352.0,58.800000000000004,39.2,11.9,21.549999999999997,1.0,1.0,1.0,1.0,1.0,1.0
142,Asia,2017,2856.35,88.28999999999999,72.78,17.539372602739725,22.692342465753423,2353.0,2353.0,58.825,39.21666666666667,11.9,21.549999999999997,1.0,1.0,1.0,1.0,1.0,1.0
142,Asia,2018,2859.96,88.52,73.82000000000001,17.577597260273972,22.796523287671235,2354.0,2354.0,58.85,39.23333333333333,11.9,21.549999999999997,1.0,1.0,1.0,1.0,1.0,1.0
142,Asia,2019,2881.44,89.49,75.54,17.680967123287672,22.95310684931507,2357.0,2357.0,58.925000000000004,39.28333333333333,11.9,21.549999999999997,1.0,1.0,1.0,1.0,1.0,1.0
142,Asia,2020,2895.54,90.47,75.53,17.968238356164385,23.32126301369863,2360.0,2360.0,59.0,39.333333333333336,11.9,21.549999999999997,1.0,1.0,1.0,1.0,1.0,1.0
142,Asia,2021,2926.34,92.14,78.16,18.20811780821918,23.622739726027397,2364.0,2364.0,59.1,39.4,11.9,21.549999999999997,1.0,1.0,1.0,1.0,1.0,1.0
142,Asia,2022,2953.09,93.4,78.76,18.361991780821917,23.837739726027397,2368.0,2368.0,59.2,39.46666666666667,11.9,21.549999999999997,1.0,1.0,1.0,1.0,1.0,1.0
142,Asia,2023,2991.47,94.75,81.24,18.60340273972603,24.094841095890413,2372.0,2372.0,59.300000000000004,39.53333333333333,11.9,21.549999999999997,1.0,1.0,1.0,1.0,1.0,1.0
143,Central Asia,2010,2779.68,84.94000000000001,86.33,20.612512328767124,23.539101369863015,2378.0,2378.0,59.45,39.63333333333333,11.9,21.549999999999997,1.0,1.0,1.0,1.0,1.0,1.0
143,Central Asia,2011,2845.24,87.41000000000001,88.69,21.09074520547945,24.19717808219178,2375.0,2375.0,59.375,39.583333333333336,11.9,21.549999999999997,1.0,1.0,1.0,1.0,1.0,1.0
143,Central Asia,2012,2884.2999999999997,89.52,89.61,21.541868493150684,24.723509589041093,2372.0,2372.0,59.300000000000004,39.53333333333333,11.9,21.549999999999997,1.0,1.0,1.0,1.0,1.0,1.0
143,Central Asia,2013,2913.19,90.8,90.42,21.880994520547944,25.16909315068493,2368.0,2368.0,59.2,39.46666666666667,11.9,21.549999999999997,1.0,1.0,1.0,1.0,1.0,1.0
143,Central Asia,2014,2956.26,92.15,94.55,21.75891506849315,25.32731506849315,2363.0,2363.0,59.075,39.38333333333333,11.9,21.549999999999997,1.0,1.0,1.0,1.0,1.0,1.0
143,Central Asia,2015,2969.86,93.71,93.47,22.003331506849314,25.720621917808216,2357.0,2357.0,58.925000000000004,39.28333333333333,11.9,21.549999999999997,1.0,1.0,1.0,1.0,1.0,1.0
143,Central Asia,2016,2984.42,94.97,94.64,22.090205479452056,25.999698630136987,2352.0,2352.0,58.800000000000004,39.2,11.9,21.549999999999997,1.0,1.0,1.0,1.0,1.0,1.0
143,Central Asia,2017,2990.75,95.48,96.95,22.133164383561642,25.895254794520547,2349.0,2349.0,58.725,39.15,11.9,21.549999999999997,1.0,1.0,1.0,1.0,1.0,1.0
143,Central Asia,2018,3034.15,97.16,95.2,22.60148219178082,26.336002739726027,2346.0,2346.0,58.650000000000006,39.099999999999994,11.9,21.549999999999997,1.0,1.0,1.0,1.0,1.0,1.0
143,Central Asia,2019,3041.57,98.37,97.52,22.84505205479452,26.58558630136986,2342.0,2342.0,58.550000000000004,39.03333333333333,11.9,21.549999999999997,1.0,1.0,1.0,1.0,1.0,1.0
143,Central Asia,2020,3044.2000000000003,98.67,98.84,22.707986301369864,26.423794520547943,2339.0,2339.0,58.475,38.98333333333333,11.9,21.549999999999997,1.0,1.0,1.0,1.0,1.0,1.0
143,Central Asia,2021,3048.31,98.00999999999999,102.39,22.422895890410956,26.087131506849314,2335.0,2335.0,58.375,38.916666666666664,11.9,21.549999999999997,1.0,1.0,1.0,1.0,1.0,1.0
143,Central Asia,2022,3088.58,102.02,102.44,22.767413698630136,26.79655890410959,2333.0,2333.0,58.325,38.88333333333333,11.9,21.549999999999997,1.0,1.0,1.0,1.0,1.0,1.0
143,Central Asia,2023,3090.59,104.32000000000001,101.75,23.18130410958904,27.257117808219178,2332.0,2332.0,58.300000000000004,38.86666666666667,11.9,21.549999999999997,1.0,1.0,1.0,1.0,1.0,1.0
144,Sri Lanka,2010,2463.43,61.56,37.93,13.475723287671235,17.863005479452056,2302.0,2302.0,57.550000000000004,38.36666666666667,11.9,21.549999999999997,1.0,1.0,0.9886185925282363,1.0,0.8289097670279377,0.9635056719112347
144,Sri Lanka,2011,2448.84,62.42,38.11,13.84071506849315,18.56661369863014,2301.0,2301.0,57.525000000000006,38.349999999999994,11.9,21.549999999999997,1.0,1.0,0.9937418513689702,1.0,0.8615598004004706,0.9710603303538882
144,Sri Lanka,2012,2512.96,63.739999999999995,39.86,14.08563287671233,19.018830136986303,2301.0,2301.0,57.525000000000006,38.349999999999994,11.9,21.549999999999997,1.0,1.0,1.0,1.0,0.8825443219019167,0.9765088643803834
144,Sri Lanka,2013,2525.29,66.06,38.01,14.377323287671233,19.156331506849316,2300.0,2300.0,57.5,38.333333333333336,11.9,21.549999999999997,1.0,1.0,0.9915652173913042,1.0,0.8889248959094811,0.9760980226601571
144,Sri Lanka,2014,2556.4500000000003,66.47,39.28,14.682704109589041,19.858868493150684,2301.0,2301.0,57.525000000000006,38.349999999999994,11.9,21.549999999999997,1.0,1.0,1.0,1.0,0.9215252200997999,0.9843050440199599
144,Sri Lanka,2015,3006.1,78.09,44.48,17.195594520547946,22.858443835616438,2302.0,2302.0,57.550000000000004,38.36666666666667,11.9,21.549999999999997,1.0,1.0,1.0,1.0,1.0,1.0
144,Sri Lanka,2016,2740.49,71.99,43.58,15.55670410958904,21.290238356164384,2304.0,2304.0,57.6,38.4,11.9,21.549999999999997,1.0,1.0,1.0,1.0,0.9879460954136606,0.9975892190827322
144,Sri Lanka,2017,2616.22,71.79,42.199999999999996,15.48932602739726,20.88971232876712,2307.0,2307.0,57.675000000000004,38.45,11.9,21.549999999999997,1.0,1.0,1.0,1.0,0.9693602008708643,0.9938720401741727
144,Sri Lanka,2018,2764.64,74.72,45.7,16.354320547945207,22.157435616438356,2309.0,2309.0,57.725,38.48333333333333,11.9,21.549999999999997,1.0,1.0,1.0,1.0,1.0,1.0
144,Sri Lanka,2019,2718.98,72.84,45.77,15.86606301369863,21.268295890410958,2311.0,2311.0,57.775000000000006,38.516666666666666,11.9,21.549999999999997,1.0,1.0,1.0,1.0,0.9869278835457522,0.9973855767091504
144,Sri Lanka,2020,3008.15,76.84,47.0,17.37744109589041,23.38147671232877,2314.0,2314.0,57.85,38.56666666666666,11.9,21.549999999999997,1.0,1.0,1.0,1.0,1.0,1.0
144,Sri Lanka,2021,2937.43,75.34,48.300000000000004,17.217427397260273,23.58760273972603,2316.0,2316.0,57.900000000000006,38.599999999999994,11.9,21.549999999999997,1.0,1.0,1.0,1.0,1.0,1.0
144,Sri Lanka,2022,2567.66,65.39,41.46,14.55914794520548,20.08910410958904,2318.0,2318.0,57.95,38.63333333333333,11.9,21.549999999999997,1.0,1.0,1.0,1.0,0.932209007405524,0.9864418014811047
144,Sri Lanka,2023,2675.12,67.55,39.6,14.841641095890413,20.38190410958904,2320.0,2320.0,58.0,38.666666666666664,11.9,21.549999999999997,1.0,1.0,1.0,1.0,0.9457960143660809,0.9891592028732162
145,Western Asia,2010,3129.03,88.27000000000001,94.19,20.30751232876712,26.16646301369863,2349.0,2349.0,58.725,39.15,11.9,21.549999999999997,1.0,1.0,1.0,1.0,1.0,1.0
145,Western Asia,2011,3113.57,88.99000000000001,94.97,20.354649315068496,26.317860273972602,2352.0,2352.0,58.800000000000004,39.2,11.9,21.549999999999997,1.0,1.0,1.0,1.0,1.0,1.0
145,Western Asia,2012,3129.89,89.57,98.03,20.35771506849315,26.293890410958905,2355.0,2355.0,58.875,39.25,11.9,21.549999999999997,1.0,1.0,1.0,1.0,1.0,1.0
145,Western Asia,2013,3120.28,89.58,97.58,20.31221917808219,26.046427397260274,2356.0,2356.0,58.900000000000006,39.266666666666666,11.9,21.549999999999997,1.0,1.0,1.0,1.0,1.0,1.0
145,Western Asia,2014,3114.27,88.64,98.36,20.024427397260276,25.45109315068493,2356.0,2356.0,58.900000000000006,39.266666666666666,11.9,21.549999999999997,1.0,1.0,1.0,1.0,1.0,1.0
145,Western Asia,2015,3093.7599999999998,88.68,97.03999999999999,19.973783561643835,25.22641369863014,2358.0,2358.0,58.95,39.3,11.9,21.549999999999997,1.0,1.0,1.0,1.0,1.0,1.0
145,Western Asia,2016,3053.52,87.47,95.31,19.708060273972603,24.98749315068493,2360.0,2360.0,59.0,39.333333333333336,11.9,21.549999999999997,1.0,1.0,1.0,1.0,1.0,1.0
145,Western Asia,2017,3077.89,87.99,96.35,19.80943287671233,25.158542465753424,2361.0,2361.0,59.025000000000006,39.349999999999994,11.9,21.549999999999997,1.0,1.0,1.0,1.0,1.0,1.0
145,Western Asia,2018,3088.34,87.96000000000001,98.07,19.845753424657534,25.03872876712329,2361.0,2361.0,59.025000000000006,39.349999999999994,11.9,21.549999999999997,1.0,1.0,1.0,1.0,1.0,1.0
145,Western Asia,2019,3112.32,89.25,98.88,20.073438356164385,25.772208219178083,2363.0,2363.0,59.075,39.38333333333333,11.9,21.549999999999997,1.0,1.0,1.0,1.0,1.0,1.0
145,Western Asia,2020,3130.66,92.87,100.18,20.735635616438355,26.419909589041097,2366.0,2366.0,59.150000000000006,39.43333333333333,11.9,21.549999999999997,1.0,1.0,1.0,1.0,1.0,1.0
145,Western Asia,2021,3111.63,92.77000000000001,99.78,21.015150684931506,27.02008493150685,2369.0,2369.0,59.225,39.48333333333333,11.9,21.549999999999997,1.0,1.0,1.0,1.0,1.0,1.0
145,Western Asia,2022,3096.94,90.83,100.27,20.24747397260274,26.834128767123286,2374.0,2374.0,59.35,39.56666666666666,11.9,21.549999999999997,1.0,1.0,1.0,1.0,1.0,1.0
145,Western Asia,2023,3087.79,91.23,99.71,20.40008493150685,26.270736986301372,2379.0,2379.0,59.475,39.65,11.9,21.549999999999997,1.0,1.0,1.0,1.0,1.0,1.0
150,Europe,2010,3379.2599999999998,109.09,130.16,21.268158904109587,24.481698630136986,2516.0,2516.0,62.900000000000006,41.93333333333333,11.9,21.549999999999997,1.0,1.0,1.0,1.0,1.0,1.0
150,Europe,2011,3400.56,109.03,130.03,21.292268493150686,24.673550684931506,2514.0,2514.0,62.85,41.9,11.9,21.549999999999997,1.0,1.0,1.0,1.0,1.0,1.0
150,Europe,2012,3392.45,109.2,130.43,21.247580821917808,24.57854520547945,2512.0,2512.0,62.800000000000004,41.86666666666667,11.9,21.549999999999997,1.0,1.0,1.0,1.0,1.0,1.0
150,Europe,2013,3394.67,109.14,130.12,21.3152301369863,24.683350684931508,2509.0,2509.0,62.725,41.81666666666666,11.9,21.549999999999997,1.0,1.0,1.0,1.0,1.0,1.0
150,Europe,2014,3383.42,108.39,129.52,21.275479452054796,24.618438356164383,2507.0,2507.0,62.675000000000004,41.78333333333333,11.9,21.549999999999997,1.0,1.0,1.0,1.0,1.0,1.0
150,Europe,2015,3381.98,108.98,129.2,21.44552602739726,24.7040301369863,2505.0,2505.0,62.625,41.75,11.9,21.549999999999997,1.0,1.0,1.0,1.0,1.0,1.0
150,Europe,2016,3387.91,109.3,130.22,21.49970136986301,24.78279726027397,2504.0,2504.0,62.6,41.73333333333333,11.9,21.549999999999997,1.0,1.0,1.0,1.0,1.0,1.0
150,Europe,2017,3403.1400000000003,109.69,131.51,21.63755616438356,24.915610958904107,2503.0,2503.0,62.575,41.71666666666667,11.9,21.549999999999997,1.0,1.0,1.0,1.0,1.0,1.0
150,Europe,2018,3401.7000000000003,110.18,134.43,21.673186301369864,24.82031506849315,2502.0,2502.0,62.550000000000004,41.7,11.9,21.549999999999997,1.0,1.0,1.0,1.0,1.0,1.0
150,Europe,2019,3432.61,110.89,138.21,21.398095890410957,24.387216438356162,2502.0,2502.0,62.550000000000004,41.7,11.9,21.549999999999997,1.0,1.0,1.0,1.0,1.0,1.0
150,Europe,2020,3446.8399999999997,111.29,139.69,21.573616438356165,24.64602191780822,2503.0,2503.0,62.575,41.71666666666667,11.9,21.549999999999997,1.0,1.0,1.0,1.0,1.0,1.0
150,Europe,2021,3456.42,111.7,140.26,21.625142465753424,24.75247123287671,2503.0,2503.0,62.575,41.71666666666667,11.9,21.549999999999997,1.0,1.0,1.0,1.0,1.0,1.0
150,Europe,2022,3478.48,112.38,141.01,21.68747397260274,24.684043835616436,2505.0,2505.0,62.625,41.75,11.9,21.549999999999997,1.0,1.0,1.0,1.0,1.0,1.0
150,Europe,2023,3490.33,113.21,141.69,21.770547945205482,24.69585205479452,2507.0,2507.0,62.675000000000004,41.78333333333333,11.9,21.549999999999997,1.0,1.0,1.0,1.0,1.0,1.0
151,Eastern Europe,2010,3272.55,104.35,109.99,20.403260273972602,23.931553424657533,2512.0,2512.0,62.800000000000004,41.86666666666667,11.9,21.549999999999997,1.0,1.0,1.0,1.0,1.0,1.0
151,Eastern Europe,2011,3306.62,104.85,109.85000000000001,20.474446575342466,24.163123287671233,2507.0,2507.0,62.675000000000004,41.78333333333333,11.9,21.549999999999997,1.0,1.0,1.0,1.0,1.0,1.0
151,Eastern Europe,2012,3314.51,105.91,111.2,20.483961643835617,24.063389041095892,2503.0,2503.0,62.575,41.71666666666667,11.9,21.549999999999997,1.0,1.0,1.0,1.0,1.0,1.0
151,Eastern Europe,2013,3305.82,105.53,111.73,20.497676712328765,24.094964383561646,2497.0,2497.0,62.425000000000004,41.61666666666667,11.9,21.549999999999997,1.0,1.0,1.0,1.0,1.0,1.0
151,Eastern Europe,2014,3318.11,105.24,113.5,20.41687123287671,24.069438356164383,2492.0,2492.0,62.300000000000004,41.53333333333333,11.9,21.549999999999997,1.0,1.0,1.0,1.0,1.0,1.0
151,Eastern Europe,2015,3299.06,105.47999999999999,111.18,20.50404109589041,24.108542465753423,2488.0,2488.0,62.2,41.46666666666667,11.9,21.549999999999997,1.0,1.0,1.0,1.0,1.0,1.0
151,Eastern Europe,2016,3308.41,105.8,113.09,20.550353424657533,24.022161643835616,2484.0,2484.0,62.1,41.4,11.9,21.549999999999997,1.0,1.0,1.0,1.0,1.0,1.0
151,Eastern Europe,2017,3331.93,106.74,114.32,20.728038356164383,24.171161643835617,2481.0,2481.0,62.025000000000006,41.349999999999994,11.9,21.549999999999997,1.0,1.0,1.0,1.0,1.0,1.0
151,Eastern Europe,2018,3314.69,106.01,117.24000000000001,20.36549315068493,23.624087671232875,2479.0,2479.0,61.975,41.31666666666666,11.9,21.549999999999997,1.0,1.0,1.0,1.0,1.0,1.0
151,Eastern Europe,2019,3331.9,107.36,119.64,20.315172602739725,23.38334794520548,2479.0,2479.0,61.975,41.31666666666666,11.9,21.549999999999997,1.0,1.0,1.0,1.0,1.0,1.0
151,Eastern Europe,2020,3348.05,107.84,120.62,20.43040821917808,23.392967123287672,2479.0,2479.0,61.975,41.31666666666666,11.9,21.549999999999997,1.0,1.0,1.0,1.0,1.0,1.0
151,Eastern Europe,2021,3370.88,108.34,122.26,20.588427397260272,23.72250136986301,2480.0,2480.0,62.0,41.333333333333336,11.9,21.549999999999997,1.0,1.0,1.0,1.0,1.0,1.0
151,Eastern Europe,2022,3405.87,110.16,123.8,20.693747945205477,23.642323287671235,2483.0,2483.0,62.075,41.38333333333333,11.9,21.549999999999997,1.0,1.0,1.0,1.0,1.0,1.0
151,Eastern Europe,2023,3428.76,110.78,125.44,20.680109589041095,23.432268493150683,2486.0,2486.0,62.150000000000006,41.43333333333333,11.9,21.549999999999997,1.0,1.0,1.0,1.0,1.0,1.0
152,Chile,2010,2874.94,93.67,74.27,18.45101917808219,21.107580821917807,2437.0,2437.0,60.925000000000004,40.61666666666667,11.9,21.549999999999997,1.0,1.0,1.0,1.0,0.9794701077456061,0.9958940215491212
152,Chile,2011,2902.84,94.76,75.93,18.478542465753424,21.284635616438358,2438.0,2438.0,60.95,40.63333333333333,11.9,21.549999999999997,1.0,1.0,1.0,1.0,0.9876861074913392,0.9975372214982678
152,Chile,2012,2887.66,93.46000000000001,78.43,18.46150136986301,21.046161643835617,2440.0,2440.0,61.0,40.666666666666664,11.9,21.549999999999997,1.0,1.0,1.0,1.0,0.9766200298763629,0.9953240059752726
152,Chile,2013,2939.3,97.59,81.94,18.93465205479452,21.43584109589041,2441.0,2441.0,61.025000000000006,40.68333333333333,11.9,21.549999999999997,1.0,1.0,1.0,1.0,0.9947026030575598,0.998940520611512
152,Chile,2014,2938.0299999999997,95.61,84.47,18.6085698630137,21.07210410958904,2442.0,2442.0,61.050000000000004,40.7,11.9,21.549999999999997,1.0,1.0,1.0,1.0,0.9778238565934592,0.9955647713186918
152,Chile,2015,2925.51,96.93,84.3,18.487224657534245,20.68297808219178,2442.0,2442.0,61.050000000000004,40.7,11.9,21.549999999999997,1.0,1.0,1.0,1.0,0.9597669643708484,0.9919533928741696
152,Chile,2016,2954.5,100.25999999999999,83.88,19.1810602739726,21.508232876712327,2443.0,2443.0,61.075,40.71666666666667,11.9,21.549999999999997,1.0,1.0,1.0,1.0,0.9980618504274863,0.9996123700854973
152,Chile,2017,2956.5,100.96,83.86,19.148202739726027,21.767528767123284,2446.0,2446.0,61.150000000000006,40.766666666666666,11.9,21.549999999999997,1.0,1.0,1.0,1.0,1.0,1.0
152,Chile,2018,2990.81,103.41,83.94,19.706134246575342,22.255860273972605,2449.0,2449.0,61.225,40.81666666666666,11.9,21.549999999999997,1.0,1.0,1.0,1.0,1.0,1.0
152,Chile,2019,3022.57,103.65,89.24,20.072375342465754,22.73406301369863,2451.0,2451.0,61.275000000000006,40.849999999999994,11.9,21.549999999999997,1.0,1.0,1.0,1.0,1.0,1.0
152,Chile,2020,3079.4,104.47,93.49000000000001,19.936832876712327,22.62980821917808,2455.0,2455.0,61.375,40.916666666666664,11.9,21.549999999999997,1.0,1.0,1.0,1.0,1.0,1.0
152,Chile,2021,3136.63,105.45,99.54,20.360816438356164,22.520446575342465,2458.0,2458.0,61.45,40.96666666666667,11.9,21.549999999999997,1.0,1.0,1.0,1.0,1.0,1.0
152,Chile,2022,3110.54,102.12,97.37,19.589213698630136,21.922479452054795,2462.0,2462.0,61.550000000000004,41.03333333333333,11.9,21.549999999999997,1.0,1.0,1.0,1.0,1.0,1.0
152,Chile,2023,3057.5099999999998,105.1,94.59,19.831646575342464,21.94068493150685,2466.0,2466.0,61.650000000000006,41.099999999999994,11.9,21.549999999999997,1.0,1.0,1.0,1.0,1.0,1.0
154,Northern Europe,2010,3319.19,109.66999999999999,129.57,22.066649315068492,25.149487671232876,2505.0,2505.0,62.625,41.75,11.9,21.549999999999997,1.0,1.0,1.0,1.0,1.0,1.0
154,Northern Europe,2011,3338.31,109.94,128.14000000000001,22.003432876712328,25.430049315068494,2503.0,2503.0,62.575,41.71666666666667,11.9,21.549999999999997,1.0,1.0,1.0,1.0,1.0,1.0
154,Northern Europe,2012,3330.72,110.12,128.58,22.282783561643836,25.812197260273976,2502.0,2502.0,62.550000000000004,41.7,11.9,21.549999999999997,1.0,1.0,1.0,1.0,1.0,1.0
154,Northern Europe,2013,3354.23,110.67,128.62,22.567301369863014,26.230183561643834,2501.0,2501.0,62.525000000000006,41.68333333333333,11.9,21.549999999999997,1.0,1.0,1.0,1.0,1.0,1.0
154,Northern Europe,2014,3374.5099999999998,110.93,131.53,22.869712328767122,26.089728767123287,2500.0,2500.0,62.5,41.666666666666664,11.9,21.549999999999997,1.0,1.0,1.0,1.0,1.0,1.0
154,Northern Europe,2015,3381.9,112.98,132.76999999999998,23.248701369863014,26.297353424657533,2499.0,2499.0,62.475,41.65,11.9,21.549999999999997,1.0,1.0,1.0,1.0,1.0,1.0
154,Northern Europe,2016,3369.53,113.64,131.91,23.400493150684934,26.577175342465754,2499.0,2499.0,62.475,41.65,11.9,21.549999999999997,1.0,1.0,1.0,1.0,1.0,1.0
154,Northern Europe,2017,3389.29,113.85000000000001,133.5,23.377736986301368,26.523594520547945,2499.0,2499.0,62.475,41.65,11.9,21.549999999999997,1.0,1.0,1.0,1.0,1.0,1.0
154,Northern Europe,2018,3371.33,113.96,133.96,23.63335616438356,26.46929315068493,2500.0,2500.0,62.5,41.666666666666664,11.9,21.549999999999997,1.0,1.0,1.0,1.0,1.0,1.0
154,Northern Europe,2019,3401.95,112.79,138.53,23.281824657534248,26.28793698630137,2501.0,2501.0,62.525000000000006,41.68333333333333,11.9,21.549999999999997,1.0,1.0,1.0,1.0,1.0,1.0
154,Northern Europe,2020,3405.4,114.87,140.51,23.70971506849315,27.01078904109589,2503.0,2503.0,62.575,41.71666666666667,11.9,21.549999999999997,1.0,1.0,1.0,1.0,1.0,1.0
154,Northern Europe,2021,3383.37,113.71000000000001,139.61,23.11229589041096,26.000254794520547,2505.0,2505.0,62.625,41.75,11.9,21.549999999999997,1.0,1.0,1.0,1.0,1.0,1.0
154,Northern Europe,2022,3400.42,113.93,141.1,23.604101369863013,26.43169863013699,2507.0,2507.0,62.675000000000004,41.78333333333333,11.9,21.549999999999997,1.0,1.0,1.0,1.0,1.0,1.0
154,Northern Europe,2023,3460.4300000000003,114.68,143.2,23.666512328767123,26.63136712328767,2510.0,2510.0,62.75,41.833333333333336,11.9,21.549999999999997,1.0,1.0,1.0,1.0,1.0,1.0
155,Western Europe,2010,3547.36,112.15,150.10999999999999,21.017772602739726,23.51988493150685,2534.0,2534.0,63.35,42.23333333333333,11.9,21.549999999999997,1.0,1.0,1.0,1.0,1.0,1.0
155,Western Europe,2011,3561.25,111.96,149.6,21.175120547945205,23.840846575342464,2534.0,2534.0,63.35,42.23333333333333,11.9,21.549999999999997,1.0,1.0,1.0,1.0,1.0,1.0
155,Western Europe,2012,3525.53,111.17999999999999,148.64,20.91939726027397,23.489512328767123,2534.0,2534.0,63.35,42.23333333333333,11.9,21.549999999999997,1.0,1.0,1.0,1.0,1.0,1.0
155,Western Europe,2013,3523.33,111.0,147.64000000000001,20.92249589041096,23.481109589041093,2534.0,2534.0,63.35,42.23333333333333,11.9,21.549999999999997,1.0,1.0,1.0,1.0,1.0,1.0
155,Western Europe,2014,3508.55,110.49,144.55,20.88648493150685,23.6064,2534.0,2534.0,63.35,42.23333333333333,11.9,21.549999999999997,1.0,1.0,1.0,1.0,1.0,1.0
155,Western Europe,2015,3511.02,111.16,145.19,21.136569863013698,23.72853424657534,2534.0,2534.0,63.35,42.23333333333333,11.9,21.549999999999997,1.0,1.0,1.0,1.0,1.0,1.0
155,Western Europe,2016,3508.4900000000002,111.01,145.64,21.07248219178082,23.654147945205477,2533.0,2533.0,63.325,42.21666666666667,11.9,21.549999999999997,1.0,1.0,1.0,1.0,1.0,1.0
155,Western Europe,2017,3510.07,110.57,146.82,21.35184109589041,24.054931506849314,2532.0,2532.0,63.300000000000004,42.2,11.9,21.549999999999997,1.0,1.0,1.0,1.0,1.0,1.0
155,Western Europe,2018,3523.1600000000003,111.66,152.85,21.596997260273973,24.39067671232877,2531.0,2531.0,63.275000000000006,42.18333333333333,11.9,21.549999999999997,1.0,1.0,1.0,1.0,1.0,1.0
155,Western Europe,2019,3561.97,112.13,158.18,21.140257534246576,23.56112602739726,2531.0,2531.0,63.275000000000006,42.18333333333333,11.9,21.549999999999997,1.0,1.0,1.0,1.0,1.0,1.0
155,Western Europe,2020,3577.83,112.96000000000001,159.41,21.59762191780822,24.144479452054796,2530.0,2530.0,63.25,42.166666666666664,11.9,21.549999999999997,1.0,1.0,1.0,1.0,1.0,1.0
155,Western Europe,2021,3573.56,113.23,158.72,21.675350684931505,24.271830136986303,2529.0,2529.0,63.225,42.15,11.9,21.549999999999997,1.0,1.0,1.0,1.0,1.0,1.0
155,Western Europe,2022,3587.32,112.33,159.85999999999999,21.42415616438356,24.015465753424657,2528.0,2528.0,63.2,42.13333333333333,11.9,21.549999999999997,1.0,1.0,1.0,1.0,1.0,1.0
155,Western Europe,2023,3540.33,112.45,157.53,21.33921095890411,23.774106849315068,2528.0,2528.0,63.2,42.13333333333333,11.9,21.549999999999997,1.0,1.0,1.0,1.0,1.0,1.0
156,"China, mainland",2010,3041.39,108.86,80.63,20.775797260273972,26.947216438356165,2455.0,2455.0,61.375,40.916666666666664,11.9,21.549999999999997,1.0,1.0,1.0,1.0,1.0,1.0
156,"China, mainland",2011,3088.3,110.15,80.28999999999999,21.157378082191784,27.342945205479452,2453.0,2453.0,61.325,40.88333333333333,11.9,21.549999999999997,1.0,1.0,1.0,1.0,1.0,1.0
156,"China, mainland",2012,3103.44,110.49000000000001,81.83,21.2393698630137,27.544646575342465,2450.0,2450.0,61.25,40.833333333333336,11.9,21.549999999999997,1.0,1.0,1.0,1.0,1.0,1.0
156,"China, mainland",2013,3100.17,110.99000000000001,83.11,21.27571506849315,27.7366,2447.0,2447.0,61.175000000000004,40.78333333333333,11.9,21.549999999999997,1.0,1.0,1.0,1.0,1.0,1.0
156,"China, mainland",2014,3199.89,113.57000000000001,85.55,21.775704109589043,28.624076712328765,2444.0,2444.0,61.1,40.73333333333333,11.9,21.549999999999997,1.0,1.0,1.0,1.0,1.0,1.0
156,"China, mainland",2015,3235.4900000000002,115.55,86.98,22.23695616438356,29.47184109589041,2441.0,2441.0,61.025000000000006,40.68333333333333,11.9,21.549999999999997,1.0,1.0,1.0,1.0,1.0,1.0
156,"China, mainland",2016,3227.29,117.76,86.97,22.583556164383563,29.986712328767123,2439.0,2439.0,60.975,40.65,11.9,21.549999999999997,1.0,1.0,1.0,1.0,1.0,1.0
156,"China, mainland",2017,3264.49,118.85,87.77,22.86158904109589,30.651306849315066,2435.0,2435.0,60.875,40.583333333333336,11.9,21.549999999999997,1.0,1.0,1.0,1.0,1.0,1.0
156,"China, mainland",2018,3280.33,119.98,88.67999999999999,23.11671232876712,30.996515068493153,2434.0,2434.0,60.85,40.56666666666666,11.9,21.549999999999997,1.0,1.0,1.0,1.0,1.0,1.0
156,"China, mainland",2019,3308.03,121.39999999999999,90.28,23.24007397260274,31.178295890410958,2436.0,2436.0,60.900000000000006,40.599999999999994,11.9,21.549999999999997,1.0,1.0,1.0,1.0,1.0,1.0
156,"China, mainland",2020,3330.48,122.39,89.62,23.665186301369864,32.036846575342466,2441.0,2441.0,61.025000000000006,40.68333333333333,11.9,21.549999999999997,1.0,1.0,1.0,1.0,1.0,1.0
156,"China, mainland",2021,3418.33,126.38,94.63,24.30410410958904,32.69329315068493,2447.0,2447.0,61.175000000000004,40.78333333333333,11.9,21.549999999999997,1.0,1.0,1.0,1.0,1.0,1.0
156,"China, mainland",2022,3472.25,128.35999999999999,95.42,24.585150684931506,32.89,2454.0,2454.0,61.35,40.9,11.9,21.549999999999997,1.0,1.0,1.0,1.0,1.0,1.0
156,"China, mainland",2023,3526.85,131.59,100.38,25.131213698630138,33.58040821917808,2460.0,2460.0,61.5,41.0,11.9,21.549999999999997,1.0,1.0,1.0,1.0,1.0,1.0
158,"China, Taiwan Province of",2010,2943.15,92.29,123.72999999999999,17.581323287671232,24.0365698630137,2487.0,2487.0,62.175000000000004,41.45,11.9,21.549999999999997,1.0,1.0,1.0,1.0,1.0,1.0
158,"China, Taiwan Province of",2011,2918.3,94.58,122.11,17.653786301369863,24.036512328767124,2489.0,2489.0,62.225,41.48333333333333,11.9,21.549999999999997,1.0,1.0,1.0,1.0,1.0,1.0
158,"China, Taiwan Province of",2012,2909.93,93.95,122.0,17.644679452054795,23.967427397260273,2488.0,2488.0,62.2,41.46666666666667,11.9,21.549999999999997,1.0,1.0,1.0,1.0,1.0,1.0
158,"China, Taiwan Province of",2013,2925.04,92.94,121.83999999999999,17.819786301369863,23.992024657534248,2486.0,2486.0,62.150000000000006,41.43333333333333,11.9,21.549999999999997,1.0,1.0,1.0,1.0,1.0,1.0
158,"China, Taiwan Province of",2014,2933.67,93.7,122.79,17.306452054794523,22.048884931506848,2485.0,2485.0,62.125,41.416666666666664,11.9,21.549999999999997,1.0,1.0,1.0,1.0,1.0,1.0
158,"China, Taiwan Province of",2015,2938.3,95.26,124.97,17.321383561643835,22.22291506849315,2482.0,2482.0,62.050000000000004,41.36666666666667,11.9,21.549999999999997,1.0,1.0,1.0,1.0,1.0,1.0
158,"China, Taiwan Province of",2016,2931.71,94.35,123.98,17.29809315068493,22.122013698630138,2479.0,2479.0,61.975,41.31666666666666,11.9,21.549999999999997,1.0,1.0,1.0,1.0,1.0,1.0
158,"China, Taiwan Province of",2017,2930.4,93.36,123.50999999999999,17.064408219178084,21.743232876712327,2477.0,2477.0,61.925000000000004,41.28333333333333,11.9,21.549999999999997,1.0,1.0,1.0,1.0,1.0,1.0
158,"China, Taiwan Province of",2018,2959.57,97.14,126.53999999999999,17.52728493150685,22.766931506849314,2475.0,2475.0,61.875,41.25,11.9,21.549999999999997,1.0,1.0,1.0,1.0,1.0,1.0
158,"China, Taiwan Province of",2019,2975.91,97.28,128.29,17.714408219178083,22.460739726027395,2473.0,2473.0,61.825,41.21666666666667,11.9,21.549999999999997,1.0,1.0,1.0,1.0,1.0,1.0
158,"China, Taiwan Province of",2020,2971.98,99.89,132.19,17.976715068493153,22.499523287671234,2471.0,2471.0,61.775000000000006,41.18333333333333,11.9,21.549999999999997,1.0,1.0,1.0,1.0,1.0,1.0
158,"China, Taiwan Province of",2021,2953.4500000000003,98.32000000000001,132.09,17.347898630136985,22.53111506849315,2470.0,2470.0,61.75,41.166666666666664,11.9,21.549999999999997,1.0,1.0,1.0,1.0,1.0,1.0
158,"China, Taiwan Province of",2022,2974.32,101.31,133.14,17.665090410958904,23.380309589041097,2470.0,2470.0,61.75,41.166666666666664,11.9,21.549999999999997,1.0,1.0,1.0,1.0,1.0,1.0
158,"China, Taiwan Province of",2023,2958.38,98.73,128.4,17.387205479452057,22.210665753424657,2471.0,2471.0,61.775000000000006,41.18333333333333,11.9,21.549999999999997,1.0,1.0,1.0,1.0,1.0,1.0
159,China,2010,3040.2,108.67999999999999,81.63,20.742597260273975,26.89646301369863,2455.0,2455.0,61.375,40.916666666666664,11.9,21.549999999999997,1.0,1.0,1.0,1.0,1.0,1.0
159,China,2011,3085.78,110.01,81.18,21.127041095890412,27.3046,2453.0,2453.0,61.325,40.88333333333333,11.9,21.549999999999997,1.0,1.0,1.0,1.0,1.0,1.0
159,China,2012,3100.17,110.31,82.75,21.201273972602742,27.48209589041096,2451.0,2451.0,61.275000000000006,40.849999999999994,11.9,21.549999999999997,1.0,1.0,1.0,1.0,1.0,1.0
159,China,2013,3097.23,110.81,83.96,21.238698630136987,27.672197260273972,2447.0,2447.0,61.175000000000004,40.78333333333333,11.9,21.549999999999997,1.0,1.0,1.0,1.0,1.0,1.0
159,China,2014,3195.08,113.36,86.34,21.725328767123287,28.51239726027397,2444.0,2444.0,61.1,40.73333333333333,11.9,21.549999999999997,1.0,1.0,1.0,1.0,1.0,1.0
159,China,2015,3229.69,115.31,87.83,22.176890410958904,29.352764383561645,2441.0,2441.0,61.025000000000006,40.68333333333333,11.9,21.549999999999997,1.0,1.0,1.0,1.0,1.0,1.0
159,China,2016,3221.7400000000002,117.52,87.78,22.52139178082192,29.855290410958904,2439.0,2439.0,60.975,40.65,11.9,21.549999999999997,1.0,1.0,1.0,1.0,1.0,1.0
159,China,2017,3258.35,118.57,88.53,22.79137808219178,30.50013698630137,2436.0,2436.0,60.900000000000006,40.599999999999994,11.9,21.549999999999997,1.0,1.0,1.0,1.0,1.0,1.0
159,China,2018,3274.61,119.77,89.5,23.042761643835618,30.85019178082192,2435.0,2435.0,60.875,40.583333333333336,11.9,21.549999999999997,1.0,1.0,1.0,1.0,1.0,1.0
159,China,2019,3302.0099999999998,121.06,91.14,23.168813698630135,31.02813424657534,2437.0,2437.0,60.925000000000004,40.61666666666667,11.9,21.549999999999997,1.0,1.0,1.0,1.0,1.0,1.0
159,China,2020,3323.27,122.14,90.52,23.580520547945206,31.859041095890408,2441.0,2441.0,61.025000000000006,40.68333333333333,11.9,21.549999999999997,1.0,1.0,1.0,1.0,1.0,1.0
159,China,2021,3408.69,125.99,95.41,24.194271232876712,32.50254794520548,2447.0,2447.0,61.175000000000004,40.78333333333333,11.9,21.549999999999997,1.0,1.0,1.0,1.0,1.0,1.0
159,China,2022,3461.11,127.9,96.11,24.45008493150685,32.67844931506849,2454.0,2454.0,61.35,40.9,11.9,21.549999999999997,1.0,1.0,1.0,1.0,1.0,1.0
159,China,2023,3513.92,130.97,100.89,24.98144383561644,33.34883561643836,2460.0,2460.0,61.5,41.0,11.9,21.549999999999997,1.0,1.0,1.0,1.0,1.0,1.0
170,Colombia,2010,2801.46,66.54,83.45,12.492306849315069,14.800517808219178,2332.0,2332.0,58.300000000000004,38.86666666666667,11.9,21.549999999999997,1.0,1.0,1.0,1.0,0.6867989702189875,0.9373597940437974
170,Colombia,2011,2804.02,67.74,83.19,12.75726301369863,15.013021917808219,2337.0,2337.0,58.425000000000004,38.95,11.9,21.549999999999997,1.0,1.0,1.0,1.0,0.6966599497822841,0.9393319899564568
170,Colombia,2012,2897.56,70.21000000000001,86.66,13.089202739726026,15.271997260273972,2342.0,2342.0,58.550000000000004,39.03333333333333,11.9,21.549999999999997,1.0,1.0,1.0,1.0,0.7086773670660776,0.9417354734132155
170,Colombia,2013,2974.31,71.55,86.74,13.185320547945206,15.540035616438356,2347.0,2347.0,58.675000000000004,39.11666666666667,11.9,21.549999999999997,1.0,1.0,1.0,1.0,0.7211153418300862,0.9442230683660172
170,Colombia,2014,3009.38,74.89,90.24,13.945961643835616,16.692909589041097,2351.0,2351.0,58.775000000000006,39.18333333333333,11.9,21.549999999999997,1.0,1.0,1.0,1.0,0.7746129739694245,0.9549225947938849
170,Colombia,2015,3075.27,77.15,92.27,14.399243835616439,17.189043835616438,2356.0,2356.0,58.900000000000006,39.266666666666666,11.9,21.549999999999997,1.0,1.0,1.0,1.0,0.7976354448081875,0.9595270889616374
170,Colombia,2016,3090.77,77.32000000000001,91.79,14.39618082191781,17.270624657534245,2360.0,2360.0,59.0,39.333333333333336,11.9,21.549999999999997,1.0,1.0,1.0,1.0,0.8014210977974129,0.9602842195594826
170,Colombia,2017,3051.98,78.5,96.92,14.604317808219179,17.39970410958904,2365.0,2365.0,59.125,39.416666666666664,11.9,21.549999999999997,1.0,1.0,1.0,1.0,0.8074108635540159,0.9614821727108032
170,Colombia,2018,3088.02,80.53,96.32,14.93670410958904,17.983780821917808,2369.0,2369.0,59.225,39.48333333333333,11.9,21.549999999999997,1.0,1.0,1.0,1.0,0.8345141912722882,0.9669028382544577
170,Colombia,2019,3063.8,81.9,94.25,15.183487671232877,18.177786301369864,2372.0,2372.0,59.300000000000004,39.53333333333333,11.9,21.549999999999997,1.0,1.0,1.0,1.0,0.8435167657248198,0.9687033531449639
170,Colombia,2020,3105.89,81.04,102.92,15.132917808219178,18.142013698630137,2374.0,2374.0,59.35,39.56666666666666,11.9,21.549999999999997,1.0,1.0,1.0,1.0,0.8418567841591712,0.9683713568318343
170,Colombia,2021,3113.64,81.21,106.81,15.0676301369863,18.188191780821917,2376.0,2376.0,59.400000000000006,39.599999999999994,11.9,21.549999999999997,1.0,1.0,1.0,1.0,0.843999618599625,0.968799923719925
170,Colombia,2022,3127.4900000000002,83.9,103.68,15.773920547945206,18.81986301369863,2377.0,2377.0,59.425000000000004,39.61666666666667,11.9,21.549999999999997,1.0,1.0,1.0,1.0,0.873311508756317,0.9746623017512634
170,Colombia,2023,3126.33,83.17,103.62,15.575019178082192,18.628361643835618,2377.0,2377.0,59.425000000000004,39.61666666666667,11.9,21.549999999999997,1.0,1.0,1.0,1.0,0.8644251342847156,0.9728850268569431
174,Comoros,2010,2404.43,60.58,63.44,12.598104109589041,16.381402739726028,2213.0,2213.0,55.325,36.88333333333333,11.9,21.549999999999997,1.0,1.0,1.0,1.0,0.7601578997552682,0.9520315799510536
174,Comoros,2011,2387.01,60.51,63.919999999999995,12.598542465753425,16.38701095890411,2219.0,2219.0,55.475,36.98333333333333,11.9,21.549999999999997,1.0,1.0,1.0,1.0,0.7604181419445064,0.9520836283889013
174,Comoros,2012,2394.0299999999997,60.73,64.53,12.90069589041096,16.76353698630137,2225.0,2225.0,55.625,37.083333333333336,11.9,21.549999999999997,1.0,1.0,1.0,1.0,0.7778903473921751,0.9555780694784349
174,Comoros,2013,2446.29,62.61,66.1,13.074202739726028,16.998783561643837,2227.0,2227.0,55.675000000000004,37.11666666666667,11.9,21.549999999999997,1.0,1.0,1.0,1.0,0.7888066617932176,0.9577613323586436
174,Comoros,2014,2444.31,62.84,67.9,13.515282191780821,17.729871232876715,2228.0,2228.0,55.7,37.13333333333333,11.9,21.549999999999997,1.0,1.0,1.0,1.0,0.8227318437529799,0.964546368750596
174,Comoros,2015,2443.38,62.24,66.17,13.307797260273974,17.14164109589041,2230.0,2230.0,55.75,37.166666666666664,11.9,21.549999999999997,1.0,1.0,1.0,1.0,0.795435781711852,0.9590871563423704
174,Comoros,2016,2506.6,65.8,68.02,13.951517808219178,18.209717808219178,2233.0,2233.0,55.825,37.21666666666667,11.9,21.549999999999997,1.0,1.0,1.0,1.0,0.8449985061818646,0.9689997012363729
174,Comoros,2017,2495.25,64.91,67.89,13.932731506849315,18.17373698630137,2237.0,2237.0,55.925000000000004,37.28333333333333,11.9,21.549999999999997,1.0,1.0,1.0,1.0,0.8433288624733816,0.9686657724946762
174,Comoros,2018,2485.97,62.53,65.17,13.359145205479454,17.31895890410959,2241.0,2241.0,56.025000000000006,37.349999999999994,11.9,21.549999999999997,1.0,1.0,1.0,1.0,0.8036639862695866,0.9607327972539172
174,Comoros,2019,2499.58,61.74,63.59,15.60135890410959,20.21397808219178,2245.0,2245.0,56.125,37.416666666666664,11.9,21.549999999999997,1.0,1.0,1.0,1.0,0.938003623303563,0.9876007246607126
174,Comoros,2020,2492.13,66.76,56.459999999999994,18.42322191780822,23.762605479452056,2249.0,2249.0,56.225,37.48333333333333,11.9,21.549999999999997,1.0,1.0,1.0,1.0,1.0,1.0
174,Comoros,2021,2443.91,66.12,58.45,18.180619178082193,23.671068493150685,2252.0,2252.0,56.300000000000004,37.53333333333333,11.9,21.549999999999997,1.0,1.0,1.0,1.0,1.0,1.0
174,Comoros,2022,2416.85,65.97,55.79,18.234150684931507,23.346252054794522,2256.0,2256.0,56.400000000000006,37.599999999999994,11.9,21.549999999999997,1.0,1.0,1.0,1.0,1.0,1.0
174,Comoros,2023,2390.15,63.03,58.87,18.029320547945208,23.261794520547948,2261.0,2261.0,56.525000000000006,37.68333333333333,11.9,21.549999999999997,1.0,1.0,1.0,1.0,1.0,1.0
178,Congo,2010,1974.3700000000001,41.61,42.83,9.08432602739726,10.750312328767123,2236.0,2236.0,55.900000000000006,37.266666666666666,11.9,21.549999999999997,0.8829919499105546,0.7443649373881931,1.0,0.7633887417980891,0.4988544004068271,0.7779200059007327
178,Congo,2011,1940.44,43.1,43.25,9.023213698630137,10.641556164383562,2231.0,2231.0,55.775000000000006,37.18333333333333,11.9,21.549999999999997,0.8697624383684447,0.7727476467951591,1.0,0.7582532519857258,0.4938077106442489,0.7789142095587158
178,Congo,2012,1994.31,43.25,41.940000000000005,9.016043835616438,10.566197260273972,2226.0,2226.0,55.650000000000006,37.099999999999994,11.9,21.549999999999997,0.8959164420485175,0.7771787960467205,1.0,0.7576507424887763,0.4903107777389315,0.7842113516645891
178,Congo,2013,2072.4900000000002,46.96,42.849999999999994,9.862002739726028,11.503071232876712,2221.0,2221.0,55.525000000000006,37.016666666666666,11.9,21.549999999999997,0.9331337235479514,0.8457451598379108,1.0,0.8287397260273973,0.5337852080221213,0.828280763487076
178,Congo,2014,2118.41,47.96,41.050000000000004,10.226424657534247,11.901010958904111,2219.0,2219.0,55.475,36.98333333333333,11.9,21.549999999999997,0.9546687697160883,0.8645335736818387,1.0,0.8593634165995165,0.5522510885802372,0.8461633697155362
178,Congo,2015,2120.46,48.66,43.800000000000004,10.460347945205479,12.054832876712329,2218.0,2218.0,55.45,36.96666666666667,11.9,21.549999999999997,0.9560234445446348,0.8775473399458971,1.0,0.8790208357315528,0.5593889965991801,0.8543961233642531
178,Congo,2016,2099.16,48.06,51.29,9.887868493150684,11.297441095890411,2219.0,2219.0,55.475,36.98333333333333,11.9,21.549999999999997,0.9459936908517349,0.8663361874718342,1.0,0.8309133187521582,0.5242432063058197,0.8334972806763095
178,Congo,2017,2124.6800000000003,52.97,49.19,10.454917808219179,11.856243835616437,2221.0,2221.0,55.525000000000006,37.016666666666666,11.9,21.549999999999997,0.9566321476812248,0.9539846915803691,1.0,0.8785645216990906,0.5501737278708324,0.8678710177663034
178,Congo,2018,2110.25,53.15,46.17,10.528583561643835,11.940293150684932,2224.0,2224.0,55.6,37.06666666666666,11.9,21.549999999999997,0.9488534172661871,0.9559352517985611,1.0,0.8847549211465408,0.5540739281060294,0.8687235036634637
178,Congo,2019,2124.8599999999997,51.65,54.1,10.43706301369863,11.883846575342465,2229.0,2229.0,55.725,37.15,11.9,21.549999999999997,0.9532794975325256,0.9268730372364289,1.0,0.8770641187982042,0.5514545974636875,0.8617342502061692
178,Congo,2020,2159.66,51.17,57.349999999999994,10.38393698630137,11.693608219178083,2234.0,2234.0,55.85,37.23333333333333,11.9,21.549999999999997,0.9667233661593554,0.9162041181736795,1.0,0.8725997467480142,0.5426268315163845,0.8596308125194867
178,Congo,2021,2174.0099999999998,54.87,56.95,11.240912328767124,12.73675616438356,2240.0,2240.0,56.0,37.333333333333336,11.9,21.549999999999997,0.9705401785714285,0.9798214285714285,1.0,0.944614481409002,0.5910327686488892,0.8972017714401496
178,Congo,2022,2152.31,55.629999999999995,51.57,11.153909589041096,12.40974794520548,2245.0,2245.0,56.125,37.416666666666664,11.9,21.549999999999997,0.9587126948775055,0.9911804008908686,1.0,0.937303326810176,0.5758583733274005,0.8926109591811902
178,Congo,2023,2187.12,58.87,54.669999999999995,11.347939726027398,12.281734246575343,2251.0,2251.0,56.275000000000006,37.516666666666666,11.9,21.549999999999997,0.9716215015548645,1.0,1.0,0.9536083803384369,0.5699180624860949,0.8990295888758792
180,Democratic Republic of the Congo,2010,2163.75,30.84,25.21,7.976468493150684,9.1327698630137,2127.0,2127.0,53.175000000000004,35.45,11.9,21.549999999999997,1.0,0.5799717912552891,0.7111424541607898,0.6702914700126625,0.42379442519785154,0.6770400281253186
180,Democratic Republic of the Congo,2011,2185.6099999999997,31.24,25.63,8.069775342465753,9.305372602739727,2128.0,2128.0,53.2,35.46666666666667,11.9,21.549999999999997,1.0,0.5872180451127819,0.7226503759398496,0.6781323817198112,0.4318038330737693,0.6839609271692424
180,Democratic Republic of the Congo,2012,2144.54,30.11,25.509999999999998,7.768361643835617,8.92689589041096,2128.0,2128.0,53.2,35.46666666666667,11.9,21.549999999999997,1.0,0.5659774436090225,0.719266917293233,0.6528034994819847,0.41424110860375685,0.6704577937975994
180,Democratic Republic of the Congo,2013,2115.36,29.64,25.59,7.64953698630137,8.908917808219178,2128.0,2128.0,53.2,35.46666666666667,11.9,21.549999999999997,0.9940601503759399,0.5571428571428572,0.7215225563909774,0.6428182341429722,0.4134068588500779,0.6657901313805649
180,Democratic Republic of the Congo,2014,2167.88,30.7,27.07,7.8820794520547945,9.37817808219178,2127.0,2127.0,53.175000000000004,35.45,11.9,21.549999999999997,1.0,0.5773389750822755,0.7636107193229901,0.6623596178197306,0.43518227759590633,0.6876983179641805
180,Democratic Republic of the Congo,2015,2133.3599999999997,30.14,27.3,7.735769863013699,9.166791780821917,2127.0,2127.0,53.175000000000004,35.45,11.9,21.549999999999997,1.0,0.5668077103902209,0.7700987306064879,0.6500646943708991,0.4253731684836157,0.6824688607702447
180,Democratic Republic of the Congo,2016,2085.99,29.31,25.44,7.491361643835616,8.860030136986301,2128.0,2128.0,53.2,35.46666666666667,11.9,21.549999999999997,0.9802584586466164,0.5509398496240601,0.7172932330827068,0.6295261885576148,0.411138289419318,0.6578312038660632
180,Democratic Republic of the Congo,2017,2121.05,29.61,25.68,7.621791780821917,8.934942465753425,2129.0,2129.0,53.225,35.48333333333333,11.9,21.549999999999997,0.996265852512917,0.5563175199624236,0.7237200563644904,0.6404867042707494,0.4146144995709246,0.666280926536301
180,Democratic Republic of the Congo,2018,2100.92,29.22,25.349999999999998,7.4832,8.740830136986302,2129.0,2129.0,53.225,35.48333333333333,11.9,21.549999999999997,0.9868107092531705,0.548990136214185,0.7144199154532646,0.6288403361344538,0.40560696691351755,0.6569336127937182
180,Democratic Republic of the Congo,2019,2091.0,28.87,24.87,7.435394520547945,8.654701369863014,2127.0,2127.0,53.175000000000004,35.45,11.9,21.549999999999997,0.9830747531734838,0.5429243065350259,0.7015514809590973,0.6248230689536088,0.4016102723834346,0.6507967764009301
180,Democratic Republic of the Congo,2020,2026.09,28.25,23.18,7.309057534246576,8.529052054794521,2127.0,2127.0,53.175000000000004,35.45,11.9,21.549999999999997,0.9525575928537846,0.5312646920545369,0.6538787023977433,0.6142065154829055,0.39577967771668315,0.6295374361011307
180,Democratic Republic of the Congo,2021,2047.2,28.58,21.57,7.483298630136987,8.631024657534246,2128.0,2128.0,53.2,35.46666666666667,11.9,21.549999999999997,0.9620300751879699,0.5372180451127819,0.6081766917293233,0.6288486243812593,0.40051158503639195,0.6273570042895453
180,Democratic Republic of the Congo,2022,2033.14,28.43,21.26,7.79218904109589,8.408279452054794,2128.0,2128.0,53.2,35.46666666666667,11.9,21.549999999999997,0.9554229323308271,0.5343984962406014,0.5994360902255639,0.6548058017727638,0.39017538060579093,0.6268477402351095
180,Democratic Republic of the Congo,2023,2014.7800000000002,27.74,20.35,7.744175342465755,8.28156712328767,2129.0,2129.0,53.225,35.48333333333333,11.9,21.549999999999997,0.9463503992484735,0.5211836542977923,0.573508689525599,0.6507710371819961,0.38429545815720056,0.6152218476822122
188,Costa Rica,2010,2879.7,78.64,94.22,14.406528767123287,17.395646575342465,2421.0,2421.0,60.525000000000006,40.349999999999994,11.9,21.549999999999997,1.0,1.0,1.0,1.0,0.8072225789022026,0.9614445157804405
188,Costa Rica,2011,2881.89,77.16,96.12,14.23161095890411,17.358394520547947,2425.0,2425.0,60.625,40.416666666666664,11.9,21.549999999999997,1.0,1.0,1.0,1.0,0.8054939452690464,0.9610987890538093
188,Costa Rica,2012,2878.92,77.25,93.69,14.23767397260274,16.83481369863014,2427.0,2427.0,60.675000000000004,40.45,11.9,21.549999999999997,1.0,1.0,1.0,1.0,0.7811978514445541,0.9562395702889109
188,Costa Rica,2013,2889.1,77.69,96.72,14.207498630136987,16.66148219178082,2430.0,2430.0,60.75,40.5,11.9,21.549999999999997,1.0,1.0,1.0,1.0,0.7731546260687157,0.9546309252137432
188,Costa Rica,2014,2919.47,78.23,97.83,13.926893150684931,16.31579726027397,2432.0,2432.0,60.800000000000004,40.53333333333333,11.9,21.549999999999997,1.0,1.0,1.0,1.0,0.7571135619616693,0.9514227123923339
188,Costa Rica,2015,2931.29,78.11,100.8,13.799561643835617,16.223572602739726,2434.0,2434.0,60.85,40.56666666666666,11.9,21.549999999999997,1.0,1.0,1.0,1.0,0.7528339954867623,0.9505667990973524
188,Costa Rica,2016,3020.19,81.37,103.8,14.139816438356164,16.64645205479452,2436.0,2436.0,60.900000000000006,40.599999999999994,11.9,21.549999999999997,1.0,1.0,1.0,1.0,0.7724571719162191,0.9544914343832438
188,Costa Rica,2017,3056.11,82.44,112.36,14.262241095890412,17.007101369863012,2438.0,2438.0,60.95,40.63333333333333,11.9,21.549999999999997,1.0,1.0,1.0,1.0,0.7891926389727617,0.9578385277945524
188,Costa Rica,2018,3053.22,83.99,109.66,14.790476712328768,17.671120547945204,2440.0,2440.0,61.0,40.666666666666664,11.9,21.549999999999997,1.0,1.0,1.0,1.0,0.8200055938721673,0.9640011187744335
188,Costa Rica,2019,3071.57,89.31,110.23,15.497005479452055,17.372668493150684,2441.0,2441.0,61.025000000000006,40.68333333333333,11.9,21.549999999999997,1.0,1.0,1.0,1.0,0.8061563105870388,0.9612312621174077
188,Costa Rica,2020,3078.38,88.67,110.88999999999999,15.546643835616438,17.347613698630138,2445.0,2445.0,61.125,40.75,11.9,21.549999999999997,1.0,1.0,1.0,1.0,0.8049936751104473,0.9609987350220894
188,Costa Rica,2021,3041.7,87.89,114.10000000000001,15.007290410958905,16.620594520547947,2449.0,2449.0,61.225,40.81666666666666,11.9,21.549999999999997,1.0,1.0,1.0,1.0,0.7712572863363317,0.9542514572672663
188,Costa Rica,2022,3012.99,88.73,110.1,14.919830136986302,16.67928219178082,2454.0,2454.0,61.35,40.9,11.9,21.549999999999997,1.0,1.0,1.0,1.0,0.773980612147602,0.9547961224295204
188,Costa Rica,2023,3061.13,91.84,107.79,15.578638356164385,17.475646575342466,2458.0,2458.0,61.45,40.96666666666667,11.9,21.549999999999997,1.0,1.0,1.0,1.0,0.8109348758859615,0.9621869751771923
191,Croatia,2010,2996.9900000000002,86.7,104.35000000000001,18.39552602739726,21.979123287671232,2499.0,2499.0,62.475,41.65,11.9,21.549999999999997,1.0,1.0,1.0,1.0,1.0,1.0
191,Croatia,2011,3029.93,87.9,105.41,18.382693150684933,21.823523287671232,2498.0,2498.0,62.45,41.63333333333333,11.9,21.549999999999997,1.0,1.0,1.0,1.0,1.0,1.0
191,Croatia,2012,3031.81,90.03,114.0,18.64037808219178,21.40348493150685,2497.0,2497.0,62.425000000000004,41.61666666666667,11.9,21.549999999999997,1.0,1.0,1.0,1.0,0.9932011569144711,0.9986402313828942
191,Croatia,2013,3105.45,91.08999999999999,118.1,19.040142465753423,22.221279452054794,2495.0,2495.0,62.375,41.583333333333336,11.9,21.549999999999997,1.0,1.0,1.0,1.0,1.0,1.0
191,Croatia,2014,3019.5099999999998,91.34,108.57000000000001,19.08027123287671,20.929183561643836,2494.0,2494.0,62.35,41.56666666666666,11.9,21.549999999999997,1.0,1.0,1.0,1.0,0.9711918126052825,0.9942383625210566
191,Croatia,2015,3095.29,95.24,112.00999999999999,19.863202739726027,22.408189041095888,2492.0,2492.0,62.300000000000004,41.53333333333333,11.9,21.549999999999997,1.0,1.0,1.0,1.0,1.0,1.0
191,Croatia,2016,3211.4100000000003,98.41,116.21,22.505013698630137,27.826504109589038,2491.0,2491.0,62.275000000000006,41.516666666666666,11.9,21.549999999999997,1.0,1.0,1.0,1.0,1.0,1.0
191,Croatia,2017,3174.79,100.18,115.73,22.174271232876713,27.064602739726027,2490.0,2490.0,62.25,41.5,11.9,21.549999999999997,1.0,1.0,1.0,1.0,1.0,1.0
191,Croatia,2018,3250.4,103.58,118.13,22.95911780821918,28.026076712328766,2489.0,2489.0,62.225,41.48333333333333,11.9,21.549999999999997,1.0,1.0,1.0,1.0,1.0,1.0
191,Croatia,2019,3297.87,106.71,124.5,22.746879452054795,28.141600000000004,2488.0,2488.0,62.2,41.46666666666667,11.9,21.549999999999997,1.0,1.0,1.0,1.0,1.0,1.0
191,Croatia,2020,3334.77,106.15,125.37,23.220665753424658,29.548454794520545,2488.0,2488.0,62.2,41.46666666666667,11.9,21.549999999999997,1.0,1.0,1.0,1.0,1.0,1.0
191,Croatia,2021,3382.86,111.69,137.78,23.000471232876713,27.473178082191783,2488.0,2488.0,62.2,41.46666666666667,11.9,21.549999999999997,1.0,1.0,1.0,1.0,1.0,1.0
191,Croatia,2022,3416.48,112.66,139.55,23.13841095890411,28.14971780821918,2487.0,2487.0,62.175000000000004,41.45,11.9,21.549999999999997,1.0,1.0,1.0,1.0,1.0,1.0
191,Croatia,2023,3447.57,115.3,139.72,24.036375342465753,28.954284931506848,2488.0,2488.0,62.2,41.46666666666667,11.9,21.549999999999997,1.0,1.0,1.0,1.0,1.0,1.0
192,Cuba,2010,3250.91,88.31,67.95,19.222731506849314,23.7551698630137,2447.0,2447.0,61.175000000000004,40.78333333333333,11.9,21.549999999999997,1.0,1.0,1.0,1.0,1.0,1.0
192,Cuba,2011,3307.58,91.17,66.21000000000001,19.7619698630137,25.141008219178083,2448.0,2448.0,61.2,40.8,11.9,21.549999999999997,1.0,1.0,1.0,1.0,1.0,1.0
192,Cuba,2012,3313.22,90.48,69.7,18.849035616438357,24.963772602739724,2448.0,2448.0,61.2,40.8,11.9,21.549999999999997,1.0,1.0,1.0,1.0,1.0,1.0
192,Cuba,2013,3275.2599999999998,93.50999999999999,66.18,18.97638904109589,24.97527397260274,2448.0,2448.0,61.2,40.8,11.9,21.549999999999997,1.0,1.0,1.0,1.0,1.0,1.0
192,Cuba,2014,3316.14,94.24,71.33,20.198871232876716,26.177065753424657,2448.0,2448.0,61.2,40.8,11.9,21.549999999999997,1.0,1.0,1.0,1.0,1.0,1.0
192,Cuba,2015,3360.62,91.63,73.06,20.08392876712329,24.878172602739724,2448.0,2448.0,61.2,40.8,11.9,21.549999999999997,1.0,1.0,1.0,1.0,1.0,1.0
192,Cuba,2016,3475.66,99.77,77.0,20.998654794520547,26.64547397260274,2447.0,2447.0,61.175000000000004,40.78333333333333,11.9,21.549999999999997,1.0,1.0,1.0,1.0,1.0,1.0
192,Cuba,2017,3459.94,99.73,78.13,21.285854794520546,26.38151506849315,2448.0,2448.0,61.2,40.8,11.9,21.549999999999997,1.0,1.0,1.0,1.0,1.0,1.0
192,Cuba,2018,3433.9700000000003,96.75999999999999,78.01,20.246531506849315,24.98438904109589,2448.0,2448.0,61.2,40.8,11.9,21.549999999999997,1.0,1.0,1.0,1.0,1.0,1.0
192,Cuba,2019,3385.04,95.26,81.38,19.80496712328767,24.377487671232878,2448.0,2448.0,61.2,40.8,11.9,21.549999999999997,1.0,1.0,1.0,1.0,1.0,1.0
196,Cyprus,2010,3011.11,103.55,110.73,22.124449315068492,26.34048767123288,2552.0,2552.0,63.800000000000004,42.53333333333333,11.9,21.549999999999997,1.0,1.0,1.0,1.0,1.0,1.0
196,Cyprus,2011,2990.17,103.47,106.9,22.14295890410959,26.138416438356163,2553.0,2553.0,63.825,42.55,11.9,21.549999999999997,1.0,1.0,1.0,1.0,1.0,1.0
196,Cyprus,2012,2957.37,101.46,104.09,21.95489315068493,25.864457534246576,2552.0,2552.0,63.800000000000004,42.53333333333333,11.9,21.549999999999997,1.0,1.0,1.0,1.0,1.0,1.0
196,Cyprus,2013,2909.61,98.21000000000001,102.32,21.451928767123288,25.532224657534247,2551.0,2551.0,63.775000000000006,42.516666666666666,11.9,21.549999999999997,1.0,1.0,1.0,1.0,1.0,1.0
196,Cyprus,2014,2872.82,96.35000000000001,101.34,20.73183287671233,25.466791780821918,2550.0,2550.0,63.75,42.5,11.9,21.549999999999997,1.0,1.0,1.0,1.0,1.0,1.0
196,Cyprus,2015,2910.23,96.53,99.89,20.677060273972604,25.07607123287671,2549.0,2549.0,63.725,42.48333333333333,11.9,21.549999999999997,1.0,1.0,1.0,1.0,1.0,1.0
196,Cyprus,2016,2869.76,95.4,103.46000000000001,20.553852054794522,24.541898630136988,2546.0,2546.0,63.650000000000006,42.43333333333333,11.9,21.549999999999997,1.0,1.0,1.0,1.0,1.0,1.0
196,Cyprus,2017,2863.46,95.24,106.55000000000001,20.370550684931505,24.37725205479452,2544.0,2544.0,63.6,42.4,11.9,21.549999999999997,1.0,1.0,1.0,1.0,1.0,1.0
196,Cyprus,2018,2857.88,93.87,102.89,20.539312328767124,25.086279452054793,2542.0,2542.0,63.550000000000004,42.36666666666667,11.9,21.549999999999997,1.0,1.0,1.0,1.0,1.0,1.0
196,Cyprus,2019,2906.5699999999997,101.05,110.58,20.46498904109589,23.841709589041095,2540.0,2540.0,63.5,42.333333333333336,11.9,21.549999999999997,1.0,1.0,1.0,1.0,1.0,1.0
196,Cyprus,2020,2877.7,97.74,105.73,20.39749589041096,23.817958904109588,2538.0,2538.0,63.45,42.3,11.9,21.549999999999997,1.0,1.0,1.0,1.0,1.0,1.0
196,Cyprus,2021,2867.41,97.62,109.55,19.922909589041097,23.14709589041096,2536.0,2536.0,63.400000000000006,42.266666666666666,11.9,21.549999999999997,1.0,1.0,1.0,1.0,1.0,1.0
196,Cyprus,2022,2867.19,96.37,110.31,19.219336986301368,22.216405479452053,2534.0,2534.0,63.35,42.23333333333333,11.9,21.549999999999997,1.0,1.0,1.0,1.0,1.0,1.0
196,Cyprus,2023,2876.47,98.72,109.38,19.618169863013698,22.22217260273973,2533.0,2533.0,63.325,42.21666666666667,11.9,21.549999999999997,1.0,1.0,1.0,1.0,1.0,1.0
199,Least Developed Countries (LDCs),2010,2313.73,59.43,41.300000000000004,12.95151780821918,16.515268493150685,2182.0,2182.0,54.550000000000004,36.36666666666667,11.9,21.549999999999997,1.0,1.0,1.0,1.0,0.766369767663605,0.9532739535327209
199,Least Developed Countries (LDCs),2011,2329.21,59.62,42.31,12.97668219178082,16.530046575342467,2187.0,2187.0,54.675000000000004,36.45,11.9,21.549999999999997,1.0,1.0,1.0,1.0,0.7670555255379337,0.9534111051075869
199,Least Developed Countries (LDCs),2012,2344.26,60.84,43.13,13.11621095890411,16.81400273972603,2190.0,2190.0,54.75,36.5,11.9,21.549999999999997,1.0,1.0,1.0,1.0,0.7802321456949434,0.9560464291389886
199,Least Developed Countries (LDCs),2013,2353.13,61.120000000000005,43.89,13.149808219178082,16.942594520547946,2193.0,2193.0,54.825,36.55,11.9,21.549999999999997,1.0,1.0,1.0,1.0,0.7861992816959604,0.9572398563391922
199,Least Developed Countries (LDCs),2014,2377.03,61.75,45.19,13.258923287671232,16.985221917808218,2196.0,2196.0,54.900000000000006,36.599999999999994,11.9,21.549999999999997,1.0,1.0,1.0,1.0,0.7881773511743954,0.957635470234879
199,Least Developed Countries (LDCs),2015,2382.87,61.75,45.330000000000005,13.247317808219178,16.99855616438356,2200.0,2200.0,55.0,36.666666666666664,11.9,21.549999999999997,1.0,1.0,1.0,1.0,0.7887961097161746,0.9577592219432349
199,Least Developed Countries (LDCs),2016,2357.21,61.34,44.74,13.197197260273972,16.940098630136987,2203.0,2203.0,55.075,36.71666666666667,11.9,21.549999999999997,1.0,1.0,1.0,1.0,0.7860834631154056,0.9572166926230811
199,Least Developed Countries (LDCs),2017,2389.58,62.0,45.4,13.362295890410959,17.155454794520548,2207.0,2207.0,55.175000000000004,36.78333333333333,11.9,21.549999999999997,1.0,1.0,1.0,1.0,0.7960767886088422,0.9592153577217685
199,Least Developed Countries (LDCs),2018,2409.61,61.98,45.53,13.395660273972602,17.16992328767123,2210.0,2210.0,55.25,36.833333333333336,11.9,21.549999999999997,1.0,1.0,1.0,1.0,0.7967481804023775,0.9593496360804755
199,Least Developed Countries (LDCs),2019,2387.44,61.69,45.87,13.34591506849315,17.203569863013698,2213.0,2213.0,55.325,36.88333333333333,11.9,21.549999999999997,1.0,1.0,1.0,1.0,0.7983095064043481,0.9596619012808697
199,Least Developed Countries (LDCs),2020,2429.02,62.07,46.300000000000004,13.53644109589041,17.616076712328766,2216.0,2216.0,55.400000000000006,36.93333333333333,11.9,21.549999999999997,1.0,1.0,1.0,1.0,0.8174513555604997,0.9634902711120998
199,Least Developed Countries (LDCs),2021,2430.2400000000002,62.18,46.93,13.519865753424657,17.4826,2218.0,2218.0,55.45,36.96666666666667,11.9,21.549999999999997,1.0,1.0,1.0,1.0,0.8112575406032484,0.9622515081206497
199,Least Developed Countries (LDCs),2022,2444.82,62.46,46.87,13.631846575342465,17.563082191780822,2221.0,2221.0,55.525000000000006,37.016666666666666,11.9,21.549999999999997,1.0,1.0,1.0,1.0,0.8149922130756763,0.9629984426151352
199,Least Developed Countries (LDCs),2023,2419.1,61.54,46.66,13.461627397260274,17.30020273972603,2224.0,2224.0,55.6,37.06666666666666,11.9,21.549999999999997,1.0,1.0,1.0,1.0,0.8027936306137369,0.9605587261227473
203,Czechia,2010,3286.3700000000003,99.68,139.1,18.959750684931507,21.972136986301372,2550.0,2550.0,63.75,42.5,11.9,21.549999999999997,1.0,1.0,1.0,1.0,1.0,1.0
203,Czechia,2011,3274.52,98.14999999999999,134.73,19.344383561643838,22.80995616438356,2545.0,2545.0,63.625,42.416666666666664,11.9,21.549999999999997,1.0,1.0,1.0,1.0,1.0,1.0
203,Czechia,2012,3272.85,93.75999999999999,138.71,17.827942465753424,21.07427397260274,2541.0,2541.0,63.525000000000006,42.349999999999994,11.9,21.549999999999997,1.0,1.0,1.0,1.0,0.9779245462924706,0.9955849092584941
203,Czechia,2013,3301.45,94.41,139.56,17.82943287671233,21.349728767123285,2538.0,2538.0,63.45,42.3,11.9,21.549999999999997,1.0,1.0,1.0,1.0,0.9907066713282268,0.9981413342656454
203,Czechia,2014,3205.0,94.72,129.22,18.42251506849315,21.745090410958902,2536.0,2536.0,63.400000000000006,42.266666666666666,11.9,21.549999999999997,1.0,1.0,1.0,1.0,1.0,1.0
203,Czechia,2015,3133.54,95.4,126.06,17.982172602739723,20.685939726027396,2533.0,2533.0,63.325,42.21666666666667,11.9,21.549999999999997,1.0,1.0,1.0,1.0,0.9599043956393224,0.9919808791278644
203,Czechia,2016,3258.28,96.83,138.68,18.11006301369863,20.990090410958903,2530.0,2530.0,63.25,42.166666666666664,11.9,21.549999999999997,1.0,1.0,1.0,1.0,0.9740181165178147,0.994803623303563
203,Czechia,2017,3298.73,95.19,142.45,17.63446301369863,20.485060273972604,2528.0,2528.0,63.2,42.13333333333333,11.9,21.549999999999997,1.0,1.0,1.0,1.0,0.9505828433397961,0.9901165686679592
203,Czechia,2018,3300.29,95.27,146.67,17.81290410958904,20.568783561643833,2526.0,2526.0,63.150000000000006,42.099999999999994,11.9,21.549999999999997,1.0,1.0,1.0,1.0,0.9544679146934495,0.9908935829386898
203,Czechia,2019,3338.9500000000003,95.24000000000001,152.29,17.585983561643836,20.01097808219178,2525.0,2525.0,63.125,42.083333333333336,11.9,21.549999999999997,1.0,1.0,1.0,1.0,0.9285836697072753,0.985716733941455
203,Czechia,2020,3352.25,95.63,154.34,17.739090410958905,20.312413698630138,2525.0,2525.0,63.125,42.083333333333336,11.9,21.549999999999997,1.0,1.0,1.0,1.0,0.9425714013285448,0.988514280265709
203,Czechia,2021,3380.87,96.64999999999999,159.04999999999998,17.677438356164384,20.02602191780822,2525.0,2525.0,63.125,42.083333333333336,11.9,21.549999999999997,1.0,1.0,1.0,1.0,0.9292817595270636,0.9858563519054128
203,Czechia,2022,3393.51,96.88,159.71,17.788454794520547,20.20337808219178,2528.0,2528.0,63.2,42.13333333333333,11.9,21.549999999999997,1.0,1.0,1.0,1.0,0.9375117439532149,0.987502348790643
203,Czechia,2023,3384.27,96.05,159.04,17.689106849315067,20.036027397260273,2532.0,2532.0,63.300000000000004,42.2,11.9,21.549999999999997,1.0,1.0,1.0,1.0,0.9297460509169502,0.9859492101833901
208,Denmark,2010,3510.96,112.33,136.64,25.88863287671233,28.92502191780822,2537.0,2537.0,63.425000000000004,42.28333333333333,11.9,21.549999999999997,1.0,1.0,1.0,1.0,1.0,1.0
208,Denmark,2011,3494.58,108.55,139.48,25.207846575342465,27.7674,2538.0,2538.0,63.45,42.3,11.9,21.549999999999997,1.0,1.0,1.0,1.0,1.0,1.0
208,Denmark,2012,3478.64,113.07000000000001,137.51,24.76101095890411,26.967356164383563,2540.0,2540.0,63.5,42.333333333333336,11.9,21.549999999999997,1.0,1.0,1.0,1.0,1.0,1.0
208,Denmark,2013,3551.26,115.57,143.37,25.131608219178084,26.949142465753425,2543.0,2543.0,63.575,42.38333333333333,11.9,21.549999999999997,1.0,1.0,1.0,1.0,1.0,1.0
208,Denmark,2014,3654.91,119.13,155.05,24.947646575342464,26.217665753424658,2545.0,2545.0,63.625,42.416666666666664,11.9,21.549999999999997,1.0,1.0,1.0,1.0,1.0,1.0
208,Denmark,2015,3700.43,123.05,160.53,24.897857534246576,25.775331506849316,2547.0,2547.0,63.675000000000004,42.45,11.9,21.549999999999997,1.0,1.0,1.0,1.0,1.0,1.0
208,Denmark,2016,3670.16,123.73,159.29,24.503271232876713,25.62985479452055,2549.0,2549.0,63.725,42.48333333333333,11.9,21.549999999999997,1.0,1.0,1.0,1.0,1.0,1.0
208,Denmark,2017,3656.4,123.43,155.66,24.606161643835616,25.87565205479452,2549.0,2549.0,63.725,42.48333333333333,11.9,21.549999999999997,1.0,1.0,1.0,1.0,1.0,1.0
208,Denmark,2018,3816.4100000000003,128.83,173.05,25.03367397260274,26.07247671232877,2549.0,2549.0,63.725,42.48333333333333,11.9,21.549999999999997,1.0,1.0,1.0,1.0,1.0,1.0
208,Denmark,2019,3763.8,124.14999999999999,171.02,24.38042191780822,24.915627397260273,2549.0,2549.0,63.725,42.48333333333333,11.9,21.549999999999997,1.0,1.0,1.0,1.0,1.0,1.0
208,Denmark,2020,3815.32,127.57000000000001,169.54000000000002,25.26508493150685,25.706194520547946,2549.0,2549.0,63.725,42.48333333333333,11.9,21.549999999999997,1.0,1.0,1.0,1.0,1.0,1.0
208,Denmark,2021,3802.25,127.18,165.95,26.776895890410955,25.761854794520545,2549.0,2549.0,63.725,42.48333333333333,11.9,21.549999999999997,1.0,1.0,1.0,1.0,1.0,1.0
208,Denmark,2022,3785.36,125.72,156.60999999999999,26.451134246575343,25.520720547945206,2549.0,2549.0,63.725,42.48333333333333,11.9,21.549999999999997,1.0,1.0,1.0,1.0,1.0,1.0
208,Denmark,2023,3733.88,126.35000000000001,150.76,26.224219178082194,25.84260273972603,2549.0,2549.0,63.725,42.48333333333333,11.9,21.549999999999997,1.0,1.0,1.0,1.0,1.0,1.0
214,Dominican Republic,2010,2590.88,61.910000000000004,95.05,11.373221917808218,14.19977808219178,2369.0,2369.0,59.225,39.48333333333333,11.9,21.549999999999997,1.0,1.0,1.0,0.9557329342695982,0.6589224168070432,0.9229310702153283
214,Dominican Republic,2011,2647.2,65.42999999999999,92.67,12.091917808219177,15.956517808219177,2373.0,2373.0,59.325,39.55,11.9,21.549999999999997,1.0,1.0,1.0,1.0,0.7404416616343007,0.9480883323268602
214,Dominican Republic,2012,2682.56,62.83,98.45,12.2729698630137,16.539972602739727,2377.0,2377.0,59.425000000000004,39.61666666666667,11.9,21.549999999999997,1.0,1.0,1.0,1.0,0.7675161300575281,0.9535032260115056
214,Dominican Republic,2013,2741.97,62.769999999999996,101.66,11.905068493150685,16.085912328767122,2381.0,2381.0,59.525000000000006,39.68333333333333,11.9,21.549999999999997,1.0,1.0,1.0,1.0,0.7464460477386137,0.9492892095477228
214,Dominican Republic,2014,2812.94,65.83,103.43,11.88453698630137,15.46791506849315,2383.0,2383.0,59.575,39.71666666666667,11.9,21.549999999999997,1.0,1.0,1.0,0.9987005870841488,0.7177686806725361,0.9432938535513369
214,Dominican Republic,2015,2795.6,67.61,102.76,12.289654794520548,15.856821917808219,2385.0,2385.0,59.625,39.75,11.9,21.549999999999997,1.0,1.0,1.0,1.0,0.735815402218479,0.9471630804436957
214,Dominican Republic,2016,2890.49,70.4,108.28,12.644931506849316,16.68054794520548,2386.0,2386.0,59.650000000000006,39.766666666666666,11.9,21.549999999999997,1.0,1.0,1.0,1.0,0.7740393478053588,0.9548078695610718
214,Dominican Republic,2017,2939.91,71.58,109.55,12.912375342465753,17.215191780821918,2388.0,2388.0,59.7,39.8,11.9,21.549999999999997,1.0,1.0,1.0,1.0,0.7988488065346598,0.959769761306932
214,Dominican Republic,2018,3001.27,76.89999999999999,107.62,14.22728493150685,19.40638904109589,2389.0,2389.0,59.725,39.81666666666666,11.9,21.549999999999997,1.0,1.0,1.0,1.0,0.9005284937863522,0.9801056987572704
214,Dominican Republic,2019,3055.34,78.46,107.69,14.58987397260274,20.60152602739726,2390.0,2390.0,59.75,39.833333333333336,11.9,21.549999999999997,1.0,1.0,1.0,1.0,0.9559872866541653,0.9911974573308331
214,Dominican Republic,2020,3111.25,80.09,106.28,15.197501369863014,21.486312328767124,2392.0,2392.0,59.800000000000004,39.86666666666667,11.9,21.549999999999997,1.0,1.0,1.0,1.0,0.9970446556272449,0.9994089311254489
214,Dominican Republic,2021,3163.44,83.27,106.42999999999999,15.600139726027397,21.77762191780822,2394.0,2394.0,59.85,39.9,11.9,21.549999999999997,1.0,1.0,1.0,1.0,1.0,1.0
214,Dominican Republic,2022,3269.2799999999997,86.97,113.86,16.04510684931507,22.428268493150686,2396.0,2396.0,59.900000000000006,39.93333333333333,11.9,21.549999999999997,1.0,1.0,1.0,1.0,1.0,1.0
214,Dominican Republic,2023,3313.44,90.05,116.05,17.045572602739725,24.38,2399.0,2399.0,59.975,39.98333333333333,11.9,21.549999999999997,1.0,1.0,1.0,1.0,1.0,1.0
218,Ecuador,2010,2595.94,71.33,94.89,13.884301369863014,14.284331506849314,2269.0,2269.0,56.725,37.81666666666666,11.9,21.549999999999997,1.0,1.0,1.0,1.0,0.6628460095985762,0.9325692019197153
218,Ecuador,2011,2601.53,72.3,98.21000000000001,14.03985205479452,14.333079452054793,2273.0,2273.0,56.825,37.88333333333333,11.9,21.549999999999997,1.0,1.0,1.0,1.0,0.6651080952229603,0.933021619044592
218,Ecuador,2012,2594.7,70.62,97.38,13.874816438356163,14.311638356164384,2280.0,2280.0,57.0,38.0,11.9,21.549999999999997,1.0,1.0,1.0,1.0,0.6641131487779297,0.9328226297555859
218,Ecuador,2013,2552.98,70.97,99.92,13.700958904109589,13.736317808219178,2284.0,2284.0,57.1,38.06666666666666,11.9,21.549999999999997,1.0,1.0,1.0,1.0,0.6374161395925374,0.9274832279185075
218,Ecuador,2014,2601.26,70.92,101.82,14.035454794520549,14.551082191780822,2289.0,2289.0,57.225,38.15,11.9,21.549999999999997,1.0,1.0,1.0,1.0,0.6752242316371612,0.9350448463274322
218,Ecuador,2015,2603.85,69.88,98.41,14.11228493150685,14.909419178082192,2294.0,2294.0,57.35,38.23333333333333,11.9,21.549999999999997,1.0,1.0,1.0,1.0,0.6918523980548582,0.9383704796109716
218,Ecuador,2016,2537.41,67.49,93.82000000000001,13.881665753424658,14.516909589041097,2300.0,2300.0,57.5,38.333333333333336,11.9,21.549999999999997,1.0,1.0,1.0,1.0,0.6736384960111879,0.9347276992022376
218,Ecuador,2017,2549.81,67.1,96.4,13.891509589041096,14.794767123287672,2306.0,2306.0,57.650000000000006,38.43333333333333,11.9,21.549999999999997,1.0,1.0,1.0,1.0,0.6865321170899152,0.9373064234179831
218,Ecuador,2018,2541.53,65.88,96.54,13.867772602739727,14.59384109589041,2311.0,2311.0,57.775000000000006,38.516666666666666,11.9,21.549999999999997,1.0,1.0,1.0,1.0,0.6772084035215968,0.9354416807043193
218,Ecuador,2019,2508.68,66.88,93.48,14.01362191780822,14.826391780821918,2316.0,2316.0,57.900000000000006,38.599999999999994,11.9,21.549999999999997,1.0,1.0,1.0,1.0,0.6879996185996251,0.9375999237199251
218,Ecuador,2020,2545.8799999999997,69.73,96.55,14.244301369863015,15.120564383561645,2321.0,2321.0,58.025000000000006,38.68333333333333,11.9,21.549999999999997,1.0,1.0,1.0,1.0,0.7016503194228142,0.9403300638845629
218,Ecuador,2021,2578.43,69.46,105.32,13.086646575342467,13.355235616438357,2325.0,2325.0,58.125,38.75,11.9,21.549999999999997,1.0,1.0,1.0,1.0,0.6197325112036361,0.9239465022407272
218,Ecuador,2022,2570.3,68.64,100.4,12.926747945205479,13.308482191780822,2330.0,2330.0,58.25,38.833333333333336,11.9,21.549999999999997,1.0,1.0,1.0,1.0,0.6175629787369292,0.9235125957473859
218,Ecuador,2023,2620.94,69.58,104.3,12.854591780821918,13.149098630136987,2335.0,2335.0,58.375,38.916666666666664,11.9,21.549999999999997,1.0,1.0,1.0,1.0,0.61016698979754,0.9220333979595081
222,El Salvador,2010,2627.85,73.29,59.7,15.408890410958904,20.37074794520548,2262.0,2262.0,56.550000000000004,37.7,11.9,21.549999999999997,1.0,1.0,1.0,1.0,0.9452783269236883,0.9890556653847377
222,El Salvador,2011,2630.35,73.60000000000001,61.63,15.276194520547945,20.567090410958905,2268.0,2268.0,56.7,37.8,11.9,21.549999999999997,1.0,1.0,1.0,1.0,0.9543893462161905,0.9908778692432382
222,El Salvador,2012,2650.84,75.33,59.730000000000004,15.469457534246574,21.190605479452053,2274.0,2274.0,56.85,37.9,11.9,21.549999999999997,1.0,1.0,1.0,1.0,0.9833227600673807,0.9966645520134761
222,El Salvador,2013,2640.25,75.42,61.58,14.912821917808218,20.692802739726027,2280.0,2280.0,57.0,38.0,11.9,21.549999999999997,1.0,1.0,1.0,1.0,0.960222864952484,0.9920445729904968
222,El Salvador,2014,2644.2,79.65,58.81,15.785654794520548,21.483309589041095,2284.0,2284.0,57.1,38.06666666666666,11.9,21.549999999999997,1.0,1.0,1.0,1.0,0.9969053173568955,0.9993810634713791
222,El Salvador,2015,2649.6,79.12,60.04,15.99749589041096,21.49319726027397,2288.0,2288.0,57.2,38.13333333333333,11.9,21.549999999999997,1.0,1.0,1.0,1.0,0.997364142008073,0.9994728284016146
222,El Salvador,2016,2697.3900000000003,80.27,60.49,16.369983561643835,21.86816438356164,2292.0,2292.0,57.300000000000004,38.2,11.9,21.549999999999997,1.0,1.0,1.0,1.0,1.0,1.0
222,El Salvador,2017,2750.77,80.21000000000001,66.37,17.01193698630137,22.56933424657534,2295.0,2295.0,57.375,38.25,11.9,21.549999999999997,1.0,1.0,1.0,1.0,1.0,1.0
222,El Salvador,2018,2785.59,80.92,64.41,17.04841917808219,22.859567123287672,2299.0,2299.0,57.475,38.31666666666666,11.9,21.549999999999997,1.0,1.0,1.0,1.0,1.0,1.0
222,El Salvador,2019,2848.1800000000003,85.53,67.24,18.47803287671233,23.919268493150685,2303.0,2303.0,57.575,38.38333333333333,11.9,21.549999999999997,1.0,1.0,1.0,1.0,1.0,1.0
222,El Salvador,2020,2798.5499999999997,85.51,68.56,18.243380821917807,23.552816438356164,2307.0,2307.0,57.675000000000004,38.45,11.9,21.549999999999997,1.0,1.0,1.0,1.0,1.0,1.0
222,El Salvador,2021,2828.66,85.91,72.86,18.47302191780822,23.538909589041094,2311.0,2311.0,57.775000000000006,38.516666666666666,11.9,21.549999999999997,1.0,1.0,1.0,1.0,1.0,1.0
222,El Salvador,2022,2891.71,86.29,75.73,18.453523287671235,23.526980821917807,2314.0,2314.0,57.85,38.56666666666666,11.9,21.549999999999997,1.0,1.0,1.0,1.0,1.0,1.0
222,El Salvador,2023,2896.32,88.85,75.71,18.8914,24.039383561643834,2318.0,2318.0,57.95,38.63333333333333,11.9,21.549999999999997,1.0,1.0,1.0,1.0,1.0,1.0
231,Ethiopia,2010,2188.29,72.91,31.65,15.614254794520548,21.466876712328766,2157.0,2157.0,53.925000000000004,35.95,11.9,21.549999999999997,1.0,1.0,0.8803894297635604,1.0,0.9961427708737247,0.9753064401274572
231,Ethiopia,2011,2203.33,72.13,31.95,15.558205479452054,21.607112328767123,2165.0,2165.0,54.125,36.083333333333336,11.9,21.549999999999997,1.0,1.0,0.8854503464203233,1.0,1.0,0.9770900692840646
231,Ethiopia,2012,2254.13,74.79,32.48,15.921454794520548,22.420068493150687,2178.0,2178.0,54.45,36.3,11.9,21.549999999999997,1.0,1.0,0.8947658402203856,1.0,1.0,0.9789531680440771
231,Ethiopia,2013,2310.43,76.57000000000001,33.339999999999996,16.30422191780822,23.10394520547945,2189.0,2189.0,54.725,36.48333333333333,11.9,21.549999999999997,1.0,1.0,0.9138419369575149,1.0,1.0,0.982768387391503
231,Ethiopia,2014,2385.91,76.62,34.05,16.538687671232875,23.064038356164385,2199.0,2199.0,54.975,36.65,11.9,21.549999999999997,1.0,1.0,0.9290586630286494,1.0,1.0,0.9858117326057299
231,Ethiopia,2015,2483.15,79.85,40.07,16.99166301369863,23.914761643835618,2209.0,2209.0,55.225,36.81666666666666,11.9,21.549999999999997,1.0,1.0,1.0,1.0,1.0,1.0
231,Ethiopia,2016,2471.91,79.64,36.09,17.154361643835614,24.007627397260272,2218.0,2218.0,55.45,36.96666666666667,11.9,21.549999999999997,1.0,1.0,0.9762849413886384,1.0,1.0,0.9952569882777276
231,Ethiopia,2017,2523.11,80.26,37.07,17.269016438356164,24.351994520547944,2224.0,2224.0,55.6,37.06666666666666,11.9,21.549999999999997,1.0,1.0,1.0,1.0,1.0,1.0
231,Ethiopia,2018,2506.2,78.67,38.31,16.922794520547942,23.683578082191783,2229.0,2229.0,55.725,37.15,11.9,21.549999999999997,1.0,1.0,1.0,1.0,1.0,1.0
231,Ethiopia,2019,2469.28,79.72,33.36,17.275575342465753,23.612920547945205,2232.0,2232.0,55.800000000000004,37.2,11.9,21.549999999999997,1.0,1.0,0.896774193548387,1.0,1.0,0.9793548387096773
231,Ethiopia,2020,2543.37,80.79,42.01,17.23426575342466,23.82136164383562,2235.0,2235.0,55.875,37.25,11.9,21.549999999999997,1.0,1.0,1.0,1.0,1.0,1.0
231,Ethiopia,2021,2556.17,79.78,44.53,17.10538630136986,23.59529315068493,2237.0,2237.0,55.925000000000004,37.28333333333333,11.9,21.549999999999997,1.0,1.0,1.0,1.0,1.0,1.0
231,Ethiopia,2022,2563.23,79.49,44.57,17.046120547945204,23.071186301369863,2240.0,2240.0,56.0,37.333333333333336,11.9,21.549999999999997,1.0,1.0,1.0,1.0,1.0,1.0
231,Ethiopia,2023,2558.42,79.87,43.93,17.156956164383562,23.262117808219177,2242.0,2242.0,56.050000000000004,37.36666666666667,11.9,21.549999999999997,1.0,1.0,1.0,1.0,1.0,1.0
233,Estonia,2010,3233.72,103.21000000000001,92.73,22.03304383561644,26.12246301369863,2554.0,2554.0,63.85,42.56666666666666,11.9,21.549999999999997,1.0,1.0,1.0,1.0,1.0,1.0
233,Estonia,2011,3220.52,103.3,90.2,22.147101369863016,27.03592602739726,2549.0,2549.0,63.725,42.48333333333333,11.9,21.549999999999997,1.0,1.0,1.0,1.0,1.0,1.0
233,Estonia,2012,3151.7400000000002,100.19,95.58999999999999,21.02524383561644,24.612706849315067,2546.0,2546.0,63.650000000000006,42.43333333333333,11.9,21.549999999999997,1.0,1.0,1.0,1.0,1.0,1.0
233,Estonia,2013,3175.32,107.19,91.8,21.63348493150685,26.04518082191781,2545.0,2545.0,63.625,42.416666666666664,11.9,21.549999999999997,1.0,1.0,1.0,1.0,1.0,1.0
233,Estonia,2014,3177.82,106.08999999999999,104.88,21.46666301369863,24.758967123287672,2543.0,2543.0,63.575,42.38333333333333,11.9,21.549999999999997,1.0,1.0,1.0,1.0,1.0,1.0
233,Estonia,2015,3130.35,107.55999999999999,117.64999999999999,20.815328767123287,23.89008493150685,2542.0,2542.0,63.550000000000004,42.36666666666667,11.9,21.549999999999997,1.0,1.0,1.0,1.0,1.0,1.0
233,Estonia,2016,3104.21,108.24,117.0,20.385709589041095,22.81775616438356,2540.0,2540.0,63.5,42.333333333333336,11.9,21.549999999999997,1.0,1.0,1.0,1.0,1.0,1.0
233,Estonia,2017,3101.96,106.56,116.92999999999999,20.176657534246576,22.642224657534246,2539.0,2539.0,63.475,42.31666666666666,11.9,21.549999999999997,1.0,1.0,1.0,1.0,1.0,1.0
233,Estonia,2018,3197.57,111.12,125.66,21.10768493150685,23.677391780821917,2540.0,2540.0,63.5,42.333333333333336,11.9,21.549999999999997,1.0,1.0,1.0,1.0,1.0,1.0
233,Estonia,2019,3250.53,110.47999999999999,143.35,19.851120547945207,21.674934246575344,2539.0,2539.0,63.475,42.31666666666666,11.9,21.549999999999997,1.0,1.0,1.0,1.0,1.0,1.0
233,Estonia,2020,3243.87,107.87,143.1,19.126712328767123,20.40292876712329,2540.0,2540.0,63.5,42.333333333333336,11.9,21.549999999999997,1.0,1.0,1.0,1.0,0.9467716365254427,0.9893543273050887
233,Estonia,2021,3241.55,110.62,139.60999999999999,19.98652602739726,21.105813698630136,2541.0,2541.0,63.525000000000006,42.349999999999994,11.9,21.549999999999997,1.0,1.0,1.0,1.0,0.9793881066649717,0.9958776213329944
233,Estonia,2022,3303.86,110.91,140.92000000000002,20.05340821917808,21.246216438356164,2543.0,2543.0,63.575,42.38333333333333,11.9,21.549999999999997,1.0,1.0,1.0,1.0,0.9859033150049266,0.9971806630009853
233,Estonia,2023,3286.52,112.13,135.54,20.271720547945208,21.680252054794522,2547.0,2547.0,63.675000000000004,42.45,11.9,21.549999999999997,1.0,1.0,1.0,1.0,1.0,1.0
242,Fiji,2010,2675.35,67.4,78.32,13.939553424657534,17.720378082191782,2358.0,2358.0,58.95,39.3,11.9,21.549999999999997,1.0,1.0,1.0,1.0,0.8222913263198044,0.964458265263961
242,Fiji,2011,2721.64,72.35000000000001,78.71,14.620665753424658,18.438701369863015,2360.0,2360.0,59.0,39.333333333333336,11.9,21.549999999999997,1.0,1.0,1.0,1.0,0.8556241934971238,0.9711248386994248
242,Fiji,2012,2683.14,72.3,77.24,14.542364383561644,17.917772602739728,2362.0,2362.0,59.050000000000004,39.36666666666667,11.9,21.549999999999997,1.0,1.0,1.0,1.0,0.8314511648603123,0.9662902329720625
242,Fiji,2013,2684.94,69.03,76.07,14.430764383561645,18.2952301369863,2364.0,2364.0,59.1,39.4,11.9,21.549999999999997,1.0,1.0,1.0,1.0,0.8489665956838192,0.9697933191367639
242,Fiji,2014,2752.1099999999997,72.55,82.96000000000001,14.899372602739726,18.730523287671232,2365.0,2365.0,59.125,39.416666666666664,11.9,21.549999999999997,1.0,1.0,1.0,1.0,0.8691658138130504,0.9738331627626101
242,Fiji,2015,2731.08,71.86999999999999,76.47,14.644054794520548,18.757909589041095,2366.0,2366.0,59.150000000000006,39.43333333333333,11.9,21.549999999999997,1.0,1.0,1.0,1.0,0.8704366398626959,0.9740873279725392
242,Fiji,2016,2676.7,67.95,74.91,14.364835616438356,18.44803287671233,2368.0,2368.0,59.2,39.46666666666667,11.9,21.549999999999997,1.0,1.0,1.0,1.0,0.8560572100562567,0.9712114420112513
242,Fiji,2017,2726.66,75.89,86.69,15.155367123287672,19.388098630136987,2371.0,2371.0,59.275000000000006,39.516666666666666,11.9,21.549999999999997,1.0,1.0,1.0,1.0,0.8996797508184218,0.9799359501636843
242,Fiji,2018,2792.39,84.12,85.55,16.522597260273972,21.215830136986302,2373.0,2373.0,59.325,39.55,11.9,21.549999999999997,1.0,1.0,1.0,1.0,0.98449327781839,0.9968986555636781
242,Fiji,2019,2841.15,81.94,85.55,16.34133698630137,21.093282191780823,2376.0,2376.0,59.400000000000006,39.599999999999994,11.9,21.549999999999997,1.0,1.0,1.0,1.0,0.9788065982264884,0.9957613196452977
242,Fiji,2020,2883.58,80.14,84.25,16.693482191780824,22.11928767123288,2380.0,2380.0,59.5,39.666666666666664,11.9,21.549999999999997,1.0,1.0,1.0,1.0,1.0,1.0
242,Fiji,2021,2925.35,80.13,88.03,16.716128767123287,22.285682191780822,2383.0,2383.0,59.575,39.71666666666667,11.9,21.549999999999997,1.0,1.0,1.0,1.0,1.0,1.0
242,Fiji,2022,2898.16,84.33,88.64,16.79204383561644,22.23800821917808,2386.0,2386.0,59.650000000000006,39.766666666666666,11.9,21.549999999999997,1.0,1.0,1.0,1.0,1.0,1.0
242,Fiji,2023,2938.02,87.01,94.44,17.64369863013699,23.465619178082193,2389.0,2389.0,59.725,39.81666666666666,11.9,21.549999999999997,1.0,1.0,1.0,1.0,1.0,1.0
246,Finland,2010,3166.01,115.28999999999999,123.69,22.207405479452053,23.67495068493151,2554.0,2554.0,63.85,42.56666666666666,11.9,21.549999999999997,1.0,1.0,1.0,1.0,1.0,1.0
246,Finland,2011,3193.79,116.61,128.44,22.34918082191781,23.608605479452056,2552.0,2552.0,63.800000000000004,42.53333333333333,11.9,21.549999999999997,1.0,1.0,1.0,1.0,1.0,1.0
246,Finland,2012,3267.82,117.93,133.6,23.08833698630137,24.05075890410959,2550.0,2550.0,63.75,42.5,11.9,21.549999999999997,1.0,1.0,1.0,1.0,1.0,1.0
246,Finland,2013,3248.13,118.04,133.7,23.141531506849315,23.885616438356163,2549.0,2549.0,63.725,42.48333333333333,11.9,21.549999999999997,1.0,1.0,1.0,1.0,1.0,1.0
246,Finland,2014,3243.45,119.97,132.18,22.8781698630137,23.4282301369863,2548.0,2548.0,63.7,42.46666666666667,11.9,21.549999999999997,1.0,1.0,1.0,1.0,1.0,1.0
246,Finland,2015,3240.32,119.78999999999999,130.24,22.67106301369863,23.260019178082192,2547.0,2547.0,63.675000000000004,42.45,11.9,21.549999999999997,1.0,1.0,1.0,1.0,1.0,1.0
246,Finland,2016,3269.75,120.25,132.02,22.975276712328768,23.385131506849316,2548.0,2548.0,63.7,42.46666666666667,11.9,21.549999999999997,1.0,1.0,1.0,1.0,1.0,1.0
246,Finland,2017,3269.7400000000002,120.93,131.12,22.929208219178083,23.39343287671233,2549.0,2549.0,63.725,42.48333333333333,11.9,21.549999999999997,1.0,1.0,1.0,1.0,1.0,1.0
246,Finland,2018,3318.5,122.5,134.95,22.91248493150685,23.27298904109589,2551.0,2551.0,63.775000000000006,42.516666666666666,11.9,21.549999999999997,1.0,1.0,1.0,1.0,1.0,1.0
246,Finland,2019,3341.72,121.84,128.98,21.959980821917807,23.5748,2554.0,2554.0,63.85,42.56666666666666,11.9,21.549999999999997,1.0,1.0,1.0,1.0,1.0,1.0
246,Finland,2020,3360.15,123.03,128.5,22.640687671232875,24.58368219178082,2557.0,2557.0,63.925000000000004,42.61666666666667,11.9,21.549999999999997,1.0,1.0,1.0,1.0,1.0,1.0
246,Finland,2021,3335.89,124.66,127.58,22.621498630136987,24.33847397260274,2559.0,2559.0,63.975,42.65,11.9,21.549999999999997,1.0,1.0,1.0,1.0,1.0,1.0
246,Finland,2022,3371.98,125.97,124.77,23.104443835616436,25.158257534246577,2561.0,2561.0,64.025,42.68333333333333,11.9,21.549999999999997,1.0,1.0,1.0,1.0,1.0,1.0
246,Finland,2023,3345.61,126.12,123.77,23.22454794520548,25.243915068493152,2563.0,2563.0,64.075,42.71666666666667,11.9,21.549999999999997,1.0,1.0,1.0,1.0,1.0,1.0
250,France,2010,3503.72,119.22,152.2,22.138424657534244,25.006123287671233,2498.0,2498.0,62.45,41.63333333333333,11.9,21.549999999999997,1.0,1.0,1.0,1.0,1.0,1.0
250,France,2011,3490.58,117.55,148.62,21.970347945205482,24.968564383561645,2496.0,2496.0,62.400000000000006,41.599999999999994,11.9,21.549999999999997,1.0,1.0,1.0,1.0,1.0,1.0
250,France,2012,3453.97,116.48,148.48,21.915668493150687,24.72172328767123,2495.0,2495.0,62.375,41.583333333333336,11.9,21.549999999999997,1.0,1.0,1.0,1.0,1.0,1.0
250,France,2013,3459.4,116.3,147.54,21.72970410958904,24.737,2495.0,2495.0,62.375,41.583333333333336,11.9,21.549999999999997,1.0,1.0,1.0,1.0,1.0,1.0
250,France,2014,3420.7799999999997,114.21,140.84,21.253958904109588,24.557986301369862,2495.0,2495.0,62.375,41.583333333333336,11.9,21.549999999999997,1.0,1.0,1.0,1.0,1.0,1.0
250,France,2015,3407.95,115.35,140.47,21.631320547945204,24.730931506849316,2495.0,2495.0,62.375,41.583333333333336,11.9,21.549999999999997,1.0,1.0,1.0,1.0,1.0,1.0
250,France,2016,3450.02,116.43,141.6,21.594186301369863,24.777339726027396,2495.0,2495.0,62.375,41.583333333333336,11.9,21.549999999999997,1.0,1.0,1.0,1.0,1.0,1.0
250,France,2017,3452.02,118.09,143.14000000000001,21.934323287671234,25.362876712328767,2496.0,2496.0,62.400000000000006,41.599999999999994,11.9,21.549999999999997,1.0,1.0,1.0,1.0,1.0,1.0
250,France,2018,3437.32,117.62,150.34,21.990698630136986,25.329953424657536,2498.0,2498.0,62.45,41.63333333333333,11.9,21.549999999999997,1.0,1.0,1.0,1.0,1.0,1.0
250,France,2019,3459.25,118.38,149.05,22.056624657534247,24.681084931506852,2499.0,2499.0,62.475,41.65,11.9,21.549999999999997,1.0,1.0,1.0,1.0,1.0,1.0
250,France,2020,3485.48,118.36,146.79,22.309435616438353,25.119,2501.0,2501.0,62.525000000000006,41.68333333333333,11.9,21.549999999999997,1.0,1.0,1.0,1.0,1.0,1.0
250,France,2021,3489.96,119.19,147.79,22.63999178082192,25.411427397260272,2502.0,2502.0,62.550000000000004,41.7,11.9,21.549999999999997,1.0,1.0,1.0,1.0,1.0,1.0
250,France,2022,3532.3,116.81,150.61,22.14735342465753,24.90078082191781,2504.0,2504.0,62.6,41.73333333333333,11.9,21.549999999999997,1.0,1.0,1.0,1.0,1.0,1.0
250,France,2023,3489.55,115.99000000000001,149.11,22.113268493150684,24.799778082191782,2505.0,2505.0,62.625,41.75,11.9,21.549999999999997,1.0,1.0,1.0,1.0,1.0,1.0
258,French Polynesia,2010,3007.44,110.11999999999999,123.16,23.034000000000002,27.204268493150686,2416.0,2416.0,60.400000000000006,40.266666666666666,11.9,21.549999999999997,1.0,1.0,1.0,1.0,1.0,1.0
258,French Polynesia,2011,3007.14,110.41,123.24,23.21607397260274,27.158775342465752,2418.0,2418.0,60.45,40.3,11.9,21.549999999999997,1.0,1.0,1.0,1.0,1.0,1.0
258,French Polynesia,2012,2997.11,110.7,121.5,23.155824657534247,27.20507671232877,2418.0,2418.0,60.45,40.3,11.9,21.549999999999997,1.0,1.0,1.0,1.0,1.0,1.0
258,French Polynesia,2013,2998.46,110.55,123.50999999999999,22.85250684931507,26.79646301369863,2420.0,2420.0,60.5,40.333333333333336,11.9,21.549999999999997,1.0,1.0,1.0,1.0,1.0,1.0
258,French Polynesia,2014,2967.95,110.58,123.17999999999999,22.958517808219177,27.66550410958904,2423.0,2423.0,60.575,40.38333333333333,11.9,21.549999999999997,1.0,1.0,1.0,1.0,1.0,1.0
258,French Polynesia,2015,2967.83,110.55,123.42,22.916690410958903,27.593805479452055,2426.0,2426.0,60.650000000000006,40.43333333333333,11.9,21.549999999999997,1.0,1.0,1.0,1.0,1.0,1.0
258,French Polynesia,2016,2932.29,108.42999999999999,120.81,22.77027671232877,26.66760273972603,2429.0,2429.0,60.725,40.48333333333333,11.9,21.549999999999997,1.0,1.0,1.0,1.0,1.0,1.0
258,French Polynesia,2017,2923.91,107.44999999999999,118.25,22.780413698630138,26.893076712328767,2434.0,2434.0,60.85,40.56666666666666,11.9,21.549999999999997,1.0,1.0,1.0,1.0,1.0,1.0
258,French Polynesia,2018,2939.36,110.64,120.41,23.576238356164385,27.16737808219178,2443.0,2443.0,61.075,40.71666666666667,11.9,21.549999999999997,1.0,1.0,1.0,1.0,1.0,1.0
258,French Polynesia,2019,3029.38,110.07,121.32000000000001,23.55141917808219,27.907627397260274,2453.0,2453.0,61.325,40.88333333333333,11.9,21.549999999999997,1.0,1.0,1.0,1.0,1.0,1.0
258,French Polynesia,2020,3097.27,112.04,128.37,24.013435616438358,28.810161643835617,2459.0,2459.0,61.475,40.98333333333333,11.9,21.549999999999997,1.0,1.0,1.0,1.0,1.0,1.0
258,French Polynesia,2021,3139.38,112.57,129.2,24.121934246575343,28.981728767123286,2462.0,2462.0,61.550000000000004,41.03333333333333,11.9,21.549999999999997,1.0,1.0,1.0,1.0,1.0,1.0
258,French Polynesia,2022,3098.1499999999996,113.72,129.03,23.998854794520547,28.833906849315067,2466.0,2466.0,61.650000000000006,41.099999999999994,11.9,21.549999999999997,1.0,1.0,1.0,1.0,1.0,1.0
258,French Polynesia,2023,3044.81,110.74000000000001,124.55,24.226638356164383,30.38386301369863,2469.0,2469.0,61.725,41.15,11.9,21.549999999999997,1.0,1.0,1.0,1.0,1.0,1.0
262,Djibouti,2010,2423.08,65.78999999999999,53.69,15.49846301369863,18.776416438356165,2324.0,2324.0,58.1,38.73333333333333,11.9,21.549999999999997,1.0,1.0,1.0,1.0,0.8712954263738361,0.9742590852747671
262,Djibouti,2011,2477.47,65.74,56.599999999999994,15.41395616438356,18.615150684931503,2331.0,2331.0,58.275000000000006,38.849999999999994,11.9,21.549999999999997,1.0,1.0,1.0,1.0,0.8638120967485617,0.9727624193497123
262,Djibouti,2012,2518.0499999999997,68.64,55.99,15.635235616438358,19.078879452054796,2338.0,2338.0,58.45,38.96666666666667,11.9,21.549999999999997,1.0,1.0,1.0,1.0,0.885330833041986,0.9770661666083973
262,Djibouti,2013,2559.8,69.51,57.58,15.83670410958904,18.96647397260274,2345.0,2345.0,58.625,39.083333333333336,11.9,21.549999999999997,1.0,1.0,1.0,1.0,0.8801148015128882,0.9760229603025776
262,Djibouti,2014,2640.03,72.67,59.22,16.79906301369863,21.22875616438356,2352.0,2352.0,58.800000000000004,39.2,11.9,21.549999999999997,1.0,1.0,1.0,1.0,0.9850930934748754,0.997018618694975
262,Djibouti,2015,2700.01,76.34,60.63,17.266849315068495,21.62969589041096,2359.0,2359.0,58.975,39.31666666666666,11.9,21.549999999999997,1.0,1.0,1.0,1.0,1.0,1.0
262,Djibouti,2016,2677.8,74.17,59.57,16.58100821917808,20.20111780821918,2366.0,2366.0,59.150000000000006,39.43333333333333,11.9,21.549999999999997,1.0,1.0,1.0,1.0,0.9374068588500781,0.9874813717700157
262,Djibouti,2017,2703.33,72.32,62.21,16.482482191780818,20.20177808219178,2373.0,2373.0,59.325,39.55,11.9,21.549999999999997,1.0,1.0,1.0,1.0,0.9374374980135398,0.987487499602708
262,Djibouti,2018,2738.1,72.1,61.54,16.66924931506849,20.43179726027397,2379.0,2379.0,59.475,39.65,11.9,21.549999999999997,1.0,1.0,1.0,1.0,0.9481112417760544,0.9896222483552108
262,Djibouti,2019,2751.34,71.86,62.95,16.18944657534247,20.327964383561646,2385.0,2385.0,59.625,39.75,11.9,21.549999999999997,1.0,1.0,1.0,1.0,0.9432930108381276,0.9886586021676255
262,Djibouti,2020,2764.1800000000003,72.83,65.18,16.457394520547947,21.0568,2390.0,2390.0,59.75,39.833333333333336,11.9,21.549999999999997,1.0,1.0,1.0,1.0,0.9771136890951277,0.9954227378190256
262,Djibouti,2021,2763.4,75.11,66.98,16.17327123287671,20.509586301369865,2394.0,2394.0,59.85,39.9,11.9,21.549999999999997,1.0,1.0,1.0,1.0,0.9517209420589265,0.9903441884117854
262,Djibouti,2022,2695.0299999999997,75.49000000000001,60.11,16.880468493150683,21.217421917808217,2399.0,2399.0,59.975,39.98333333333333,11.9,21.549999999999997,1.0,1.0,1.0,1.0,0.98456714235769,0.9969134284715381
262,Djibouti,2023,2720.96,74.84,67.33,16.723309589041097,21.181,2402.0,2402.0,60.050000000000004,40.03333333333333,11.9,21.549999999999997,1.0,1.0,1.0,1.0,0.9828770301624131,0.9965754060324826
266,Gabon,2010,2690.91,85.94,56.14,16.02911506849315,21.02695890410959,2281.0,2281.0,57.025000000000006,38.016666666666666,11.9,21.549999999999997,1.0,1.0,1.0,1.0,0.9757289514668025,0.9951457902933605
266,Gabon,2011,2737.41,90.07000000000001,58.15,16.302087671232876,21.334564383561645,2283.0,2283.0,57.075,38.05,11.9,21.549999999999997,1.0,1.0,1.0,1.0,0.9900029876362714,0.9980005975272542
266,Gabon,2012,2756.31,92.11,58.24,16.89590410958904,21.74315616438356,2285.0,2285.0,57.125,38.083333333333336,11.9,21.549999999999997,1.0,1.0,1.0,1.0,1.0,1.0
266,Gabon,2013,2739.57,91.71000000000001,58.67,16.94391506849315,21.685676712328767,2287.0,2287.0,57.175000000000004,38.11666666666667,11.9,21.549999999999997,1.0,1.0,1.0,1.0,1.0,1.0
266,Gabon,2014,2736.72,93.51,59.230000000000004,16.842753424657534,21.694849315068492,2289.0,2289.0,57.225,38.15,11.9,21.549999999999997,1.0,1.0,1.0,1.0,1.0,1.0
266,Gabon,2015,2733.22,95.86,62.67,17.235972602739725,21.885545205479453,2290.0,2290.0,57.25,38.166666666666664,11.9,21.549999999999997,1.0,1.0,1.0,1.0,1.0,1.0
266,Gabon,2016,2658.35,89.23,56.29,16.17201917808219,21.00666575342466,2291.0,2291.0,57.275000000000006,38.18333333333333,11.9,21.549999999999997,1.0,1.0,1.0,1.0,0.9747872739408195,0.9949574547881639
266,Gabon,2017,2610.1,88.15,60.11,16.014120547945204,20.841035616438358,2290.0,2290.0,57.25,38.166666666666664,11.9,21.549999999999997,1.0,1.0,1.0,1.0,0.9671014207163973,0.9934202841432794
266,Gabon,2018,2628.77,89.16,55.9,16.10795890410959,20.829095890410958,2289.0,2289.0,57.225,38.15,11.9,21.549999999999997,1.0,1.0,1.0,1.0,0.966547373104917,0.9933094746209834
266,Gabon,2019,2646.56,86.86,58.51,15.473076712328767,19.90421095890411,2289.0,2289.0,57.225,38.15,11.9,21.549999999999997,1.0,1.0,1.0,1.0,0.9236292788354576,0.9847258557670916
266,Gabon,2020,2657.27,87.24,59.96,15.938912328767124,20.32989589041096,2289.0,2289.0,57.225,38.15,11.9,21.549999999999997,1.0,1.0,1.0,1.0,0.9433826399262627,0.9886765279852525
266,Gabon,2021,2632.33,86.50999999999999,62.61,15.957449315068493,20.74908767123288,2306.0,2306.0,57.650000000000006,38.43333333333333,11.9,21.549999999999997,1.0,1.0,1.0,1.0,0.9628346947207833,0.9925669389441566
266,Gabon,2022,2636.74,84.67,65.46,15.75171506849315,20.18218904109589,2308.0,2308.0,57.7,38.46666666666667,11.9,21.549999999999997,1.0,1.0,1.0,1.0,0.9365284937863523,0.9873056987572705
266,Gabon,2023,2686.49,84.77,64.19,16.190701369863014,20.684139726027396,2311.0,2311.0,57.775000000000006,38.516666666666666,11.9,21.549999999999997,1.0,1.0,1.0,1.0,0.9598208689571879,0.9919641737914375
268,Georgia,2010,2771.94,80.65,71.38,20.02177808219178,23.570145205479452,2484.0,2484.0,62.1,41.4,11.9,21.549999999999997,1.0,1.0,1.0,1.0,1.0,1.0
268,Georgia,2011,2794.26,80.11,71.88,19.688668493150683,23.35480273972603,2481.0,2481.0,62.025000000000006,41.349999999999994,11.9,21.549999999999997,1.0,1.0,1.0,1.0,1.0,1.0
268,Georgia,2012,2815.8999999999996,79.94,72.37,19.616827397260273,23.310197260273974,2478.0,2478.0,61.95,41.3,11.9,21.549999999999997,1.0,1.0,1.0,1.0,1.0,1.0
268,Georgia,2013,2834.38,81.42,75.24,19.705123287671235,23.32976712328767,2475.0,2475.0,61.875,41.25,11.9,21.549999999999997,1.0,1.0,1.0,1.0,1.0,1.0
268,Georgia,2014,2831.85,83.87,74.11,18.936660273972603,22.00000273972603,2470.0,2470.0,61.75,41.166666666666664,11.9,21.549999999999997,1.0,1.0,1.0,1.0,1.0,1.0
268,Georgia,2015,2877.4,84.2,76.56,19.013635616438354,22.20879726027397,2463.0,2463.0,61.575,41.05,11.9,21.549999999999997,1.0,1.0,1.0,1.0,1.0,1.0
268,Georgia,2016,2814.5499999999997,81.79,75.37,18.343287671232876,21.4889698630137,2456.0,2456.0,61.400000000000006,40.93333333333333,11.9,21.549999999999997,1.0,1.0,1.0,1.0,0.9971679750818424,0.9994335950163684
268,Georgia,2017,2891.49,84.06,77.83,18.853589041095887,22.14945479452055,2450.0,2450.0,61.25,40.833333333333336,11.9,21.549999999999997,1.0,1.0,1.0,1.0,1.0,1.0
268,Georgia,2018,2966.38,83.8,82.07000000000001,18.818682191780823,22.131024657534248,2446.0,2446.0,61.150000000000006,40.766666666666666,11.9,21.549999999999997,1.0,1.0,1.0,1.0,1.0,1.0
268,Georgia,2019,3020.83,86.99,85.51,19.110539726027397,22.425950684931507,2444.0,2444.0,61.1,40.73333333333333,11.9,21.549999999999997,1.0,1.0,1.0,1.0,1.0,1.0
268,Georgia,2020,3028.96,89.67,81.75999999999999,20.011298630136984,23.651569863013698,2443.0,2443.0,61.075,40.71666666666667,11.9,21.549999999999997,1.0,1.0,1.0,1.0,1.0,1.0
268,Georgia,2021,3010.85,88.8,86.93,20.087682191780818,23.576660273972603,2444.0,2444.0,61.1,40.73333333333333,11.9,21.549999999999997,1.0,1.0,1.0,1.0,1.0,1.0
268,Georgia,2022,2998.62,87.7,90.00999999999999,19.89510684931507,23.284287671232878,2446.0,2446.0,61.150000000000006,40.766666666666666,11.9,21.549999999999997,1.0,1.0,1.0,1.0,1.0,1.0
268,Georgia,2023,2999.8199999999997,90.22,91.8,20.20921643835616,23.28169589041096,2451.0,2451.0,61.275000000000006,40.849999999999994,11.9,21.549999999999997,1.0,1.0,1.0,1.0,1.0,1.0
270,Gambia,2010,2676.15,63.89,67.07,15.286682191780821,18.32249589041096,2239.0,2239.0,55.975,37.31666666666666,11.9,21.549999999999997,1.0,1.0,1.0,1.0,0.8502318278612975,0.9700463655722595
270,Gambia,2011,2653.59,60.7,72.38,14.608934246575343,17.188380821917807,2241.0,2241.0,56.025000000000006,37.349999999999994,11.9,21.549999999999997,1.0,1.0,1.0,1.0,0.7976046785112673,0.9595209357022535
270,Gambia,2012,2640.82,59.18,73.07000000000001,14.561164383561644,17.19637808219178,2243.0,2243.0,56.075,37.38333333333333,11.9,21.549999999999997,1.0,1.0,1.0,1.0,0.7979757810761848,0.959595156215237
270,Gambia,2013,2607.7200000000003,57.85,73.98,14.21201095890411,16.70548219178082,2244.0,2244.0,56.1,37.4,11.9,21.549999999999997,1.0,1.0,1.0,1.0,0.775196389409783,0.9550392778819565
270,Gambia,2014,2560.5099999999998,60.18,71.15,14.812800000000001,16.155983561643836,2246.0,2246.0,56.150000000000006,37.43333333333333,11.9,21.549999999999997,1.0,1.0,1.0,1.0,0.7496976130693197,0.949939522613864
270,Gambia,2015,2517.56,60.43,60.12,15.148282191780822,16.299087671232876,2249.0,2249.0,56.225,37.48333333333333,11.9,21.549999999999997,1.0,1.0,1.0,1.0,0.7563381749992054,0.9512676349998411
270,Gambia,2016,2554.72,62.72,62.81,15.569734246575342,16.970646575342464,2254.0,2254.0,56.35,37.56666666666666,11.9,21.549999999999997,1.0,1.0,1.0,1.0,0.7875010011759845,0.9575002002351969
270,Gambia,2017,2498.57,61.38,56.58,15.570498630136987,16.465534246575345,2259.0,2259.0,56.475,37.65,11.9,21.549999999999997,1.0,1.0,1.0,1.0,0.7640619139942156,0.9528123827988431
270,Gambia,2018,2404.66,57.199999999999996,50.04,15.54737808219178,15.584986301369863,2265.0,2265.0,56.625,37.75,11.9,21.549999999999997,1.0,1.0,1.0,1.0,0.7232012204812003,0.94464024409624
270,Gambia,2019,2446.2000000000003,59.59,53.24,15.973342465753426,15.920394520547944,2272.0,2272.0,56.800000000000004,37.86666666666667,11.9,21.549999999999997,1.0,1.0,1.0,1.0,0.7387654069859836,0.9477530813971967
270,Gambia,2020,2405.71,56.93,51.33,15.699706849315069,15.167923287671233,2278.0,2278.0,56.95,37.96666666666667,11.9,21.549999999999997,1.0,0.9996488147497804,1.0,1.0,0.703847948383816,0.9406993526267193
270,Gambia,2021,2380.56,58.050000000000004,51.83,15.516317808219178,15.293397260273974,2285.0,2285.0,57.125,38.083333333333336,11.9,21.549999999999997,1.0,1.0,1.0,1.0,0.7096704065092332,0.9419340813018466
270,Gambia,2022,2437.7200000000003,59.21,49.15,16.293432876712327,15.96132602739726,2292.0,2292.0,57.300000000000004,38.2,11.9,21.549999999999997,1.0,1.0,1.0,1.0,0.7406647808537012,0.9481329561707403
270,Gambia,2023,2402.2799999999997,58.089999999999996,45.940000000000005,16.305621917808217,16.06565205479452,2299.0,2299.0,57.475,38.31666666666666,11.9,21.549999999999997,1.0,1.0,1.0,1.0,0.745505895814131,0.9491011791628262
276,Germany,2010,3618.27,110.17,148.88,20.334361643835617,22.7010301369863,2551.0,2551.0,63.775000000000006,42.516666666666666,11.9,21.549999999999997,1.0,1.0,1.0,1.0,1.0,1.0
276,Germany,2011,3651.9700000000003,111.25,150.1,20.75997808219178,23.423920547945205,2551.0,2551.0,63.775000000000006,42.516666666666666,11.9,21.549999999999997,1.0,1.0,1.0,1.0,1.0,1.0
276,Germany,2012,3605.59,109.45,148.91,20.133369863013698,22.818802739726028,2552.0,2552.0,63.800000000000004,42.53333333333333,11.9,21.549999999999997,1.0,1.0,1.0,1.0,1.0,1.0
276,Germany,2013,3594.0099999999998,108.89999999999999,146.55,20.03971506849315,22.488632876712327,2553.0,2553.0,63.825,42.55,11.9,21.549999999999997,1.0,1.0,1.0,1.0,1.0,1.0
276,Germany,2014,3577.46,110.03,144.24,20.37796164383562,22.89392876712329,2552.0,2552.0,63.800000000000004,42.53333333333333,11.9,21.549999999999997,1.0,1.0,1.0,1.0,1.0,1.0
276,Germany,2015,3590.4300000000003,110.78999999999999,144.97,20.659142465753423,23.190482191780823,2552.0,2552.0,63.800000000000004,42.53333333333333,11.9,21.549999999999997,1.0,1.0,1.0,1.0,1.0,1.0
276,Germany,2016,3564.58,109.4,145.8,20.482063013698628,22.930098630136985,2550.0,2550.0,63.75,42.5,11.9,21.549999999999997,1.0,1.0,1.0,1.0,1.0,1.0
276,Germany,2017,3554.89,108.85,147.0,20.60893698630137,23.023594520547945,2546.0,2546.0,63.650000000000006,42.43333333333333,11.9,21.549999999999997,1.0,1.0,1.0,1.0,1.0,1.0
276,Germany,2018,3586.2999999999997,110.71000000000001,152.9,20.64195616438356,23.120479452054795,2543.0,2543.0,63.575,42.38333333333333,11.9,21.549999999999997,1.0,1.0,1.0,1.0,1.0,1.0
276,Germany,2019,3616.86,110.33,165.10999999999999,20.10033698630137,22.06563835616438,2540.0,2540.0,63.5,42.333333333333336,11.9,21.549999999999997,1.0,1.0,1.0,1.0,1.0,1.0
276,Germany,2020,3629.39,110.66999999999999,167.64000000000001,20.55941095890411,22.720520547945206,2537.0,2537.0,63.425000000000004,42.28333333333333,11.9,21.549999999999997,1.0,1.0,1.0,1.0,1.0,1.0
276,Germany,2021,3607.76,110.17,164.58,20.489871232876713,22.692372602739724,2534.0,2534.0,63.35,42.23333333333333,11.9,21.549999999999997,1.0,1.0,1.0,1.0,1.0,1.0
276,Germany,2022,3600.29,109.09,164.15,20.171605479452055,22.36811506849315,2531.0,2531.0,63.275000000000006,42.18333333333333,11.9,21.549999999999997,1.0,1.0,1.0,1.0,1.0,1.0
276,Germany,2023,3534.51,109.2,162.3,19.84616712328767,21.867120547945206,2530.0,2530.0,63.25,42.166666666666664,11.9,21.549999999999997,1.0,1.0,1.0,1.0,1.0,1.0
288,Ghana,2010,2942.22,64.15,49.58,13.00810684931507,20.39932602739726,2264.0,2264.0,56.6,37.73333333333333,11.9,21.549999999999997,1.0,1.0,1.0,1.0,0.9466044560277153,0.989320891205543
288,Ghana,2011,2915.49,66.94,45.230000000000004,13.646564383561644,21.55266301369863,2267.0,2267.0,56.675000000000004,37.78333333333333,11.9,21.549999999999997,1.0,1.0,1.0,1.0,1.0,1.0
288,Ghana,2012,2907.71,66.31,45.92,13.830112328767123,21.985879452054796,2270.0,2270.0,56.75,37.833333333333336,11.9,21.549999999999997,1.0,1.0,1.0,1.0,1.0,1.0
288,Ghana,2013,2885.7200000000003,65.07000000000001,43.31,13.345049315068493,21.02566301369863,2273.0,2273.0,56.825,37.88333333333333,11.9,21.549999999999997,1.0,1.0,1.0,1.0,0.9756688173410039,0.9951337634682007
288,Ghana,2014,2877.7999999999997,64.01,41.839999999999996,12.669545205479452,19.609290410958902,2277.0,2277.0,56.925000000000004,37.95,11.9,21.549999999999997,1.0,1.0,1.0,1.0,0.9099438705781394,0.9819887741156279
288,Ghana,2015,2814.21,62.42,41.0,12.355819178082191,19.00472876712329,2279.0,2279.0,56.975,37.98333333333333,11.9,21.549999999999997,1.0,1.0,1.0,1.0,0.8818899659918001,0.97637799319836
288,Ghana,2016,2793.79,60.53,40.22,12.099852054794521,18.365717808219177,2282.0,2282.0,57.050000000000004,38.03333333333333,11.9,21.549999999999997,1.0,1.0,1.0,1.0,0.8522374853001939,0.9704474970600387
288,Ghana,2017,2888.48,63.19,40.83,12.609761643835617,19.115287671232878,2286.0,2286.0,57.150000000000006,38.099999999999994,11.9,21.549999999999997,1.0,1.0,1.0,1.0,0.8870203095699712,0.9774040619139942
288,Ghana,2018,2972.79,65.16,42.39,12.844619178082192,19.485846575342464,2290.0,2290.0,57.25,38.166666666666664,11.9,21.549999999999997,1.0,1.0,1.0,1.0,0.904215618345358,0.9808431236690716
288,Ghana,2019,3036.37,65.08,42.410000000000004,12.907134246575342,19.435249315068493,2295.0,2295.0,57.375,38.25,11.9,21.549999999999997,1.0,1.0,1.0,1.0,0.9018677176365891,0.9803735435273179
288,Ghana,2020,3070.15,67.1,44.89,13.640150684931507,20.076123287671233,2300.0,2300.0,57.5,38.333333333333336,11.9,21.549999999999997,1.0,1.0,1.0,1.0,0.9316066490798718,0.9863213298159744
288,Ghana,2021,3143.71,70.9,48.5,14.282512328767124,20.697353424657535,2304.0,2304.0,57.6,38.4,11.9,21.549999999999997,1.0,1.0,1.0,1.0,0.9604340336267999,0.9920868067253601
288,Ghana,2022,3137.62,68.92999999999999,50.4,13.803643835616437,20.180728767123288,2309.0,2309.0,57.725,38.48333333333333,11.9,21.549999999999997,1.0,1.0,1.0,1.0,0.9364607316530529,0.9872921463306106
288,Ghana,2023,3124.98,67.91,48.69,13.613106849315068,19.92718082191781,2314.0,2314.0,57.85,38.56666666666666,11.9,21.549999999999997,1.0,1.0,1.0,1.0,0.9246951657502465,0.9849390331500493
296,Kiribati,2010,2938.5299999999997,76.65,121.05,21.105104109589043,35.48184109589041,2205.0,2205.0,55.125,36.75,11.9,21.549999999999997,1.0,1.0,1.0,1.0,1.0,1.0
296,Kiribati,2011,2988.42,77.5,123.50999999999999,21.195106849315067,35.211260273972606,2214.0,2214.0,55.35,36.9,11.9,21.549999999999997,1.0,1.0,1.0,1.0,1.0,1.0
296,Kiribati,2012,3021.1,75.62,124.18,20.798690410958905,35.09088493150686,2223.0,2223.0,55.575,37.05,11.9,21.549999999999997,1.0,1.0,1.0,1.0,1.0,1.0
296,Kiribati,2013,3018.61,74.91,129.87,20.10892602739726,34.48295616438356,2233.0,2233.0,55.825,37.21666666666667,11.9,21.549999999999997,1.0,1.0,1.0,1.0,1.0,1.0
296,Kiribati,2014,3066.77,74.84,130.5,19.963931506849317,34.00437534246576,2244.0,2244.0,56.1,37.4,11.9,21.549999999999997,1.0,1.0,1.0,1.0,1.0,1.0
296,Kiribati,2015,3108.96,78.36,130.19,20.510652054794523,34.407079452054795,2254.0,2254.0,56.35,37.56666666666666,11.9,21.549999999999997,1.0,1.0,1.0,1.0,1.0,1.0
296,Kiribati,2016,3096.9700000000003,79.31,127.32000000000001,20.061073972602742,33.78842465753425,2264.0,2264.0,56.6,37.73333333333333,11.9,21.549999999999997,1.0,1.0,1.0,1.0,1.0,1.0
296,Kiribati,2017,3066.96,79.83,126.64000000000001,20.020997260273973,33.458109589041094,2274.0,2274.0,56.85,37.9,11.9,21.549999999999997,1.0,1.0,1.0,1.0,1.0,1.0
296,Kiribati,2018,3095.66,80.9,127.23,20.409309589041097,33.91852602739726,2285.0,2285.0,57.125,38.083333333333336,11.9,21.549999999999997,1.0,1.0,1.0,1.0,1.0,1.0
296,Kiribati,2019,3131.79,82.47,129.86,20.787298630136988,34.441871232876714,2296.0,2296.0,57.400000000000006,38.266666666666666,11.9,21.549999999999997,1.0,1.0,1.0,1.0,1.0,1.0
296,Kiribati,2020,3091.45,84.09,123.05999999999999,21.440830136986303,35.38223561643836,2298.0,2298.0,57.45,38.3,11.9,21.549999999999997,1.0,1.0,1.0,1.0,1.0,1.0
296,Kiribati,2021,3120.96,87.52,128.55,22.2031397260274,35.757361643835615,2300.0,2300.0,57.5,38.333333333333336,11.9,21.549999999999997,1.0,1.0,1.0,1.0,1.0,1.0
296,Kiribati,2022,3076.6200000000003,84.3,130.17,19.29987397260274,33.2838301369863,2303.0,2303.0,57.575,38.38333333333333,11.9,21.549999999999997,1.0,1.0,1.0,1.0,1.0,1.0
296,Kiribati,2023,3125.68,83.4,130.5,19.305997260273976,32.9308493150685,2306.0,2306.0,57.650000000000006,38.43333333333333,11.9,21.549999999999997,1.0,1.0,1.0,1.0,1.0,1.0
300,Greece,2010,3502.45,114.63,157.35999999999999,25.03065205479452,30.924216438356165,2524.0,2524.0,63.1,42.06666666666666,11.9,21.549999999999997,1.0,1.0,1.0,1.0,1.0,1.0
300,Greece,2011,3499.2000000000003,112.34,158.83,24.39356712328767,31.116484931506847,2521.0,2521.0,63.025000000000006,42.016666666666666,11.9,21.549999999999997,1.0,1.0,1.0,1.0,1.0,1.0
300,Greece,2012,3490.92,110.67,155.07999999999998,24.324005479452055,32.20353698630137,2518.0,2518.0,62.95,41.96666666666667,11.9,21.549999999999997,1.0,1.0,1.0,1.0,1.0,1.0
300,Greece,2013,3506.87,112.09,153.7,24.538016438356166,30.383147945205483,2516.0,2516.0,62.900000000000006,41.93333333333333,11.9,21.549999999999997,1.0,1.0,1.0,1.0,1.0,1.0
300,Greece,2014,3435.64,109.18,154.21,23.606060273972602,30.0268301369863,2515.0,2515.0,62.875,41.916666666666664,11.9,21.549999999999997,1.0,1.0,1.0,1.0,1.0,1.0
300,Greece,2015,3402.7000000000003,106.46,150.89000000000001,23.087909589041093,29.717008219178084,2515.0,2515.0,62.875,41.916666666666664,11.9,21.549999999999997,1.0,1.0,1.0,1.0,1.0,1.0
300,Greece,2016,3344.9,105.29,150.37,22.869,29.168,2514.0,2514.0,62.85,41.9,11.9,21.549999999999997,1.0,1.0,1.0,1.0,1.0,1.0
300,Greece,2017,3371.8399999999997,105.55,151.47,22.917723287671233,29.03433698630137,2513.0,2513.0,62.825,41.88333333333333,11.9,21.549999999999997,1.0,1.0,1.0,1.0,1.0,1.0
300,Greece,2018,3362.5299999999997,109.94,155.41,22.607410958904108,28.400646575342464,2514.0,2514.0,62.85,41.9,11.9,21.549999999999997,1.0,1.0,1.0,1.0,1.0,1.0
300,Greece,2019,3374.7200000000003,106.33,163.26,21.085328767123286,28.735868493150686,2515.0,2515.0,62.875,41.916666666666664,11.9,21.549999999999997,1.0,1.0,1.0,1.0,1.0,1.0
300,Greece,2020,3311.67,100.1,156.82999999999998,20.05112602739726,28.008769863013697,2517.0,2517.0,62.925000000000004,41.95,11.9,21.549999999999997,1.0,1.0,1.0,1.0,1.0,1.0
300,Greece,2021,3350.15,106.03,153.13,21.451180821917806,29.781558904109588,2517.0,2517.0,62.925000000000004,41.95,11.9,21.549999999999997,1.0,1.0,1.0,1.0,1.0,1.0
300,Greece,2022,3344.93,109.88,142.23,22.27138904109589,30.60092876712329,2518.0,2518.0,62.95,41.96666666666667,11.9,21.549999999999997,1.0,1.0,1.0,1.0,1.0,1.0
300,Greece,2023,3381.65,112.03,156.14000000000001,22.195186301369862,30.111950684931507,2521.0,2521.0,63.025000000000006,42.016666666666666,11.9,21.549999999999997,1.0,1.0,1.0,1.0,1.0,1.0
308,Grenada,2010,2415.5099999999998,81.86,75.04,16.461569863013697,21.42313698630137,2462.0,2462.0,61.550000000000004,41.03333333333333,11.9,21.549999999999997,0.9811169780666125,1.0,1.0,1.0,0.9941130852112006,0.9950460126555626
308,Grenada,2011,2431.25,80.49,75.24,16.27375342465753,21.554142465753426,2465.0,2465.0,61.625,41.083333333333336,11.9,21.549999999999997,0.9863083164300203,1.0,1.0,1.0,1.0,0.9972616632860041
308,Grenada,2012,2431.68,79.03,77.05,15.726690410958906,20.51263287671233,2466.0,2466.0,61.650000000000006,41.099999999999994,11.9,21.549999999999997,0.9860827250608272,1.0,1.0,1.0,0.9518623144646094,0.9875890079050873
308,Grenada,2013,2420.54,81.1,76.77,16.19943287671233,21.415098630136985,2467.0,2467.0,61.675000000000004,41.11666666666667,11.9,21.549999999999997,0.9811674098094851,1.0,1.0,1.0,0.9937400756444078,0.9949814970907787
308,Grenada,2014,2461.95,79.28,84.31,15.16913698630137,20.870386301369862,2469.0,2469.0,61.725,41.15,11.9,21.549999999999997,0.9971445929526124,1.0,1.0,1.0,0.9684634014556782,0.9931215988816581
308,Grenada,2015,2511.5299999999997,81.52,88.08,15.043991780821917,20.638898630136985,2471.0,2471.0,61.775000000000006,41.18333333333333,11.9,21.549999999999997,1.0,1.0,1.0,1.0,0.957721514159489,0.9915443028318979
308,Grenada,2016,2596.13,90.97,86.5,16.5031698630137,22.198005479452057,2473.0,2473.0,61.825,41.21666666666667,11.9,21.549999999999997,1.0,1.0,1.0,1.0,1.0,1.0
308,Grenada,2017,2602.02,91.69,91.52,15.745939726027398,20.708638356164382,2477.0,2477.0,61.925000000000004,41.28333333333333,11.9,21.549999999999997,1.0,1.0,1.0,1.0,0.9609576963417348,0.992191539268347
308,Grenada,2018,2661.2400000000002,95.26,97.06,16.447043835616437,21.944235616438355,2480.0,2480.0,62.0,41.333333333333336,11.9,21.549999999999997,1.0,1.0,1.0,1.0,1.0,1.0
308,Grenada,2019,2630.43,94.82,97.37,16.261994520547944,21.153709589041096,2483.0,2483.0,62.075,41.38333333333333,11.9,21.549999999999997,1.0,1.0,1.0,1.0,0.9816106537838097,0.996322130756762
308,Grenada,2020,2687.48,98.77,105.92,16.552945205479453,22.33749589041096,2485.0,2485.0,62.125,41.416666666666664,11.9,21.549999999999997,1.0,1.0,1.0,1.0,1.0,1.0
308,Grenada,2021,2765.68,102.54,104.54,17.441934246575343,23.165386301369864,2488.0,2488.0,62.2,41.46666666666667,11.9,21.549999999999997,1.0,1.0,1.0,1.0,1.0,1.0
308,Grenada,2022,2771.52,97.63,113.19,16.352983561643835,21.293380821917808,2490.0,2490.0,62.25,41.5,11.9,21.549999999999997,1.0,1.0,1.0,1.0,0.9880919174903856,0.9976183834980772
308,Grenada,2023,2826.84,98.39,115.26,16.961734246575343,22.03407397260274,2492.0,2492.0,62.300000000000004,41.53333333333333,11.9,21.549999999999997,1.0,1.0,1.0,1.0,1.0,1.0
320,Guatemala,2010,2481.33,65.01,64.16,13.988298630136986,18.893698630136985,2152.0,2152.0,53.800000000000004,35.86666666666667,11.9,21.549999999999997,1.0,1.0,1.0,1.0,0.876737755458793,0.9753475510917585
320,Guatemala,2011,2490.75,65.67,61.68,14.203035616438354,19.166090410958905,2159.0,2159.0,53.975,35.98333333333333,11.9,21.549999999999997,1.0,1.0,1.0,1.0,0.8893777452881163,0.9778755490576232
320,Guatemala,2012,2489.98,66.26,61.699999999999996,14.48867397260274,19.420953424657533,2165.0,2165.0,54.125,36.083333333333336,11.9,21.549999999999997,1.0,1.0,1.0,1.0,0.9012043352509297,0.980240867050186
320,Guatemala,2013,2484.15,65.41,62.51,14.27353698630137,19.033553424657534,2171.0,2171.0,54.275000000000006,36.18333333333333,11.9,21.549999999999997,1.0,1.0,1.0,1.0,0.8832275371070782,0.9766455074214158
320,Guatemala,2014,2487.9900000000002,67.68,64.35,14.95825205479452,19.69660821917808,2177.0,2177.0,54.425000000000004,36.28333333333333,11.9,21.549999999999997,1.0,1.0,1.0,1.0,0.9139957410291454,0.9827991482058291
320,Guatemala,2015,2526.2400000000002,69.58,63.4,15.205320547945206,19.99095068493151,2183.0,2183.0,54.575,36.38333333333333,11.9,21.549999999999997,1.0,1.0,1.0,1.0,0.9276543241267523,0.9855308648253505
320,Guatemala,2016,2564.31,69.87,71.11,15.138380821917808,19.842257534246574,2187.0,2187.0,54.675000000000004,36.45,11.9,21.549999999999997,1.0,1.0,1.0,1.0,0.9207544099418365,0.9841508819883673
320,Guatemala,2017,2606.18,71.11,63.42,15.743002739726027,20.659720547945206,2191.0,2191.0,54.775000000000006,36.516666666666666,11.9,21.549999999999997,1.0,1.0,1.0,1.0,0.9586877284429332,0.9917375456885866
320,Guatemala,2018,2587.7200000000003,69.24000000000001,63.64,15.177361643835615,19.964323287671235,2196.0,2196.0,54.900000000000006,36.599999999999994,11.9,21.549999999999997,1.0,1.0,1.0,1.0,0.926418714045069,0.9852837428090139
320,Guatemala,2019,2636.15,70.50999999999999,63.42,15.458076712328767,19.627424657534245,2201.0,2201.0,55.025000000000006,36.68333333333333,11.9,21.549999999999997,1.0,1.0,1.0,1.0,0.9107853669389442,0.9821570733877888
320,Guatemala,2020,2713.44,71.61,65.67,15.140986301369862,19.34210684931507,2207.0,2207.0,55.175000000000004,36.78333333333333,11.9,21.549999999999997,1.0,1.0,1.0,1.0,0.8975455614531356,0.9795091122906271
320,Guatemala,2021,2746.34,69.41,69.95,14.728145205479452,18.88486575342466,2214.0,2214.0,55.35,36.9,11.9,21.549999999999997,1.0,1.0,1.0,1.0,0.8763278771890795,0.9752655754378159
320,Guatemala,2022,2781.27,71.7,71.83,15.229002739726026,19.262172602739724,2220.0,2220.0,55.5,37.0,11.9,21.549999999999997,1.0,1.0,1.0,1.0,0.8938363156723771,0.9787672631344755
320,Guatemala,2023,2823.18,74.38,76.95,15.729991780821917,19.520380821917808,2227.0,2227.0,55.675000000000004,37.11666666666667,11.9,21.549999999999997,1.0,1.0,1.0,1.0,0.9058181355878334,0.9811636271175667
324,Guinea,2010,2422.94,50.949999999999996,64.13,11.22664383561644,12.972041095890411,2191.0,2191.0,54.775000000000006,36.516666666666666,11.9,21.549999999999997,1.0,0.9301688726608852,1.0,0.9434154483711293,0.6019508629183487,0.8951070367900726
324,Guinea,2011,2495.96,52.26,69.48,11.761424657534246,13.809419178082193,2195.0,2195.0,54.875,36.583333333333336,11.9,21.549999999999997,1.0,0.9523462414578587,1.0,0.9883550132381719,0.6408083145281761,0.9163019138448412
324,Guinea,2012,2535.3,53.26,68.36,11.71585205479452,13.322076712328768,2198.0,2198.0,54.95,36.63333333333333,11.9,21.549999999999997,1.0,0.9692447679708825,1.0,0.984525382755842,0.6181938149572515,0.9143927931367953
324,Guinea,2013,2584.4300000000003,54.86,70.33,12.048191780821917,13.699956164383561,2200.0,2200.0,55.0,36.666666666666664,11.9,21.549999999999997,1.0,0.9974545454545455,1.0,1.0,0.635728824333344,0.9266366739575778
324,Guinea,2014,2627.57,54.36,68.14999999999999,12.505693150684932,13.908049315068494,2202.0,2202.0,55.050000000000004,36.7,11.9,21.549999999999997,1.0,0.9874659400544958,1.0,1.0,0.6453851190287005,0.9265702118166393
324,Guinea,2015,2609.81,52.87,69.24000000000001,12.071780821917809,13.281230136986302,2204.0,2204.0,55.1,36.73333333333333,11.9,21.549999999999997,1.0,0.9595281306715063,1.0,1.0,0.6162983822267426,0.9151653025796497
324,Guinea,2016,2629.77,53.85,65.85000000000001,12.442320547945206,13.53103287671233,2206.0,2206.0,55.150000000000006,36.766666666666666,11.9,21.549999999999997,1.0,0.9764279238440616,1.0,1.0,0.6278901566919876,0.9208636161072098
324,Guinea,2017,2664.47,53.75,69.17,12.417476712328767,13.471531506849315,2208.0,2208.0,55.2,36.8,11.9,21.549999999999997,1.0,0.973731884057971,1.0,1.0,0.6251290722435878,0.9197721912603118
324,Guinea,2018,2721.77,55.25,67.14999999999999,12.835698630136987,13.899991780821917,2211.0,2211.0,55.275000000000006,36.849999999999994,11.9,21.549999999999997,1.0,0.9995477159656263,1.0,1.0,0.6450112195276992,0.9289117870986651
324,Guinea,2019,2779.13,56.2,72.42999999999999,13.055665753424659,14.01125205479452,2215.0,2215.0,55.375,36.916666666666664,11.9,21.549999999999997,1.0,1.0,1.0,1.0,0.6501741092712076,0.9300348218542416
324,Guinea,2020,2824.0699999999997,57.769999999999996,64.29,13.319016438356165,14.2341698630137,2219.0,2219.0,55.475,36.98333333333333,11.9,21.549999999999997,1.0,1.0,1.0,1.0,0.6605183231096845,0.932103664621937
324,Guinea,2021,2867.19,57.22,61.32,13.084871232876713,14.310142465753424,2224.0,2224.0,55.6,37.06666666666666,11.9,21.549999999999997,1.0,1.0,1.0,1.0,0.6640437339096718,0.9328087467819344
324,Guinea,2022,2901.33,57.61,64.09,13.074509589041096,14.307572602739725,2228.0,2228.0,55.7,37.13333333333333,11.9,21.549999999999997,1.0,1.0,1.0,1.0,0.6639244827257414,0.9327848965451484
324,Guinea,2023,2947.56,58.19,65.91,13.401175342465754,14.743386301369863,2233.0,2233.0,55.825,37.21666666666667,11.9,21.549999999999997,1.0,1.0,1.0,1.0,0.6841478562120588,0.9368295712424117
328,Guyana,2010,2603.19,84.22,51.33,17.799531506849316,23.072035616438356,2314.0,2314.0,57.85,38.56666666666666,11.9,21.549999999999997,1.0,1.0,1.0,1.0,1.0,1.0
328,Guyana,2011,2632.63,86.67,53.58,17.227841095890412,20.518172602739728,2317.0,2317.0,57.925000000000004,38.61666666666667,11.9,21.549999999999997,1.0,1.0,1.0,1.0,0.9521193783173889,0.9904238756634778
328,Guyana,2012,2730.3,90.51,59.04,18.078013698630137,21.902750684931508,2318.0,2318.0,57.95,38.63333333333333,11.9,21.549999999999997,1.0,1.0,1.0,1.0,1.0,1.0
328,Guyana,2013,2720.0,87.28,56.59,17.538312328767123,21.48460821917808,2318.0,2318.0,57.95,38.63333333333333,11.9,21.549999999999997,1.0,1.0,1.0,1.0,0.9969655786161524,0.9993931157232305
328,Guyana,2014,2813.63,93.04,52.6,19.03584383561644,23.612528767123287,2316.0,2316.0,57.900000000000006,38.599999999999994,11.9,21.549999999999997,1.0,1.0,1.0,1.0,1.0,1.0
328,Guyana,2015,2996.36,101.1,53.88,21.375008219178085,30.38581095890411,2314.0,2314.0,57.85,38.56666666666666,11.9,21.549999999999997,1.0,1.0,1.0,1.0,1.0,1.0
328,Guyana,2016,2998.35,98.02,54.41,21.56288767123288,32.73094246575343,2311.0,2311.0,57.775000000000006,38.516666666666666,11.9,21.549999999999997,1.0,1.0,1.0,1.0,1.0,1.0
328,Guyana,2017,3048.12,98.41,58.089999999999996,22.03310410958904,33.64248493150685,2309.0,2309.0,57.725,38.48333333333333,11.9,21.549999999999997,1.0,1.0,1.0,1.0,1.0,1.0
328,Guyana,2018,3099.79,103.94,60.48,21.99323561643836,34.062238356164386,2315.0,2315.0,57.875,38.583333333333336,11.9,21.549999999999997,1.0,1.0,1.0,1.0,1.0,1.0
328,Guyana,2019,3068.34,98.84,65.64,21.904586301369864,35.27529315068494,2318.0,2318.0,57.95,38.63333333333333,11.9,21.549999999999997,1.0,1.0,1.0,1.0,1.0,1.0
328,Guyana,2020,3109.45,104.16,69.1,22.694605479452054,36.59995068493151,2313.0,2313.0,57.825,38.55,11.9,21.549999999999997,1.0,1.0,1.0,1.0,1.0,1.0
328,Guyana,2021,3153.67,106.32,69.24,22.852657534246575,37.47833424657534,2313.0,2313.0,57.825,38.55,11.9,21.549999999999997,1.0,1.0,1.0,1.0,1.0,1.0
328,Guyana,2022,3238.8599999999997,109.39,74.56,23.183276712328766,38.48871506849315,2314.0,2314.0,57.85,38.56666666666666,11.9,21.549999999999997,1.0,1.0,1.0,1.0,1.0,1.0
328,Guyana,2023,3318.02,114.18,76.97,23.80952876712329,38.79172876712329,2314.0,2314.0,57.85,38.56666666666666,11.9,21.549999999999997,1.0,1.0,1.0,1.0,1.0,1.0
332,Haiti,2010,2160.63,50.42,50.4,10.44651506849315,14.413142465753424,2309.0,2309.0,57.725,38.48333333333333,11.9,21.549999999999997,0.9357427457773928,0.8734517106972716,1.0,0.8778584091170715,0.668823316276261,0.8711752363735995
332,Haiti,2011,2153.89,49.03,56.26,9.822709589041096,13.556630136986302,2315.0,2315.0,57.875,38.583333333333336,11.9,21.549999999999997,0.9304060475161986,0.847170626349892,1.0,0.8254377805916887,0.629077964593332,0.8464184838102223
332,Haiti,2012,2134.06,49.480000000000004,53.5,9.891452054794522,13.67193698630137,2320.0,2320.0,58.0,38.666666666666664,11.9,21.549999999999997,0.919853448275862,0.8531034482758622,1.0,0.8312144583860942,0.63442863045482,0.8477199970785276
332,Haiti,2013,2163.91,49.8,53.93,9.985482191780822,13.771964383561643,2325.0,2325.0,58.125,38.75,11.9,21.549999999999997,0.9307139784946236,0.856774193548387,1.0,0.8391161505698169,0.6390702730191019,0.8531349191263858
332,Haiti,2014,2222.75,51.23,55.04,10.406260273972602,14.55350410958904,2329.0,2329.0,58.225,38.81666666666666,11.9,21.549999999999997,0.9543795620437956,0.8798626019750966,1.0,0.8744756532750085,0.6753366176143407,0.8768108869816483
332,Haiti,2015,2224.16,52.3,50.1,10.658213698630137,14.613884931506849,2334.0,2334.0,58.35,38.9,11.9,21.549999999999997,0.9529391602399314,0.8963153384747214,1.0,0.895648209968919,0.6781385119028701,0.8846082441172884
332,Haiti,2016,2174.44,52.34,50.96,10.741583561643836,14.439117808219178,2338.0,2338.0,58.45,38.96666666666667,11.9,21.549999999999997,0.9300427715996579,0.8954662104362703,1.0,0.9026540808104063,0.6700286685948575,0.8796383462882386
332,Haiti,2017,2183.02,52.44,51.11,10.849558904109589,14.459816438356166,2343.0,2343.0,58.575,39.05,11.9,21.549999999999997,0.9317200170721297,0.8952624839948783,1.0,0.9117276390008058,0.670989161872676,0.8819398603880979
332,Haiti,2018,2138.58,50.98,52.059999999999995,10.879895890410959,14.068405479452053,2346.0,2346.0,58.650000000000006,39.099999999999994,11.9,21.549999999999997,0.9115856777493606,0.8692242114236998,1.0,0.9142769655807528,0.652826240345803,0.8695826190199233
332,Haiti,2019,2123.9,47.980000000000004,45.41,10.29083287671233,12.519419178082192,2350.0,2350.0,58.75,39.166666666666664,11.9,21.549999999999997,0.9037872340425532,0.8166808510638298,1.0,0.8647758719926327,0.580947525665067,0.8332382965528164
332,Haiti,2020,2109.81,49.22,44.16,10.360084931506849,12.543704109589042,2353.0,2353.0,58.825,39.21666666666667,11.9,21.549999999999997,0.8966468338291542,0.8367190820229493,1.0,0.8705953723955335,0.5820744366398628,0.8372071449774999
332,Haiti,2021,2089.56,48.11,42.96,10.433947945205478,12.666906849315067,2357.0,2357.0,58.925000000000004,39.28333333333333,11.9,21.549999999999997,0.8865337293169283,0.8164616037335596,1.0,0.8768023483365948,0.5877915011283095,0.8335178365030785
332,Haiti,2022,1912.5,43.61,40.9,9.534008219178082,11.703687671232876,2361.0,2361.0,59.025000000000006,39.349999999999994,11.9,21.549999999999997,0.8100381194409149,0.738839474798814,1.0,0.801177161275469,0.5430945555096462,0.7786298622049688
332,Haiti,2023,1958.81,46.0,36.99,10.129095890410959,12.131424657534247,2365.0,2365.0,59.125,39.416666666666664,11.9,21.549999999999997,0.8282494714587738,0.7780126849894292,0.9384355179704018,0.8511845286059629,0.5629431395607539,0.7917650685170643
340,Honduras,2010,2600.41,58.019999999999996,79.38,12.6842301369863,16.177391780821917,2228.0,2228.0,55.7,37.13333333333333,11.9,21.549999999999997,1.0,1.0,1.0,1.0,0.7506910339128501,0.95013820678257
340,Honduras,2011,2624.57,59.32,80.42,13.051076712328769,16.624526027397263,2237.0,2237.0,55.925000000000004,37.28333333333333,11.9,21.549999999999997,1.0,1.0,1.0,1.0,0.771439722849061,0.9542879445698123
340,Honduras,2012,2616.96,58.620000000000005,80.42,12.907624657534246,16.26810410958904,2246.0,2246.0,56.150000000000006,37.43333333333333,11.9,21.549999999999997,1.0,1.0,1.0,1.0,0.754900422718749,0.9509800845437498
340,Honduras,2013,2610.73,58.34,80.66,12.981282191780823,16.802309589041094,2253.0,2253.0,56.325,37.55,11.9,21.549999999999997,1.0,1.0,1.0,1.0,0.7796895400947145,0.9559379080189429
340,Honduras,2014,2559.69,56.42,79.49,12.032690410958905,15.219624657534247,2260.0,2260.0,56.5,37.666666666666664,11.9,21.549999999999997,1.0,0.9985840707964602,1.0,1.0,0.7062470838762993,0.9409662309345519
340,Honduras,2015,2578.4500000000003,58.48,78.7,12.211819178082193,15.41486301369863,2266.0,2266.0,56.650000000000006,37.766666666666666,11.9,21.549999999999997,1.0,1.0,1.0,1.0,0.7153068683850874,0.9430613736770175
340,Honduras,2016,2615.31,60.14,80.15,12.408542465753424,15.830506849315066,2271.0,2271.0,56.775000000000006,37.849999999999994,11.9,21.549999999999997,1.0,1.0,1.0,1.0,0.7345942853510472,0.9469188570702094
340,Honduras,2017,2613.79,60.14,79.97000000000001,12.307887671232876,15.708745205479453,2276.0,2276.0,56.900000000000006,37.93333333333333,11.9,21.549999999999997,1.0,1.0,1.0,1.0,0.7289440930616916,0.9457888186123384
340,Honduras,2018,2632.98,61.910000000000004,80.55,12.51441095890411,15.925865753424658,2281.0,2281.0,57.025000000000006,38.016666666666666,11.9,21.549999999999997,1.0,1.0,1.0,1.0,0.7390192925023044,0.9478038585004608
340,Honduras,2019,2637.15,61.64,85.01,12.374449315068492,15.742893150684932,2285.0,2285.0,57.125,38.083333333333336,11.9,21.549999999999997,1.0,1.0,1.0,1.0,0.7305286844865398,0.946105736897308
340,Honduras,2020,2618.17,61.09,87.01,12.295679452054795,15.784090410958905,2288.0,2288.0,57.2,38.13333333333333,11.9,21.549999999999997,1.0,1.0,1.0,1.0,0.7324403902997173,0.9464880780599435
340,Honduras,2021,2661.35,63.46,90.4,12.49274794520548,15.847243835616439,2292.0,2292.0,57.300000000000004,38.2,11.9,21.549999999999997,1.0,1.0,1.0,1.0,0.7353709436480947,0.9470741887296189
340,Honduras,2022,2631.6099999999997,62.9,87.42999999999999,12.844005479452054,16.671528767123288,2295.0,2295.0,57.375,38.25,11.9,21.549999999999997,1.0,1.0,1.0,1.0,0.7736208244604775,0.9547241648920956
340,Honduras,2023,2628.17,63.03,86.75,12.470742465753425,16.445172602739724,2298.0,2298.0,57.45,38.3,11.9,21.549999999999997,1.0,1.0,1.0,1.0,0.7631170581317739,0.9526234116263549
344,"China, Hong Kong SAR",2010,3126.61,134.96,128.06,25.106805479452056,27.6833698630137,2480.0,2480.0,62.0,41.333333333333336,11.9,21.549999999999997,1.0,1.0,1.0,1.0,1.0,1.0
344,"China, Hong Kong SAR",2011,3144.45,141.58,127.32000000000001,26.10618904109589,29.058846575342468,2478.0,2478.0,61.95,41.3,11.9,21.549999999999997,1.0,1.0,1.0,1.0,1.0,1.0
344,"China, Hong Kong SAR",2012,3098.54,138.48,126.88,25.774342465753424,28.01656164383562,2472.0,2472.0,61.800000000000004,41.2,11.9,21.549999999999997,1.0,1.0,1.0,1.0,1.0,1.0
344,"China, Hong Kong SAR",2013,3090.09,135.6,124.69,25.36651780821918,27.71393698630137,2466.0,2466.0,61.650000000000006,41.099999999999994,11.9,21.549999999999997,1.0,1.0,1.0,1.0,1.0,1.0
344,"China, Hong Kong SAR",2014,3121.2999999999997,140.37,122.01,26.282068493150685,28.800216438356166,2461.0,2461.0,61.525000000000006,41.016666666666666,11.9,21.549999999999997,1.0,1.0,1.0,1.0,1.0,1.0
344,"China, Hong Kong SAR",2015,3068.15,135.96,119.25,25.107665753424655,27.463657534246575,2457.0,2457.0,61.425000000000004,40.95,11.9,21.549999999999997,1.0,1.0,1.0,1.0,1.0,1.0
344,"China, Hong Kong SAR",2016,3105.76,143.39,123.28999999999999,27.0576,29.473531506849316,2453.0,2453.0,61.325,40.88333333333333,11.9,21.549999999999997,1.0,1.0,1.0,1.0,1.0,1.0
344,"China, Hong Kong SAR",2017,3155.47,148.16,124.91,27.884931506849313,30.18705205479452,2448.0,2448.0,61.2,40.8,11.9,21.549999999999997,1.0,1.0,1.0,1.0,1.0,1.0
344,"China, Hong Kong SAR",2018,3180.37,142.09,129.82,26.363413698630136,28.61353698630137,2444.0,2444.0,61.1,40.73333333333333,11.9,21.549999999999997,1.0,1.0,1.0,1.0,1.0,1.0
344,"China, Hong Kong SAR",2019,3194.02,148.91,130.53,26.500364383561642,29.206471232876712,2442.0,2442.0,61.050000000000004,40.7,11.9,21.549999999999997,1.0,1.0,1.0,1.0,1.0,1.0
344,"China, Hong Kong SAR",2020,3103.31,144.4,128.76,25.35712876712329,27.97385479452055,2442.0,2442.0,61.050000000000004,40.7,11.9,21.549999999999997,1.0,1.0,1.0,1.0,1.0,1.0
344,"China, Hong Kong SAR",2021,3045.8,140.63,125.41,24.900712328767124,27.868358904109588,2441.0,2441.0,61.025000000000006,40.68333333333333,11.9,21.549999999999997,1.0,1.0,1.0,1.0,1.0,1.0
344,"China, Hong Kong SAR",2022,2909.81,121.42999999999999,117.67,21.134150684931505,24.40027397260274,2439.0,2439.0,60.975,40.65,11.9,21.549999999999997,1.0,1.0,1.0,1.0,1.0,1.0
344,"China, Hong Kong SAR",2023,2827.77,118.33,108.74000000000001,19.719317808219177,23.031556164383563,2438.0,2438.0,60.95,40.63333333333333,11.9,21.549999999999997,1.0,1.0,1.0,1.0,1.0,1.0
348,Hungary,2010,3046.02,84.84,135.02,16.74122191780822,18.922720547945207,2538.0,2538.0,63.45,42.3,11.9,21.549999999999997,1.0,1.0,1.0,1.0,0.8780844801830724,0.9756168960366145
348,Hungary,2011,3059.32,86.39,133.79,16.745076712328768,19.378635616438356,2537.0,2537.0,63.425000000000004,42.28333333333333,11.9,21.549999999999997,1.0,1.0,1.0,1.0,0.8992406318532881,0.9798481263706575
348,Hungary,2012,3004.36,84.97,130.31,16.515528767123286,19.062386301369862,2536.0,2536.0,63.400000000000006,42.266666666666666,11.9,21.549999999999997,1.0,1.0,1.0,1.0,0.8845654896227315,0.9769130979245464
348,Hungary,2013,3027.45,82.23,135.42,16.385353424657534,18.969013698630135,2535.0,2535.0,63.375,42.25,11.9,21.549999999999997,1.0,1.0,1.0,1.0,0.8802326542287767,0.9760465308457553
348,Hungary,2014,3071.62,86.32,133.56,16.828501369863016,19.345432876712326,2533.0,2533.0,63.325,42.21666666666667,11.9,21.549999999999997,1.0,1.0,1.0,1.0,0.8976999014715698,0.9795399802943139
348,Hungary,2015,3177.0,88.69,142.81,17.146287671232876,19.498238356164382,2531.0,2531.0,63.275000000000006,42.18333333333333,11.9,21.549999999999997,1.0,1.0,1.0,1.0,0.9047906429774657,0.980958128595493
348,Hungary,2016,3201.06,90.53,144.94,17.399057534246573,19.66815616438356,2529.0,2529.0,63.225,42.15,11.9,21.549999999999997,1.0,1.0,1.0,1.0,0.9126754600642025,0.9825350920128406
348,Hungary,2017,3236.5,91.65,147.42000000000002,17.56585205479452,19.737060273972602,2527.0,2527.0,63.175000000000004,42.11666666666667,11.9,21.549999999999997,1.0,1.0,1.0,1.0,0.9158728665416522,0.9831745733083304
348,Hungary,2018,3294.7,93.99,153.34,18.04515890410959,20.10734520547945,2527.0,2527.0,63.175000000000004,42.11666666666667,11.9,21.549999999999997,1.0,1.0,1.0,1.0,0.9330554619712044,0.9866110923942408
348,Hungary,2019,3309.7599999999998,94.31,142.81,18.34245205479452,20.13706301369863,2527.0,2527.0,63.175000000000004,42.11666666666667,11.9,21.549999999999997,1.0,1.0,1.0,1.0,0.934434478593904,0.9868868957187807
348,Hungary,2020,3369.18,90.61,153.47,17.49231780821918,19.128331506849317,2527.0,2527.0,63.175000000000004,42.11666666666667,11.9,21.549999999999997,1.0,1.0,1.0,1.0,0.8876255919651657,0.9775251183930331
348,Hungary,2021,3420.07,92.82000000000001,154.67000000000002,18.326016438356163,20.17148219178082,2526.0,2526.0,63.150000000000006,42.099999999999994,11.9,21.549999999999997,1.0,1.0,1.0,1.0,0.9360316562311287,0.9872063312462258
348,Hungary,2022,3482.02,91.25999999999999,162.0,18.035523287671232,19.891756164383562,2526.0,2526.0,63.150000000000006,42.099999999999994,11.9,21.549999999999997,1.0,1.0,1.0,1.0,0.9230513301338081,0.9846102660267617
348,Hungary,2023,3549.09,93.64999999999999,152.64,18.790706849315068,21.088698630136985,2526.0,2526.0,63.150000000000006,42.099999999999994,11.9,21.549999999999997,1.0,1.0,1.0,1.0,0.9785939039506723,0.9957187807901345
352,Iceland,2010,3311.2400000000002,133.67,138.61,23.391183561643835,27.556890410958907,2529.0,2529.0,63.225,42.15,11.9,21.549999999999997,1.0,1.0,1.0,1.0,1.0,1.0
352,Iceland,2011,3302.28,135.14,141.29,23.458131506849316,27.180463013698628,2527.0,2527.0,63.175000000000004,42.11666666666667,11.9,21.549999999999997,1.0,1.0,1.0,1.0,1.0,1.0
352,Iceland,2012,3353.5499999999997,136.8,143.55,23.670479452054796,27.855791780821917,2526.0,2526.0,63.150000000000006,42.099999999999994,11.9,21.549999999999997,1.0,1.0,1.0,1.0,1.0,1.0
352,Iceland,2013,3362.4300000000003,136.88,146.67000000000002,23.56858082191781,27.651112328767123,2526.0,2526.0,63.150000000000006,42.099999999999994,11.9,21.549999999999997,1.0,1.0,1.0,1.0,1.0,1.0
352,Iceland,2014,3399.0699999999997,144.74,152.49,24.522775342465753,28.30374520547945,2527.0,2527.0,63.175000000000004,42.11666666666667,11.9,21.549999999999997,1.0,1.0,1.0,1.0,1.0,1.0
352,Iceland,2015,3471.86,148.12,156.67000000000002,25.41590410958904,29.466876712328766,2530.0,2530.0,63.25,42.166666666666664,11.9,21.549999999999997,1.0,1.0,1.0,1.0,1.0,1.0
352,Iceland,2016,3578.92,148.18,164.57,25.657720547945203,30.406605479452054,2535.0,2535.0,63.375,42.25,11.9,21.549999999999997,1.0,1.0,1.0,1.0,1.0,1.0
352,Iceland,2017,3633.77,152.54,167.07999999999998,27.07694794520548,32.017791780821916,2543.0,2543.0,63.575,42.38333333333333,11.9,21.549999999999997,1.0,1.0,1.0,1.0,1.0,1.0
352,Iceland,2018,3647.9,151.93,163.69,27.518838356164384,32.700394520547945,2550.0,2550.0,63.75,42.5,11.9,21.549999999999997,1.0,1.0,1.0,1.0,1.0,1.0
352,Iceland,2019,3683.33,152.62,166.32,27.77285205479452,33.211405479452054,2555.0,2555.0,63.875,42.583333333333336,11.9,21.549999999999997,1.0,1.0,1.0,1.0,1.0,1.0
352,Iceland,2020,3660.8700000000003,150.85999999999999,164.53,27.717545205479453,33.13763561643835,2555.0,2555.0,63.875,42.583333333333336,11.9,21.549999999999997,1.0,1.0,1.0,1.0,1.0,1.0
352,Iceland,2021,3643.27,149.65,160.58,28.8374,34.659049315068486,2554.0,2554.0,63.85,42.56666666666666,11.9,21.549999999999997,1.0,1.0,1.0,1.0,1.0,1.0
352,Iceland,2022,3701.18,151.42000000000002,161.92,29.323402739726028,35.27499726027397,2556.0,2556.0,63.900000000000006,42.599999999999994,11.9,21.549999999999997,1.0,1.0,1.0,1.0,1.0,1.0
352,Iceland,2023,3681.06,151.71,163.26999999999998,29.384794520547942,34.88093698630137,2558.0,2558.0,63.95,42.63333333333333,11.9,21.549999999999997,1.0,1.0,1.0,1.0,1.0,1.0
356,India,2010,2357.47,60.36,48.85,12.639821917808218,16.798520547945206,2276.0,2276.0,56.900000000000006,37.93333333333333,11.9,21.549999999999997,1.0,1.0,1.0,1.0,0.7795137145218194,0.9559027429043638
356,India,2011,2391.19,60.63,48.71,12.664191780821916,16.713961643835617,2281.0,2281.0,57.025000000000006,38.016666666666666,11.9,21.549999999999997,1.0,1.0,1.0,1.0,0.7755898674633698,0.9551179734926739
356,India,2012,2385.4,60.72,50.5,12.658479452054795,16.765723287671232,2286.0,2286.0,57.150000000000006,38.099999999999994,11.9,21.549999999999997,1.0,1.0,1.0,1.0,0.7779917998919367,0.9555983599783874
356,India,2013,2419.9700000000003,62.45,50.18,13.064487671232877,17.316060273972603,2291.0,2291.0,57.275000000000006,38.18333333333333,11.9,21.549999999999997,1.0,1.0,1.0,1.0,0.8035294790706545,0.9607058958141309
356,India,2014,2449.48,63.54,53.730000000000004,13.002263013698629,17.178517808219176,2296.0,2296.0,57.400000000000006,38.266666666666666,11.9,21.549999999999997,1.0,1.0,1.0,1.0,0.7971469980612148,0.9594293996122429
356,India,2015,2422.55,63.09,53.94,12.788041095890412,16.89584383561644,2301.0,2301.0,57.525000000000006,38.349999999999994,11.9,21.549999999999997,1.0,1.0,1.0,1.0,0.7840298763627119,0.9568059752725423
356,India,2016,2472.96,65.0,53.68,13.253227397260275,17.558,2306.0,2306.0,57.650000000000006,38.43333333333333,11.9,21.549999999999997,1.0,1.0,1.0,1.0,0.814756380510441,0.9629512761020882
356,India,2017,2513.88,66.77000000000001,56.64,13.458860273972602,17.985723287671235,2311.0,2311.0,57.775000000000006,38.516666666666666,11.9,21.549999999999997,1.0,1.0,1.0,1.0,0.834604328894257,0.9669208657788515
356,India,2018,2525.78,66.19,58.809999999999995,13.352778082191781,17.9934602739726,2315.0,2315.0,57.875,38.583333333333336,11.9,21.549999999999997,1.0,1.0,1.0,1.0,0.8349633537806312,0.9669926707561263
356,India,2019,2527.75,67.68,59.15,13.514443835616438,18.09483287671233,2319.0,2319.0,57.975,38.65,11.9,21.549999999999997,1.0,1.0,1.0,1.0,0.8396674188729621,0.9679334837745925
356,India,2020,2540.74,69.95,59.96,13.922608219178084,18.27912602739726,2324.0,2324.0,58.1,38.73333333333333,11.9,21.549999999999997,1.0,1.0,1.0,1.0,0.8482193052156503,0.96964386104313
356,India,2021,2550.04,70.9,61.230000000000004,13.993756164383562,18.583854794520548,2328.0,2328.0,58.2,38.8,11.9,21.549999999999997,1.0,1.0,1.0,1.0,0.8623598512538538,0.9724719702507707
356,India,2022,2594.88,73.17,63.16,14.455454794520548,19.24533698630137,2332.0,2332.0,58.300000000000004,38.86666666666667,11.9,21.549999999999997,1.0,1.0,1.0,1.0,0.8930550805708294,0.9786110161141659
356,India,2023,2668.4900000000002,74.56,65.7,14.776427397260274,19.66005205479452,2336.0,2336.0,58.400000000000006,38.93333333333333,11.9,21.549999999999997,1.0,1.0,1.0,1.0,0.9122993992944094,0.9824598798588818
360,Indonesia,2010,2608.23,68.07000000000001,44.87,14.945682191780822,19.25028219178082,2292.0,2292.0,57.300000000000004,38.2,11.9,21.549999999999997,1.0,1.0,1.0,1.0,0.8932845564631472,0.9786569112926294
360,Indonesia,2011,2672.1800000000003,70.83,43.34,15.498786301369865,20.14063561643836,2293.0,2293.0,57.325,38.21666666666667,11.9,21.549999999999997,1.0,1.0,1.0,1.0,0.9346002606235899,0.986920052124718
360,Indonesia,2012,2709.96,70.81,46.35,15.58234794520548,20.15014794520548,2293.0,2293.0,57.325,38.21666666666667,11.9,21.549999999999997,1.0,1.0,1.0,1.0,0.9350416679909737,0.9870083335981947
360,Indonesia,2013,2743.57,71.45,49.58,15.63211780821918,19.972879452054794,2294.0,2294.0,57.35,38.23333333333333,11.9,21.549999999999997,1.0,1.0,1.0,1.0,0.9268157518354894,0.9853631503670979
360,Indonesia,2014,2818.08,73.39,50.44,15.736920547945205,20.450038356164384,2295.0,2295.0,57.375,38.25,11.9,21.549999999999997,1.0,1.0,1.0,1.0,0.9489576963417349,0.989791539268347
360,Indonesia,2015,2812.44,75.48,45.75,16.05086575342466,20.942054794520548,2297.0,2297.0,57.425000000000004,38.28333333333333,11.9,21.549999999999997,1.0,1.0,1.0,1.0,0.9717890855926009,0.9943578171185201
360,Indonesia,2016,2887.21,76.07,57.39,16.310071232876712,21.247802739726026,2299.0,2299.0,57.475,38.31666666666666,11.9,21.549999999999997,1.0,1.0,1.0,1.0,0.98597692527731,0.997195385055462
360,Indonesia,2017,2950.82,80.79,61.51,16.709093150684932,21.61142191780822,2301.0,2301.0,57.525000000000006,38.349999999999994,11.9,21.549999999999997,1.0,1.0,1.0,1.0,1.0,1.0
360,Indonesia,2018,2907.2799999999997,80.32,59.81,16.42004383561644,21.720312328767122,2304.0,2304.0,57.6,38.4,11.9,21.549999999999997,1.0,1.0,1.0,1.0,1.0,1.0
360,Indonesia,2019,2898.9700000000003,80.31,69.37,16.09738904109589,21.110191780821918,2307.0,2307.0,57.675000000000004,38.45,11.9,21.549999999999997,1.0,1.0,1.0,1.0,0.9795912659314117,0.9959182531862822
360,Indonesia,2020,2880.1400000000003,76.8,76.96,15.26841095890411,20.011542465753426,2309.0,2309.0,57.725,38.48333333333333,11.9,21.549999999999997,1.0,1.0,1.0,1.0,0.9286098591996951,0.985721971839939
360,Indonesia,2021,2868.95,77.36,77.39,15.249043835616439,20.0922,2312.0,2312.0,57.800000000000004,38.53333333333333,11.9,21.549999999999997,1.0,1.0,1.0,1.0,0.9323526682134571,0.9864705336426913
360,Indonesia,2022,2906.77,78.31,79.46,15.159241095890412,19.927838356164386,2315.0,2315.0,57.875,38.583333333333336,11.9,21.549999999999997,1.0,1.0,1.0,1.0,0.92472567778025,0.98494513555605
360,Indonesia,2023,2900.32,77.82,80.36,14.909389041095892,19.348835616438357,2318.0,2318.0,57.95,38.63333333333333,11.9,21.549999999999997,1.0,1.0,1.0,1.0,0.897857801226838,0.9795715602453676
364,Iran (Islamic Republic of),2010,2865.7,84.53,64.77,19.111145205479453,24.870035616438358,2413.0,2413.0,60.325,40.21666666666667,11.9,21.549999999999997,1.0,1.0,1.0,1.0,1.0,1.0
364,Iran (Islamic Republic of),2011,2778.67,81.58,66.33,18.13803561643836,23.831657534246578,2409.0,2409.0,60.225,40.15,11.9,21.549999999999997,1.0,1.0,1.0,1.0,1.0,1.0
364,Iran (Islamic Republic of),2012,2873.37,84.32,70.7,18.70978630136986,24.474739726027394,2405.0,2405.0,60.125,40.083333333333336,11.9,21.549999999999997,1.0,1.0,1.0,1.0,1.0,1.0
364,Iran (Islamic Republic of),2013,2909.8599999999997,84.83,72.53,18.809991780821917,24.67101095890411,2401.0,2401.0,60.025000000000006,40.016666666666666,11.9,21.549999999999997,1.0,1.0,1.0,1.0,1.0,1.0
364,Iran (Islamic Republic of),2014,2934.67,86.39,72.8,19.33099178082192,25.07835890410959,2395.0,2395.0,59.875,39.916666666666664,11.9,21.549999999999997,1.0,1.0,1.0,1.0,1.0,1.0
364,Iran (Islamic Republic of),2015,2913.04,85.05,70.65,19.47260821917808,25.134405479452056,2390.0,2390.0,59.75,39.833333333333336,11.9,21.549999999999997,1.0,1.0,1.0,1.0,1.0,1.0
364,Iran (Islamic Republic of),2016,2925.92,86.28999999999999,72.57000000000001,19.439545205479455,24.963772602739727,2385.0,2385.0,59.625,39.75,11.9,21.549999999999997,1.0,1.0,1.0,1.0,1.0,1.0
364,Iran (Islamic Republic of),2017,2858.73,83.96,72.82,18.631638356164384,23.292356164383563,2381.0,2381.0,59.525000000000006,39.68333333333333,11.9,21.549999999999997,1.0,1.0,1.0,1.0,1.0,1.0
364,Iran (Islamic Republic of),2018,2828.5600000000004,82.17,71.33,18.282263013698632,22.78304383561644,2379.0,2379.0,59.475,39.65,11.9,21.549999999999997,1.0,1.0,1.0,1.0,1.0,1.0
364,Iran (Islamic Republic of),2019,2901.19,81.98,78.18,18.232465753424655,22.853720547945205,2380.0,2380.0,59.5,39.666666666666664,11.9,21.549999999999997,1.0,1.0,1.0,1.0,1.0,1.0
364,Iran (Islamic Republic of),2020,2904.68,82.15,76.87,18.11398904109589,22.68256712328767,2383.0,2383.0,59.575,39.71666666666667,11.9,21.549999999999997,1.0,1.0,1.0,1.0,1.0,1.0
364,Iran (Islamic Republic of),2021,2865.81,81.73,78.95,18.10998904109589,22.642391780821917,2386.0,2386.0,59.650000000000006,39.766666666666666,11.9,21.549999999999997,1.0,1.0,1.0,1.0,1.0,1.0
364,Iran (Islamic Republic of),2022,2882.51,80.97,78.17999999999999,18.103879452054795,22.415635616438358,2391.0,2391.0,59.775000000000006,39.849999999999994,11.9,21.549999999999997,1.0,1.0,1.0,1.0,1.0,1.0
364,Iran (Islamic Republic of),2023,2875.16,79.62,83.26,17.96711506849315,22.476408219178083,2395.0,2395.0,59.875,39.916666666666664,11.9,21.549999999999997,1.0,1.0,1.0,1.0,1.0,1.0
368,Iraq,2010,2614.76,66.44999999999999,71.32,15.980621917808218,20.212183561643837,2239.0,2239.0,55.975,37.31666666666666,11.9,21.549999999999997,1.0,1.0,1.0,1.0,0.9379203508883452,0.987584070177669
368,Iraq,2011,2618.15,68.36,70.03,16.05392876712329,20.052400000000002,2241.0,2241.0,56.025000000000006,37.349999999999994,11.9,21.549999999999997,1.0,1.0,1.0,1.0,0.9305058004640373,0.9861011600928075
368,Iraq,2012,2577.46,67.59,67.23,15.893934246575341,19.819917808219177,2243.0,2243.0,56.075,37.38333333333333,11.9,21.549999999999997,1.0,1.0,1.0,1.0,0.9197177637224677,0.9839435527444935
368,Iraq,2013,2595.82,68.49000000000001,68.52,15.906616438356163,19.89877808219178,2243.0,2243.0,56.075,37.38333333333333,11.9,21.549999999999997,1.0,1.0,1.0,1.0,0.9233771731875536,0.9846754346375107
368,Iraq,2014,2591.57,65.46000000000001,68.75,16.148594520547945,19.670405479452054,2244.0,2244.0,56.1,37.4,11.9,21.549999999999997,1.0,1.0,1.0,1.0,0.9127798366335061,0.9825559673267013
368,Iraq,2015,2581.88,66.34,71.42999999999999,15.752783561643835,18.61633698630137,2247.0,2247.0,56.175000000000004,37.45,11.9,21.549999999999997,1.0,1.0,1.0,1.0,0.8638671455360266,0.9727734291072053
368,Iraq,2016,2603.61,68.3,73.17,16.158687671232876,19.283550684931505,2252.0,2252.0,56.300000000000004,37.53333333333333,11.9,21.549999999999997,1.0,1.0,1.0,1.0,0.8948283380478658,0.9789656676095732
368,Iraq,2017,2624.14,71.56,68.09,16.65131506849315,20.0155397260274,2258.0,2258.0,56.45,37.63333333333333,11.9,21.549999999999997,1.0,1.0,1.0,1.0,0.9287953469154246,0.9857590693830849
368,Iraq,2018,2657.32,71.98,69.15,16.733931506849316,20.16264109589041,2266.0,2266.0,56.650000000000006,37.766666666666666,11.9,21.549999999999997,1.0,1.0,1.0,1.0,0.93562139656104,0.987124279312208
368,Iraq,2019,2685.09,72.28,68.53999999999999,16.9834,20.97590410958904,2274.0,2274.0,56.85,37.9,11.9,21.549999999999997,1.0,1.0,1.0,1.0,0.9733598194704893,0.9946719638940978
368,Iraq,2020,2702.9500000000003,71.82,67.74,17.108246575342466,21.468739726027398,2282.0,2282.0,57.050000000000004,38.03333333333333,11.9,21.549999999999997,1.0,1.0,1.0,1.0,0.9962292216254014,0.9992458443250802
368,Iraq,2021,2697.07,70.72999999999999,64.53,17.369901369863012,21.7972301369863,2289.0,2289.0,57.225,38.15,11.9,21.549999999999997,1.0,1.0,1.0,1.0,1.0,1.0
368,Iraq,2022,2703.5499999999997,68.98,66.93,15.669312328767123,20.112435616438354,2297.0,2297.0,57.425000000000004,38.28333333333333,11.9,21.549999999999997,1.0,1.0,1.0,1.0,0.9332916759368147,0.9866583351873629
368,Iraq,2023,2763.83,74.49000000000001,59.42,17.217120547945203,21.342131506849313,2304.0,2304.0,57.6,38.4,11.9,21.549999999999997,1.0,1.0,1.0,1.0,0.9903541302482282,0.9980708260496456
372,Ireland,2010,3604.56,117.36,133.75,24.03032602739726,27.89911506849315,2480.0,2480.0,62.0,41.333333333333336,11.9,21.549999999999997,1.0,1.0,1.0,1.0,1.0,1.0
372,Ireland,2011,3656.19,114.38000000000001,136.42000000000002,23.294021917808216,27.21458904109589,2474.0,2474.0,61.85,41.23333333333333,11.9,21.549999999999997,1.0,1.0,1.0,1.0,1.0,1.0
372,Ireland,2012,3659.18,114.13000000000001,132.69,24.10709589041096,28.466972602739723,2471.0,2471.0,61.775000000000006,41.18333333333333,11.9,21.549999999999997,1.0,1.0,1.0,1.0,1.0,1.0
372,Ireland,2013,3677.78,119.71000000000001,128.85,24.27371232876712,28.095153424657532,2469.0,2469.0,61.725,41.15,11.9,21.549999999999997,1.0,1.0,1.0,1.0,1.0,1.0
372,Ireland,2014,3686.94,110.85000000000001,135.43,22.858254794520548,26.331827397260273,2469.0,2469.0,61.725,41.15,11.9,21.549999999999997,1.0,1.0,1.0,1.0,1.0,1.0
372,Ireland,2015,3762.44,117.55,143.59,24.533504109589042,27.597989041095893,2471.0,2471.0,61.775000000000006,41.18333333333333,11.9,21.549999999999997,1.0,1.0,1.0,1.0,1.0,1.0
372,Ireland,2016,3814.67,117.82,140.21,24.42234794520548,27.77611780821918,2473.0,2473.0,61.825,41.21666666666667,11.9,21.549999999999997,1.0,1.0,1.0,1.0,1.0,1.0
372,Ireland,2017,3947.65,125.99,153.04999999999998,25.409279452054793,27.630153424657532,2476.0,2476.0,61.900000000000006,41.266666666666666,11.9,21.549999999999997,1.0,1.0,1.0,1.0,1.0,1.0
372,Ireland,2018,3931.04,125.14,150.21,25.743131506849313,27.394909589041095,2479.0,2479.0,61.975,41.31666666666666,11.9,21.549999999999997,1.0,1.0,1.0,1.0,1.0,1.0
372,Ireland,2019,3966.6200000000003,128.57999999999998,146.36,25.296446575342465,27.760361643835616,2483.0,2483.0,62.075,41.38333333333333,11.9,21.549999999999997,1.0,1.0,1.0,1.0,1.0,1.0
372,Ireland,2020,3918.33,127.35000000000001,152.7,24.42180273972603,26.382712328767123,2487.0,2487.0,62.175000000000004,41.45,11.9,21.549999999999997,1.0,1.0,1.0,1.0,1.0,1.0
372,Ireland,2021,3886.09,138.86,155.13,25.44094520547945,26.529887671232878,2491.0,2491.0,62.275000000000006,41.516666666666666,11.9,21.549999999999997,1.0,1.0,1.0,1.0,1.0,1.0
372,Ireland,2022,3947.19,136.9,161.35,26.70741917808219,26.11758904109589,2495.0,2495.0,62.375,41.583333333333336,11.9,21.549999999999997,1.0,1.0,1.0,1.0,1.0,1.0
372,Ireland,2023,3920.9,136.84,153.97,24.94887671232877,27.220983561643838,2499.0,2499.0,62.475,41.65,11.9,21.549999999999997,1.0,1.0,1.0,1.0,1.0,1.0
376,Israel,2010,3603.4700000000003,126.72,149.68,25.363772602739726,29.398780821917807,2306.0,2306.0,57.650000000000006,38.43333333333333,11.9,21.549999999999997,1.0,1.0,1.0,1.0,1.0,1.0
376,Israel,2011,3605.08,127.77000000000001,150.06,25.41331780821918,29.460682191780823,2304.0,2304.0,57.6,38.4,11.9,21.549999999999997,1.0,1.0,1.0,1.0,1.0,1.0
376,Israel,2012,3605.1,126.05000000000001,156.25,25.071676712328767,29.243167123287673,2302.0,2302.0,57.550000000000004,38.36666666666667,11.9,21.549999999999997,1.0,1.0,1.0,1.0,1.0,1.0
376,Israel,2013,3611.65,128.82,154.48,25.40188219178082,29.55087671232877,2300.0,2300.0,57.5,38.333333333333336,11.9,21.549999999999997,1.0,1.0,1.0,1.0,1.0,1.0
376,Israel,2014,3669.02,127.03999999999999,157.01,24.759479452054794,28.553249315068495,2299.0,2299.0,57.475,38.31666666666666,11.9,21.549999999999997,1.0,1.0,1.0,1.0,1.0,1.0
376,Israel,2015,3660.76,128.21,154.75,24.855638356164384,28.85160821917808,2298.0,2298.0,57.45,38.3,11.9,21.549999999999997,1.0,1.0,1.0,1.0,1.0,1.0
376,Israel,2016,3704.86,130.49,165.5,25.508082191780822,29.495712328767123,2298.0,2298.0,57.45,38.3,11.9,21.549999999999997,1.0,1.0,1.0,1.0,1.0,1.0
376,Israel,2017,3738.66,130.81,165.33,25.622805479452055,29.572876712328767,2298.0,2298.0,57.45,38.3,11.9,21.549999999999997,1.0,1.0,1.0,1.0,1.0,1.0
376,Israel,2018,3677.9500000000003,131.07,160.57,25.141156164383563,28.958490410958905,2298.0,2298.0,57.45,38.3,11.9,21.549999999999997,1.0,1.0,1.0,1.0,1.0,1.0
376,Israel,2019,3754.4700000000003,130.5,161.4,26.419498630136985,30.833109589041097,2299.0,2299.0,57.475,38.31666666666666,11.9,21.549999999999997,1.0,1.0,1.0,1.0,1.0,1.0
376,Israel,2020,3789.32,133.53,164.07,27.043583561643835,31.410646575342465,2301.0,2301.0,57.525000000000006,38.349999999999994,11.9,21.549999999999997,1.0,1.0,1.0,1.0,1.0,1.0
376,Israel,2021,3842.16,135.64000000000001,163.7,27.617112328767124,31.8937397260274,2303.0,2303.0,57.575,38.38333333333333,11.9,21.549999999999997,1.0,1.0,1.0,1.0,1.0,1.0
376,Israel,2022,3916.7799999999997,138.18,167.3,27.429413698630135,32.08682191780822,2306.0,2306.0,57.650000000000006,38.43333333333333,11.9,21.549999999999997,1.0,1.0,1.0,1.0,1.0,1.0
376,Israel,2023,3753.91,130.72,155.53,25.335745205479455,29.235528767123288,2309.0,2309.0,57.725,38.48333333333333,11.9,21.549999999999997,1.0,1.0,1.0,1.0,1.0,1.0
380,Italy,2010,3656.08,121.05,161.93,24.6774,27.999975342465753,2519.0,2519.0,62.975,41.98333333333333,11.9,21.549999999999997,1.0,1.0,1.0,1.0,1.0,1.0
380,Italy,2011,3648.8399999999997,119.13,162.99,24.447550684931507,27.786983561643837,2519.0,2519.0,62.975,41.98333333333333,11.9,21.549999999999997,1.0,1.0,1.0,1.0,1.0,1.0
380,Italy,2012,3641.42,118.22,162.91,24.180909589041097,27.54492328767123,2519.0,2519.0,62.975,41.98333333333333,11.9,21.549999999999997,1.0,1.0,1.0,1.0,1.0,1.0
380,Italy,2013,3639.77,117.46,159.42000000000002,24.1306,27.886043835616437,2519.0,2519.0,62.975,41.98333333333333,11.9,21.549999999999997,1.0,1.0,1.0,1.0,1.0,1.0
380,Italy,2014,3514.6,113.04,152.3,23.421824657534245,27.161002739726026,2520.0,2520.0,63.0,42.0,11.9,21.549999999999997,1.0,1.0,1.0,1.0,1.0,1.0
380,Italy,2015,3521.31,111.99,149.89,23.51508219178082,27.126991780821914,2521.0,2521.0,63.025000000000006,42.016666666666666,11.9,21.549999999999997,1.0,1.0,1.0,1.0,1.0,1.0
380,Italy,2016,3522.0099999999998,110.98,150.87,23.462597260273974,27.401287671232875,2522.0,2522.0,63.050000000000004,42.03333333333333,11.9,21.549999999999997,1.0,1.0,1.0,1.0,1.0,1.0
380,Italy,2017,3530.84,112.73,151.25,23.466186301369863,27.20099178082192,2524.0,2524.0,63.1,42.06666666666666,11.9,21.549999999999997,1.0,1.0,1.0,1.0,1.0,1.0
380,Italy,2018,3527.78,113.59,150.56,23.609191780821916,27.095342465753422,2526.0,2526.0,63.150000000000006,42.099999999999994,11.9,21.549999999999997,1.0,1.0,1.0,1.0,1.0,1.0
380,Italy,2019,3623.83,114.84,156.22,22.96517808219178,26.25036712328767,2528.0,2528.0,63.2,42.13333333333333,11.9,21.549999999999997,1.0,1.0,1.0,1.0,1.0,1.0
380,Italy,2020,3662.37,114.28,160.87,22.618010958904108,25.998994520547946,2529.0,2529.0,63.225,42.15,11.9,21.549999999999997,1.0,1.0,1.0,1.0,1.0,1.0
380,Italy,2021,3689.8,116.76,159.78,22.94788493150685,26.69835616438356,2531.0,2531.0,63.275000000000006,42.18333333333333,11.9,21.549999999999997,1.0,1.0,1.0,1.0,1.0,1.0
380,Italy,2022,3709.27,115.25,159.94,22.597358904109587,26.137468493150685,2532.0,2532.0,63.300000000000004,42.2,11.9,21.549999999999997,1.0,1.0,1.0,1.0,1.0,1.0
380,Italy,2023,3752.65,116.61,160.77,23.069753424657534,26.981246575342464,2533.0,2533.0,63.325,42.21666666666667,11.9,21.549999999999997,1.0,1.0,1.0,1.0,1.0,1.0
384,CÃ´te d'Ivoire,2010,2601.2,57.94,49.87,12.804356164383563,17.5761397260274,2203.0,2203.0,55.075,36.71666666666667,11.9,21.549999999999997,1.0,1.0,1.0,1.0,0.8155981311381625,0.9631196262276325
384,CÃ´te d'Ivoire,2011,2679.04,58.68,53.309999999999995,13.18134794520548,18.178619178082194,2210.0,2210.0,55.25,36.833333333333336,11.9,21.549999999999997,1.0,1.0,1.0,1.0,0.8435554142961575,0.9687110828592316
384,CÃ´te d'Ivoire,2012,2691.49,58.36,55.54,13.276649315068493,18.436013698630138,2215.0,2215.0,55.375,36.916666666666664,11.9,21.549999999999997,1.0,1.0,1.0,1.0,0.8554994755744845,0.9710998951148969
384,CÃ´te d'Ivoire,2013,2669.57,57.17,59.699999999999996,12.919471232876711,18.200739726027397,2224.0,2224.0,55.6,37.06666666666666,11.9,21.549999999999997,1.0,1.0,1.0,1.0,0.8445818898388584,0.9689163779677716
384,CÃ´te d'Ivoire,2014,2612.02,59.05,48.45,13.114824657534246,18.58638904109589,2226.0,2226.0,55.650000000000006,37.099999999999994,11.9,21.549999999999997,1.0,1.0,1.0,1.0,0.8624774497028257,0.9724954899405651
384,CÃ´te d'Ivoire,2015,2748.83,62.92,50.02,13.448704109589043,18.592956164383562,2225.0,2225.0,55.625,37.083333333333336,11.9,21.549999999999997,1.0,1.0,1.0,1.0,0.8627821886024856,0.9725564377204972
384,CÃ´te d'Ivoire,2016,2753.32,62.35,50.93,13.613564383561645,19.114734246575342,2226.0,2226.0,55.650000000000006,37.099999999999994,11.9,21.549999999999997,1.0,1.0,1.0,1.0,0.8869946286113849,0.9773989257222769
384,CÃ´te d'Ivoire,2017,2805.05,64.42999999999999,49.78,13.986783561643835,19.340646575342465,2229.0,2229.0,55.725,37.15,11.9,21.549999999999997,1.0,1.0,1.0,1.0,0.8974777993198361,0.9794955598639673
384,CÃ´te d'Ivoire,2018,2825.23,63.84,50.44,13.758164383561644,19.19624109589041,2233.0,2233.0,55.825,37.21666666666667,11.9,21.549999999999997,1.0,1.0,1.0,1.0,0.890776848997235,0.978155369799447
384,CÃ´te d'Ivoire,2019,2848.78,63.31,50.75,13.574167123287673,18.269586301369863,2239.0,2239.0,55.975,37.31666666666666,11.9,21.549999999999997,1.0,1.0,1.0,1.0,0.8477766265136828,0.9695553253027367
384,CÃ´te d'Ivoire,2020,2863.83,64.34,50.38,14.208315068493151,19.355430136986303,2245.0,2245.0,56.125,37.416666666666664,11.9,21.549999999999997,1.0,1.0,1.0,1.0,0.8981638114610815,0.9796327622922163
384,CÃ´te d'Ivoire,2021,2923.44,65.33,54.08,14.252882191780822,19.807394520547945,2253.0,2253.0,56.325,37.55,11.9,21.549999999999997,1.0,1.0,1.0,1.0,0.9191366366843595,0.9838273273368718
384,CÃ´te d'Ivoire,2022,2946.35,67.05,51.53,14.733413698630137,20.263482191780824,2258.0,2258.0,56.45,37.63333333333333,11.9,21.549999999999997,1.0,1.0,1.0,1.0,0.9403007977624513,0.9880601595524903
384,CÃ´te d'Ivoire,2023,2937.76,64.98,56.269999999999996,14.132906849315068,19.677252054794522,2264.0,2264.0,56.6,37.73333333333333,11.9,21.549999999999997,1.0,1.0,1.0,1.0,0.9130975431459176,0.9826195086291836
388,Jamaica,2010,2746.82,84.57,73.02,15.535098630136986,19.87568493150685,2443.0,2443.0,61.075,40.71666666666667,11.9,21.549999999999997,1.0,1.0,1.0,1.0,0.9223055652671394,0.9844611130534279
388,Jamaica,2011,2764.79,84.67,76.92999999999999,15.587627397260274,20.553446575342466,2451.0,2451.0,61.275000000000006,40.849999999999994,11.9,21.549999999999997,1.0,1.0,1.0,1.0,0.9537562215936181,0.9907512443187236
388,Jamaica,2012,2761.08,84.35,77.18,15.49030410958904,20.089676712328767,2459.0,2459.0,61.475,40.98333333333333,11.9,21.549999999999997,1.0,1.0,1.0,1.0,0.9322355782983188,0.9864471156596638
388,Jamaica,2013,2804.62,85.08,77.41,15.672931506849315,20.471353424657533,2467.0,2467.0,61.675000000000004,41.11666666666667,11.9,21.549999999999997,1.0,1.0,1.0,1.0,0.9499467946476815,0.9899893589295363
388,Jamaica,2014,2791.36,83.01,77.89,15.210545205479452,20.34074794520548,2474.0,2474.0,61.85,41.23333333333333,11.9,21.549999999999997,1.0,1.0,1.0,1.0,0.9438862155547787,0.9887772431109557
388,Jamaica,2015,2822.49,83.44,78.81,15.269460273972603,20.24982191780822,2481.0,2481.0,62.025000000000006,41.349999999999994,11.9,21.549999999999997,1.0,1.0,1.0,1.0,0.9396669103391286,0.9879333820678257
388,Jamaica,2016,2772.48,81.86,79.07000000000001,14.898397260273972,19.90557808219178,2487.0,2487.0,62.175000000000004,41.45,11.9,21.549999999999997,1.0,1.0,1.0,1.0,0.9236927184311733,0.9847385436862346
388,Jamaica,2017,2850.57,83.86,81.12,15.34157808219178,20.300405479452056,2492.0,2492.0,62.300000000000004,41.53333333333333,11.9,21.549999999999997,1.0,1.0,1.0,1.0,0.942014175380606,0.9884028350761213
388,Jamaica,2018,2880.88,88.77,79.13,16.212194520547946,21.025202739726026,2498.0,2498.0,62.45,41.63333333333333,11.9,21.549999999999997,1.0,1.0,1.0,1.0,0.9756474589200014,0.9951294917840002
388,Jamaica,2019,2906.32,90.93,85.29,16.22637808219178,21.184117808219177,2502.0,2502.0,62.550000000000004,41.7,11.9,21.549999999999997,1.0,1.0,1.0,1.0,0.983021708038013,0.9966043416076026
388,Jamaica,2020,2829.8,87.48,81.74,15.54829315068493,20.495841095890412,2506.0,2506.0,62.650000000000006,41.766666666666666,11.9,21.549999999999997,1.0,1.0,1.0,1.0,0.9510831134983951,0.990216622699679
388,Jamaica,2021,2862.15,89.65,84.15,16.300476712328766,21.562865753424656,2510.0,2510.0,62.75,41.833333333333336,11.9,21.549999999999997,1.0,1.0,1.0,1.0,1.0,1.0
388,Jamaica,2022,2915.19,92.25999999999999,86.16,16.69435890410959,22.171183561643833,2513.0,2513.0,62.825,41.88333333333333,11.9,21.549999999999997,1.0,1.0,1.0,1.0,1.0,1.0
388,Jamaica,2023,2892.05,91.63,88.12,16.33614520547945,21.509709589041098,2515.0,2515.0,62.875,41.916666666666664,11.9,21.549999999999997,1.0,1.0,1.0,1.0,0.998130375361536,0.9996260750723073
398,Kazakhstan,2010,2768.18,83.4,114.22,18.634216438356166,21.142553424657535,2403.0,2403.0,60.075,40.05,11.9,21.549999999999997,1.0,1.0,1.0,1.0,0.9810929663414171,0.9962185932682834
398,Kazakhstan,2011,2870.96,86.85,114.42,19.36432602739726,22.31240273972603,2396.0,2396.0,59.900000000000006,39.93333333333333,11.9,21.549999999999997,1.0,1.0,1.0,1.0,1.0,1.0
398,Kazakhstan,2012,2864.9,87.22,114.06,19.668254794520546,22.64661917808219,2388.0,2388.0,59.7,39.8,11.9,21.549999999999997,1.0,1.0,1.0,1.0,1.0,1.0
398,Kazakhstan,2013,2883.06,87.62,114.11,20.419136986301368,23.613013698630134,2381.0,2381.0,59.525000000000006,39.68333333333333,11.9,21.549999999999997,1.0,1.0,1.0,1.0,1.0,1.0
398,Kazakhstan,2014,2884.81,85.7,113.85,19.438101369863013,23.188676712328768,2374.0,2374.0,59.35,39.56666666666666,11.9,21.549999999999997,1.0,1.0,1.0,1.0,1.0,1.0
398,Kazakhstan,2015,2875.6,87.14,115.55,19.2213698630137,23.136191780821918,2365.0,2365.0,59.125,39.416666666666664,11.9,21.549999999999997,1.0,1.0,1.0,1.0,1.0,1.0
398,Kazakhstan,2016,2900.38,89.52,116.09,19.455742465753424,23.82092328767123,2360.0,2360.0,59.0,39.333333333333336,11.9,21.549999999999997,1.0,1.0,1.0,1.0,1.0,1.0
398,Kazakhstan,2017,2986.29,93.7,119.11,20.368753424657534,24.908876712328766,2356.0,2356.0,58.900000000000006,39.266666666666666,11.9,21.549999999999997,1.0,1.0,1.0,1.0,1.0,1.0
398,Kazakhstan,2018,3080.3199999999997,96.67,118.42,21.461380821917807,26.20289589041096,2354.0,2354.0,58.85,39.23333333333333,11.9,21.549999999999997,1.0,1.0,1.0,1.0,1.0,1.0
398,Kazakhstan,2019,3059.1000000000004,97.18,120.03999999999999,21.677375342465755,25.98268493150685,2353.0,2353.0,58.825,39.21666666666667,11.9,21.549999999999997,1.0,1.0,1.0,1.0,1.0,1.0
398,Kazakhstan,2020,3077.97,98.3,122.27,21.496693150684933,25.749816438356167,2352.0,2352.0,58.800000000000004,39.2,11.9,21.549999999999997,1.0,1.0,1.0,1.0,1.0,1.0
398,Kazakhstan,2021,3103.07,97.99,123.53999999999999,21.548235616438355,25.821690410958904,2348.0,2348.0,58.7,39.13333333333333,11.9,21.549999999999997,1.0,1.0,1.0,1.0,1.0,1.0
398,Kazakhstan,2022,3161.83,101.24,122.95,21.217649315068492,26.963734246575342,2346.0,2346.0,58.650000000000006,39.099999999999994,11.9,21.549999999999997,1.0,1.0,1.0,1.0,1.0,1.0
398,Kazakhstan,2023,3135.9,106.7,116.94,22.305789041095892,28.335945205479455,2347.0,2347.0,58.675000000000004,39.11666666666667,11.9,21.549999999999997,1.0,1.0,1.0,1.0,1.0,1.0
400,Jordan,2010,2701.91,75.61,87.38,16.17419726027397,20.829109589041096,2314.0,2314.0,57.85,38.56666666666666,11.9,21.549999999999997,1.0,1.0,1.0,1.0,0.9665480087722087,0.9933096017544418
400,Jordan,2011,2662.04,76.27000000000001,87.01,16.249564383561644,20.143213698630138,2317.0,2317.0,57.925000000000004,38.61666666666667,11.9,21.549999999999997,1.0,1.0,1.0,1.0,0.9347198932078952,0.9869439786415791
400,Jordan,2012,2690.65,76.5,94.13,16.267419178082193,20.23145205479452,2322.0,2322.0,58.050000000000004,38.7,11.9,21.549999999999997,1.0,1.0,1.0,1.0,0.9388144805009059,0.9877628961001811
400,Jordan,2013,2709.91,76.66,87.24,16.67172602739726,20.94870410958904,2323.0,2323.0,58.075,38.71666666666667,11.9,21.549999999999997,1.0,1.0,1.0,1.0,0.9720976384960113,0.9944195276992023
400,Jordan,2014,2786.75,75.95,90.93,16.686830136986302,21.020131506849317,2325.0,2325.0,58.125,38.75,11.9,21.549999999999997,1.0,1.0,1.0,1.0,0.9754121348885996,0.9950824269777199
400,Jordan,2015,2791.66,75.65,91.09,17.206594520547945,21.646657534246575,2328.0,2328.0,58.2,38.8,11.9,21.549999999999997,1.0,1.0,1.0,1.0,1.0,1.0
400,Jordan,2016,2754.29,75.71,86.09,17.152972602739727,21.6346,2333.0,2333.0,58.325,38.88333333333333,11.9,21.549999999999997,1.0,1.0,1.0,1.0,1.0,1.0
400,Jordan,2017,2719.19,72.41,85.76,16.31221369863014,20.480435616438353,2338.0,2338.0,58.45,38.96666666666667,11.9,21.549999999999997,1.0,1.0,1.0,1.0,0.9503682420621047,0.990073648412421
400,Jordan,2018,2641.04,72.49,87.17,15.870797260273973,19.948800000000002,2344.0,2344.0,58.6,39.06666666666666,11.9,21.549999999999997,1.0,1.0,1.0,1.0,0.9256983758700699,0.985139675174014
400,Jordan,2019,2593.94,68.65,91.98,15.353745205479452,19.37848767123288,2349.0,2349.0,58.725,39.15,11.9,21.549999999999997,1.0,1.0,1.0,1.0,0.8992337666465374,0.9798467533293074
400,Jordan,2020,2596.31,71.88,86.64,15.953350684931506,20.29063287671233,2355.0,2355.0,58.875,39.25,11.9,21.549999999999997,1.0,1.0,1.0,1.0,0.941560690334679,0.9883121380669359
400,Jordan,2021,2552.7,72.72999999999999,85.43,15.867128767123287,20.32951780821918,2361.0,2361.0,59.025000000000006,39.349999999999994,11.9,21.549999999999997,1.0,1.0,1.0,1.0,0.9433650955090108,0.988673019101802
400,Jordan,2022,2609.39,72.61,85.1,15.163476712328768,19.748142465753425,2366.0,2366.0,59.150000000000006,39.43333333333333,11.9,21.549999999999997,1.0,1.0,1.0,1.0,0.9163871213806695,0.9832774242761338
400,Jordan,2023,2556.02,71.09,84.44,14.977090410958905,19.169323287671233,2372.0,2372.0,59.300000000000004,39.53333333333333,11.9,21.549999999999997,1.0,1.0,1.0,1.0,0.8895277627689668,0.9779055525537934
404,Kenya,2010,2178.25,57.73,54.089999999999996,13.563208219178083,17.479490410958903,2178.0,2178.0,54.45,36.3,11.9,21.549999999999997,1.0,1.0,1.0,1.0,0.8111132441280234,0.9622226488256047
404,Kenya,2011,2185.34,60.580000000000005,44.99,14.15418904109589,18.452964383561646,2183.0,2183.0,54.575,36.38333333333333,11.9,21.549999999999997,1.0,1.0,1.0,1.0,0.856286050281283,0.9712572100562566
404,Kenya,2012,2208.0499999999997,60.370000000000005,44.23,13.995895890410958,18.55929315068493,2189.0,2189.0,54.725,36.48333333333333,11.9,21.549999999999997,1.0,1.0,1.0,1.0,0.8612200997997649,0.972244019959953
404,Kenya,2013,2233.44,59.13,54.160000000000004,13.575449315068493,18.02898904109589,2197.0,2197.0,54.925000000000004,36.61666666666667,11.9,21.549999999999997,1.0,1.0,1.0,1.0,0.8366120204684869,0.9673224040936974
404,Kenya,2014,2230.31,60.45,45.25,14.03706301369863,18.39595342465753,2206.0,2206.0,55.150000000000006,36.766666666666666,11.9,21.549999999999997,1.0,1.0,1.0,1.0,0.8536405301465213,0.9707281060293041
404,Kenya,2015,2236.17,61.0,44.62,14.24329315068493,18.810041095890412,2220.0,2220.0,55.5,37.0,11.9,21.549999999999997,1.0,1.0,1.0,1.0,0.8728557353081399,0.9745711470616281
404,Kenya,2016,2174.73,59.65,43.519999999999996,13.86966301369863,17.949690410958905,2234.0,2234.0,55.85,37.23333333333333,11.9,21.549999999999997,0.9734691136974037,1.0,1.0,1.0,0.8329322696500653,0.9612802766694937
404,Kenya,2017,2192.98,58.85,49.080000000000005,13.68842191780822,17.80230410958904,2249.0,2249.0,56.225,37.48333333333333,11.9,21.549999999999997,0.9750911516229436,1.0,1.0,1.0,0.8260929981247817,0.9602368299495451
404,Kenya,2018,2226.59,59.33,49.510000000000005,13.778145205479452,17.978857534246576,2264.0,2264.0,56.6,37.73333333333333,11.9,21.549999999999997,0.9834761484098941,1.0,1.0,1.0,0.834285732447637,0.9635523761715061
404,Kenya,2019,2289.9,60.17,49.07,13.796328767123287,18.696049315068493,2279.0,2279.0,56.975,37.98333333333333,11.9,21.549999999999997,1.0,1.0,1.0,1.0,0.8675660935066587,0.9735132187013317
404,Kenya,2020,2256.43,57.230000000000004,55.18,13.07629589041096,17.689939726027397,2294.0,2294.0,57.35,38.23333333333333,11.9,21.549999999999997,0.9836224934612031,0.9979075850043593,1.0,1.0,0.8208788735975592,0.9604817904126243
404,Kenya,2021,2162.7599999999998,55.76,52.38,12.380523287671233,16.725780821917805,2309.0,2309.0,57.725,38.48333333333333,11.9,21.549999999999997,0.9366652230402771,0.9659592897358164,1.0,1.0,0.7761383212026824,0.9357525667957551
404,Kenya,2022,2137.61,56.56,51.04,12.0191698630137,16.994920547945206,2323.0,2323.0,58.075,38.71666666666667,11.9,21.549999999999997,0.9201937150236763,0.9739130434782609,1.0,1.0,0.788627403616947,0.9365468324237769
404,Kenya,2023,2145.99,55.760000000000005,48.58,12.064394520547946,16.630865753424658,2330.0,2330.0,58.25,38.833333333333336,11.9,21.549999999999997,0.9210257510729613,0.9572532188841203,1.0,1.0,0.771733909671678,0.9300025759257519
408,Democratic People's Republic of Korea,2010,2053.58,59.3,35.21,12.609786301369862,18.251931506849314,2398.0,2398.0,59.95,39.96666666666667,11.9,21.549999999999997,0.856371976647206,0.9891576313594661,0.8809841534612176,1.0,0.8469573785080889,0.9146942279951957
408,Democratic People's Republic of Korea,2011,2063.78,60.41,35.98,12.749487671232878,18.8333698630137,2403.0,2403.0,60.075,40.05,11.9,21.549999999999997,0.8588347898460259,1.0,0.8983770287141074,1.0,0.8739382767059724,0.9262300190532212
408,Democratic People's Republic of Korea,2012,2071.07,60.39,35.86,12.820619178082191,18.79573698630137,2407.0,2407.0,60.175000000000004,40.11666666666667,11.9,21.549999999999997,0.860436227669298,1.0,0.8938928126298297,1.0,0.8721919715221055,0.9253042023642466
408,Democratic People's Republic of Korea,2013,2050.34,58.95,34.43,12.607350684931507,17.894276712328768,2410.0,2410.0,60.25,40.166666666666664,11.9,21.549999999999997,0.8507634854771785,0.9784232365145229,0.8571784232365146,1.0,0.8303608683215207,0.9033452027099473
408,Democratic People's Republic of Korea,2014,2072.0,59.31,34.42,12.731060273972604,17.896095890410958,2412.0,2412.0,60.300000000000004,40.2,11.9,21.549999999999997,0.8590381426202321,0.9835820895522388,0.8562189054726368,1.0,0.8304452849378636,0.9058568845165944
408,Democratic People's Republic of Korea,2015,2043.16,58.65,34.35,12.650498630136987,17.907986301369863,2413.0,2413.0,60.325,40.21666666666667,11.9,21.549999999999997,0.8467302113551596,0.972233733941152,0.8541234977206796,1.0,0.8309970441470935,0.900816897432817
408,Democratic People's Republic of Korea,2016,2027.63,57.99,34.21,12.507416438356165,17.552331506849317,2414.0,2414.0,60.35,40.23333333333333,11.9,21.549999999999997,0.8399461474730738,0.9608947804473902,0.8502899751449877,1.0,0.8144933413851192,0.8931248488901142
408,Democratic People's Republic of Korea,2017,2040.96,58.41,34.04,12.406772602739725,17.41958630136986,2413.0,2413.0,60.325,40.21666666666667,11.9,21.549999999999997,0.8458184832159138,0.9682552838789887,0.8464152507252383,1.0,0.8083334710612465,0.8937644977762774
408,Democratic People's Republic of Korea,2018,1981.0800000000002,56.94,33.81,12.084545205479452,17.06468767123288,2412.0,2412.0,60.300000000000004,40.2,11.9,21.549999999999997,0.8213432835820896,0.9442786069651741,0.841044776119403,1.0,0.7918648571337764,0.8797063047600886
410,Republic of Korea,2010,3330.54,101.7,100.75,20.11971780821918,26.088446575342466,2464.0,2464.0,61.6,41.06666666666666,11.9,21.549999999999997,1.0,1.0,1.0,1.0,1.0,1.0
410,Republic of Korea,2011,3335.27,105.53999999999999,98.05,20.853594520547947,27.18936712328767,2466.0,2466.0,61.650000000000006,41.099999999999994,11.9,21.549999999999997,1.0,1.0,1.0,1.0,1.0,1.0
410,Republic of Korea,2012,3290.0299999999997,103.4,102.34,20.477271232876713,26.840816438356164,2469.0,2469.0,61.725,41.15,11.9,21.549999999999997,1.0,1.0,1.0,1.0,1.0,1.0
410,Republic of Korea,2013,3295.61,103.85,100.93,20.54428493150685,26.579287671232876,2470.0,2470.0,61.75,41.166666666666664,11.9,21.549999999999997,1.0,1.0,1.0,1.0,1.0,1.0
410,Republic of Korea,2014,3328.57,103.6,107.57,20.550383561643837,27.310723287671234,2470.0,2470.0,61.75,41.166666666666664,11.9,21.549999999999997,1.0,1.0,1.0,1.0,1.0,1.0
410,Republic of Korea,2015,3326.0,103.50999999999999,109.13,20.247205479452056,25.975375342465753,2469.0,2469.0,61.725,41.15,11.9,21.549999999999997,1.0,1.0,1.0,1.0,1.0,1.0
410,Republic of Korea,2016,3325.39,104.50999999999999,110.36,20.60406575342466,26.791750684931507,2469.0,2469.0,61.725,41.15,11.9,21.549999999999997,1.0,1.0,1.0,1.0,1.0,1.0
410,Republic of Korea,2017,3377.9700000000003,106.93,113.92,21.311849315068493,27.981904109589042,2469.0,2469.0,61.725,41.15,11.9,21.549999999999997,1.0,1.0,1.0,1.0,1.0,1.0
410,Republic of Korea,2018,3388.46,107.95,116.51,21.330071232876712,27.26908493150685,2469.0,2469.0,61.725,41.15,11.9,21.549999999999997,1.0,1.0,1.0,1.0,1.0,1.0
410,Republic of Korea,2019,3383.9,106.92,120.7,21.350594520547943,27.69488219178082,2470.0,2470.0,61.75,41.166666666666664,11.9,21.549999999999997,1.0,1.0,1.0,1.0,1.0,1.0
410,Republic of Korea,2020,3374.48,106.38,123.15,21.365301369863015,27.653350684931507,2470.0,2470.0,61.75,41.166666666666664,11.9,21.549999999999997,1.0,1.0,1.0,1.0,1.0,1.0
410,Republic of Korea,2021,3409.05,108.2,126.96000000000001,21.778882191780824,28.25178904109589,2471.0,2471.0,61.775000000000006,41.18333333333333,11.9,21.549999999999997,1.0,1.0,1.0,1.0,1.0,1.0
410,Republic of Korea,2022,3428.9500000000003,109.25999999999999,125.65,21.7658,27.981112328767125,2472.0,2472.0,61.800000000000004,41.2,11.9,21.549999999999997,1.0,1.0,1.0,1.0,1.0,1.0
410,Republic of Korea,2023,3430.35,110.62,126.32,21.92504383561644,28.44010410958904,2474.0,2474.0,61.85,41.23333333333333,11.9,21.549999999999997,1.0,1.0,1.0,1.0,1.0,1.0
414,Kuwait,2010,3548.14,120.32,119.64,24.24556712328767,29.375945205479454,2458.0,2458.0,61.45,40.96666666666667,11.9,21.549999999999997,1.0,1.0,1.0,1.0,1.0,1.0
414,Kuwait,2011,3584.66,116.68,118.16,24.067084931506848,29.80202191780822,2461.0,2461.0,61.525000000000006,41.016666666666666,11.9,21.549999999999997,1.0,1.0,1.0,1.0,1.0,1.0
414,Kuwait,2012,3551.6,111.46000000000001,111.41,23.567120547945205,29.224969863013698,2462.0,2462.0,61.550000000000004,41.03333333333333,11.9,21.549999999999997,1.0,1.0,1.0,1.0,1.0,1.0
414,Kuwait,2013,3589.58,115.85,113.08,26.131416438356162,33.17632054794521,2461.0,2461.0,61.525000000000006,41.016666666666666,11.9,21.549999999999997,1.0,1.0,1.0,1.0,1.0,1.0
414,Kuwait,2014,3545.51,112.33,106.45,25.226728767123287,31.614383561643834,2461.0,2461.0,61.525000000000006,41.016666666666666,11.9,21.549999999999997,1.0,1.0,1.0,1.0,1.0,1.0
414,Kuwait,2015,3542.37,111.74000000000001,108.6,25.67430410958904,30.658838356164384,2465.0,2465.0,61.625,41.083333333333336,11.9,21.549999999999997,1.0,1.0,1.0,1.0,1.0,1.0
414,Kuwait,2016,3447.7799999999997,108.44,104.87,24.386336986301373,29.782095890410957,2471.0,2471.0,61.775000000000006,41.18333333333333,11.9,21.549999999999997,1.0,1.0,1.0,1.0,1.0,1.0
414,Kuwait,2017,3413.71,107.97,104.53,24.496013698630136,29.578794520547945,2479.0,2479.0,61.975,41.31666666666666,11.9,21.549999999999997,1.0,1.0,1.0,1.0,1.0,1.0
414,Kuwait,2018,3417.36,106.07,114.59,24.436487671232875,29.43336712328767,2486.0,2486.0,62.150000000000006,41.43333333333333,11.9,21.549999999999997,1.0,1.0,1.0,1.0,1.0,1.0
414,Kuwait,2019,3460.62,111.31,110.09,26.04075890410959,32.17262739726027,2488.0,2488.0,62.2,41.46666666666667,11.9,21.549999999999997,1.0,1.0,1.0,1.0,1.0,1.0
414,Kuwait,2020,3444.92,112.36,105.41,25.470986301369862,30.986197260273972,2486.0,2486.0,62.150000000000006,41.43333333333333,11.9,21.549999999999997,1.0,1.0,1.0,1.0,1.0,1.0
414,Kuwait,2021,3409.33,108.11,119.78,24.17767671232877,29.52900821917808,2502.0,2502.0,62.550000000000004,41.7,11.9,21.549999999999997,1.0,1.0,1.0,1.0,1.0,1.0
414,Kuwait,2022,3199.96,100.35,112.52,22.80207671232877,28.047778082191783,2526.0,2526.0,63.150000000000006,42.099999999999994,11.9,21.549999999999997,1.0,1.0,1.0,1.0,1.0,1.0
414,Kuwait,2023,3135.5699999999997,95.51,108.73,21.675106849315068,26.45857808219178,2533.0,2533.0,63.325,42.21666666666667,11.9,21.549999999999997,1.0,1.0,1.0,1.0,1.0,1.0
417,Kyrgyzstan,2010,2670.93,87.42,70.52,21.535849315068493,24.6966602739726,2374.0,2374.0,59.35,39.56666666666666,11.9,21.549999999999997,1.0,1.0,1.0,1.0,1.0,1.0
417,Kyrgyzstan,2011,2693.54,87.31,69.19,21.81276712328767,24.962487671232875,2366.0,2366.0,59.150000000000006,39.43333333333333,11.9,21.549999999999997,1.0,1.0,1.0,1.0,1.0,1.0
417,Kyrgyzstan,2012,2706.12,88.69999999999999,68.98,22.179446575342464,25.57985205479452,2358.0,2358.0,58.95,39.3,11.9,21.549999999999997,1.0,1.0,1.0,1.0,1.0,1.0
417,Kyrgyzstan,2013,2696.5099999999998,86.7,69.52,21.871578082191782,25.17964383561644,2349.0,2349.0,58.725,39.15,11.9,21.549999999999997,1.0,1.0,1.0,1.0,1.0,1.0
417,Kyrgyzstan,2014,2679.02,87.3,69.67,20.627265753424656,24.157024657534247,2342.0,2342.0,58.550000000000004,39.03333333333333,11.9,21.549999999999997,1.0,1.0,1.0,1.0,1.0,1.0
417,Kyrgyzstan,2015,2683.52,85.86,69.73,20.429150684931507,24.002120547945207,2336.0,2336.0,58.400000000000006,38.93333333333333,11.9,21.549999999999997,1.0,1.0,1.0,1.0,1.0,1.0
417,Kyrgyzstan,2016,2638.83,85.38,69.24000000000001,20.232690410958906,23.90909589041096,2333.0,2333.0,58.325,38.88333333333333,11.9,21.549999999999997,1.0,1.0,1.0,1.0,1.0,1.0
417,Kyrgyzstan,2017,2685.92,85.25999999999999,69.65,20.7693397260274,24.655693150684932,2333.0,2333.0,58.325,38.88333333333333,11.9,21.549999999999997,1.0,1.0,1.0,1.0,1.0,1.0
417,Kyrgyzstan,2018,2714.02,87.84,73.62,20.87746575342466,24.679983561643834,2333.0,2333.0,58.325,38.88333333333333,11.9,21.549999999999997,1.0,1.0,1.0,1.0,1.0,1.0
417,Kyrgyzstan,2019,2690.34,85.96000000000001,76.74000000000001,20.58619178082192,24.174430136986302,2329.0,2329.0,58.225,38.81666666666666,11.9,21.549999999999997,1.0,1.0,1.0,1.0,1.0,1.0
417,Kyrgyzstan,2020,2635.07,86.83,72.11,20.43878904109589,24.046087671232875,2327.0,2327.0,58.175000000000004,38.78333333333333,11.9,21.549999999999997,1.0,1.0,1.0,1.0,1.0,1.0
417,Kyrgyzstan,2021,2595.63,87.97,76.57,19.951386301369862,23.71104109589041,2328.0,2328.0,58.2,38.8,11.9,21.549999999999997,1.0,1.0,1.0,1.0,1.0,1.0
417,Kyrgyzstan,2022,2720.63,93.78,79.88,21.695298630136985,25.439079452054795,2333.0,2333.0,58.325,38.88333333333333,11.9,21.549999999999997,1.0,1.0,1.0,1.0,1.0,1.0
417,Kyrgyzstan,2023,2763.22,92.84,83.61,20.84598082191781,24.742764383561642,2339.0,2339.0,58.475,38.98333333333333,11.9,21.549999999999997,1.0,1.0,1.0,1.0,1.0,1.0
418,Lao People's Democratic Republic,2010,2887.04,69.95,33.62,16.420695890410958,17.69783287671233,2312.0,2312.0,57.800000000000004,38.53333333333333,11.9,21.549999999999997,1.0,1.0,0.8724913494809688,1.0,0.8212451450910595,0.9387472989144057
418,Lao People's Democratic Republic,2011,2971.8,73.59,34.46,17.19395616438356,19.05659726027397,2318.0,2318.0,57.95,38.63333333333333,11.9,21.549999999999997,1.0,1.0,0.8919758412424504,1.0,0.8842968566252424,0.9552545395735386
418,Lao People's Democratic Republic,2012,2998.0099999999998,71.12,34.67,16.793589041095892,17.902158904109587,2324.0,2324.0,58.1,38.73333333333333,11.9,21.549999999999997,1.0,1.0,0.895094664371773,1.0,0.8307266312811874,0.9451642591305921
418,Lao People's Democratic Republic,2013,3067.81,74.71,34.97,17.690775342465752,19.4742301369863,2329.0,2329.0,58.225,38.81666666666666,11.9,21.549999999999997,1.0,1.0,0.9009016745384286,1.0,0.903676572481963,0.9609156494040784
418,Lao People's Democratic Republic,2014,3115.8,81.03999999999999,39.36,18.410723287671235,21.138356164383563,2333.0,2333.0,58.325,38.88333333333333,11.9,21.549999999999997,1.0,1.0,1.0,1.0,0.9808981978832281,0.9961796395766456
418,Lao People's Democratic Republic,2015,3176.5,81.43,39.8,18.408871232876713,21.674109589041095,2337.0,2337.0,58.425000000000004,38.95,11.9,21.549999999999997,1.0,1.0,1.0,1.0,1.0,1.0
418,Lao People's Democratic Republic,2016,3148.79,81.34,40.8,18.2754602739726,21.26538082191781,2339.0,2339.0,58.475,38.98333333333333,11.9,21.549999999999997,1.0,1.0,1.0,1.0,0.9867926135460702,0.9973585227092141
418,Lao People's Democratic Republic,2017,3118.33,78.63,39.56,17.778553424657535,19.90242191780822,2342.0,2342.0,58.550000000000004,39.03333333333333,11.9,21.549999999999997,1.0,1.0,1.0,1.0,0.9235462606871565,0.9847092521374312
418,Lao People's Democratic Republic,2018,3142.88,78.79,38.79,17.762575342465755,19.881931506849316,2344.0,2344.0,58.6,39.06666666666666,11.9,21.549999999999997,1.0,1.0,0.9929180887372014,1.0,0.9225954295521726,0.9831027036578748
418,Lao People's Democratic Republic,2019,3168.02,78.47,42.89,17.886572602739726,19.620008219178082,2347.0,2347.0,58.675000000000004,39.11666666666667,11.9,21.549999999999997,1.0,1.0,1.0,1.0,0.9104412166671965,0.9820882433334394
418,Lao People's Democratic Republic,2020,3155.63,79.53,43.36,17.81890684931507,19.893564383561642,2350.0,2350.0,58.75,39.166666666666664,11.9,21.549999999999997,1.0,1.0,1.0,1.0,0.9231352382163176,0.9846270476432636
418,Lao People's Democratic Republic,2021,3123.61,81.17,42.7,17.625482191780822,19.527460273972604,2353.0,2353.0,58.825,39.21666666666667,11.9,21.549999999999997,1.0,1.0,1.0,1.0,0.9061466484442045,0.9812293296888409
418,Lao People's Democratic Republic,2022,3166.94,80.87,42.61,17.838504109589042,19.669712328767123,2356.0,2356.0,58.900000000000006,39.266666666666666,11.9,21.549999999999997,1.0,1.0,1.0,1.0,0.9127476718685441,0.9825495343737088
418,Lao People's Democratic Republic,2023,3188.12,81.65,42.1,17.990542465753425,19.950876712328768,2360.0,2360.0,59.0,39.333333333333336,11.9,21.549999999999997,1.0,1.0,1.0,1.0,0.9257947430314974,0.9851589486062995
422,Lebanon,2010,3062.18,82.87,113.58,20.4144,26.30304109589041,2401.0,2401.0,60.025000000000006,40.016666666666666,11.9,21.549999999999997,1.0,1.0,1.0,1.0,1.0,1.0
422,Lebanon,2011,3014.54,82.67,107.03999999999999,19.86957808219178,25.331528767123288,2402.0,2402.0,60.050000000000004,40.03333333333333,11.9,21.549999999999997,1.0,1.0,1.0,1.0,1.0,1.0
422,Lebanon,2012,3016.41,82.51,106.5,20.197561643835613,25.64905479452055,2402.0,2402.0,60.050000000000004,40.03333333333333,11.9,21.549999999999997,1.0,1.0,1.0,1.0,1.0,1.0
422,Lebanon,2013,2967.5299999999997,80.53,105.15,19.57955616438356,24.919252054794523,2401.0,2401.0,60.025000000000006,40.016666666666666,11.9,21.549999999999997,1.0,1.0,1.0,1.0,1.0,1.0
422,Lebanon,2014,2932.4700000000003,80.41,98.31,19.45802465753425,24.521545205479452,2400.0,2400.0,60.0,40.0,11.9,21.549999999999997,1.0,1.0,1.0,1.0,1.0,1.0
422,Lebanon,2015,2890.63,78.27,95.3,18.984901369863014,23.92730684931507,2394.0,2394.0,59.85,39.9,11.9,21.549999999999997,1.0,1.0,1.0,1.0,1.0,1.0
422,Lebanon,2016,2899.11,78.22,97.5,19.088630136986303,24.51288219178082,2382.0,2382.0,59.550000000000004,39.7,11.9,21.549999999999997,1.0,1.0,1.0,1.0,1.0,1.0
422,Lebanon,2017,2901.64,81.09,96.12,19.516216438356164,24.7989698630137,2372.0,2372.0,59.300000000000004,39.53333333333333,11.9,21.549999999999997,1.0,1.0,1.0,1.0,1.0,1.0
422,Lebanon,2018,2908.05,82.53999999999999,101.87,19.95987123287671,24.902394520547944,2365.0,2365.0,59.125,39.416666666666664,11.9,21.549999999999997,1.0,1.0,1.0,1.0,1.0,1.0
422,Lebanon,2019,2882.28,81.17,98.43,19.754405479452053,24.679509589041096,2360.0,2360.0,59.0,39.333333333333336,11.9,21.549999999999997,1.0,1.0,1.0,1.0,1.0,1.0
422,Lebanon,2020,2870.18,78.50999999999999,94.03999999999999,18.78494794520548,24.351904109589043,2361.0,2361.0,59.025000000000006,39.349999999999994,11.9,21.549999999999997,1.0,1.0,1.0,1.0,1.0,1.0
422,Lebanon,2021,2843.08,80.53,90.38,18.633350684931507,24.864534246575342,2366.0,2366.0,59.150000000000006,39.43333333333333,11.9,21.549999999999997,1.0,1.0,1.0,1.0,1.0,1.0
422,Lebanon,2022,2831.82,78.84,91.18,18.849175342465752,24.58198082191781,2372.0,2372.0,59.300000000000004,39.53333333333333,11.9,21.549999999999997,1.0,1.0,1.0,1.0,1.0,1.0
422,Lebanon,2023,2827.65,79.55,89.87,18.65700821917808,23.879479452054795,2377.0,2377.0,59.425000000000004,39.61666666666667,11.9,21.549999999999997,1.0,1.0,1.0,1.0,1.0,1.0
426,Lesotho,2010,2530.77,66.05,30.79,17.182898630136986,22.17871506849315,2264.0,2264.0,56.6,37.73333333333333,11.9,21.549999999999997,1.0,1.0,0.8159893992932863,1.0,1.0,0.9631978798586573
426,Lesotho,2011,2541.11,67.07,33.22,17.256186301369862,21.833854794520544,2265.0,2265.0,56.625,37.75,11.9,21.549999999999997,1.0,1.0,0.88,1.0,1.0,0.976
426,Lesotho,2012,2493.46,66.97,33.21,17.28928493150685,21.655873972602738,2266.0,2266.0,56.650000000000006,37.766666666666666,11.9,21.549999999999997,1.0,1.0,0.8793468667255075,1.0,1.0,0.9758693733451015
426,Lesotho,2013,2336.95,61.69,32.27,15.554194520547943,19.33246849315068,2267.0,2267.0,56.675000000000004,37.78333333333333,11.9,21.549999999999997,1.0,1.0,0.854080282311425,1.0,0.8970983059466675,0.9502357176516185
426,Lesotho,2014,2208.21,59.17,49.35,14.369432876712327,17.43316712328767,2268.0,2268.0,56.7,37.8,11.9,21.549999999999997,0.9736375661375661,1.0,1.0,1.0,0.8089636716142772,0.9565202475503687
426,Lesotho,2015,2085.27,56.129999999999995,45.97,13.228301369863013,16.0072301369863,2268.0,2268.0,56.7,37.8,11.9,21.549999999999997,0.9194312169312169,0.9899470899470898,1.0,1.0,0.7427949019483203,0.9304346417653253
426,Lesotho,2016,2096.05,56.64,42.2,13.846090410958904,16.839887671232876,2268.0,2268.0,56.7,37.8,11.9,21.549999999999997,0.9241843033509701,0.9989417989417989,1.0,1.0,0.7814333026094143,0.9409118809804367
426,Lesotho,2017,2167.4900000000002,60.21,44.52,13.775832876712329,17.767572602739726,2270.0,2270.0,56.75,37.833333333333336,11.9,21.549999999999997,0.95484140969163,1.0,1.0,1.0,0.8244813272733053,0.955864547392987
426,Lesotho,2018,2192.56,57.26,47.45,13.501701369863012,16.744,2272.0,2272.0,56.800000000000004,37.86666666666667,11.9,21.549999999999997,0.9650352112676056,1.0,1.0,1.0,0.7769837587006961,0.9484037939936604
426,Lesotho,2019,1993.76,51.81,40.45,12.619073972602738,15.836947945205479,2275.0,2275.0,56.875,37.916666666666664,11.9,21.549999999999997,0.876378021978022,0.910945054945055,1.0,1.0,0.7348931761116232,0.90444325060694
426,Lesotho,2020,1810.48,51.09,35.5,12.303895890410958,15.846665753424658,2280.0,2280.0,57.0,38.0,11.9,21.549999999999997,0.7940701754385965,0.8963157894736843,0.9342105263157895,1.0,0.7353441184883833,0.8719881219432907
426,Lesotho,2021,1812.34,49.24,36.1,11.559657534246575,14.724997260273973,2285.0,2285.0,57.125,38.083333333333336,11.9,21.549999999999997,0.7931466083150984,0.8619693654266959,0.9479212253829321,0.9713997927938298,0.6832945364396276,0.8515463056716367
426,Lesotho,2022,1814.43,48.4,36.82,11.425906849315068,14.430375342465753,2291.0,2291.0,57.275000000000006,38.18333333333333,11.9,21.549999999999997,0.7919816673941511,0.8450458315146223,0.9642950676560454,0.9601602394382409,0.6696229857292694,0.8462211583464658
426,Lesotho,2023,1872.7,50.56,42.04,11.903405479452056,14.757041095890411,2297.0,2297.0,57.425000000000004,38.28333333333333,11.9,21.549999999999997,0.8152808010448411,0.8804527644754027,1.0,1.0,0.6847814893684646,0.8761030109777417
428,Latvia,2010,3148.4,105.37,122.46,20.077013698630136,24.451131506849315,2478.0,2478.0,61.95,41.3,11.9,21.549999999999997,1.0,1.0,1.0,1.0,1.0,1.0
428,Latvia,2011,3191.07,106.22,123.12,20.429438356164383,24.667117808219178,2476.0,2476.0,61.900000000000006,41.266666666666666,11.9,21.549999999999997,1.0,1.0,1.0,1.0,1.0,1.0
428,Latvia,2012,3170.31,102.5,121.68,20.457731506849314,24.888068493150683,2474.0,2474.0,61.85,41.23333333333333,11.9,21.549999999999997,1.0,1.0,1.0,1.0,1.0,1.0
428,Latvia,2013,3256.76,101.97,124.59,20.846761643835617,25.692134246575343,2471.0,2471.0,61.775000000000006,41.18333333333333,11.9,21.549999999999997,1.0,1.0,1.0,1.0,1.0,1.0
428,Latvia,2014,3232.77,104.54,124.13,21.273405479452055,25.98121369863014,2467.0,2467.0,61.675000000000004,41.11666666666667,11.9,21.549999999999997,1.0,1.0,1.0,1.0,1.0,1.0
428,Latvia,2015,3212.12,105.41000000000001,126.46,21.231380821917806,25.577616438356163,2462.0,2462.0,61.550000000000004,41.03333333333333,11.9,21.549999999999997,1.0,1.0,1.0,1.0,1.0,1.0
428,Latvia,2016,3222.06,109.23,124.8,21.773224657534247,26.204750684931508,2457.0,2457.0,61.425000000000004,40.95,11.9,21.549999999999997,1.0,1.0,1.0,1.0,1.0,1.0
428,Latvia,2017,3227.6,108.29,129.21,21.325553424657535,25.566101369863013,2453.0,2453.0,61.325,40.88333333333333,11.9,21.549999999999997,1.0,1.0,1.0,1.0,1.0,1.0
428,Latvia,2018,3261.54,105.7,130.59,20.87875890410959,24.827326027397262,2450.0,2450.0,61.25,40.833333333333336,11.9,21.549999999999997,1.0,1.0,1.0,1.0,1.0,1.0
428,Latvia,2019,3269.66,108.61,135.55,20.77053424657534,24.429553424657534,2450.0,2450.0,61.25,40.833333333333336,11.9,21.549999999999997,1.0,1.0,1.0,1.0,1.0,1.0
428,Latvia,2020,3235.08,105.48,145.58,19.91158082191781,23.646216438356163,2449.0,2449.0,61.225,40.81666666666666,11.9,21.549999999999997,1.0,1.0,1.0,1.0,1.0,1.0
428,Latvia,2021,3253.58,105.51,147.52,19.94311506849315,23.132035616438355,2450.0,2450.0,61.25,40.833333333333336,11.9,21.549999999999997,1.0,1.0,1.0,1.0,1.0,1.0
428,Latvia,2022,3282.44,105.87,147.07,21.259523287671232,23.966309589041096,2451.0,2451.0,61.275000000000006,40.849999999999994,11.9,21.549999999999997,1.0,1.0,1.0,1.0,1.0,1.0
428,Latvia,2023,3342.19,110.81,151.43,22.227024657534248,25.051364383561644,2454.0,2454.0,61.35,40.9,11.9,21.549999999999997,1.0,1.0,1.0,1.0,1.0,1.0
430,Liberia,2010,2112.63,37.9,56.68,7.828038356164384,7.753909589041096,2175.0,2175.0,54.375,36.25,11.9,21.549999999999997,0.9713241379310346,0.6970114942528736,1.0,0.6578183492575113,0.35981018974668666,0.7371928342376213
430,Liberia,2011,2095.71,39.74,54.81,8.133769863013699,8.055690410958904,2182.0,2182.0,54.550000000000004,36.36666666666667,11.9,21.549999999999997,0.9604537121906508,0.7285059578368469,1.0,0.6835100725221596,0.3738139401837079,0.749256736546673
430,Liberia,2012,2101.74,38.76,61.519999999999996,7.838304109589042,7.783915068493151,2189.0,2189.0,54.725,36.48333333333333,11.9,21.549999999999997,0.9601370488807673,0.7082686158063042,1.0,0.6586810176125245,0.36120255538251284,0.7376578475364217
430,Liberia,2013,2074.31,39.459999999999994,56.62,8.03066301369863,7.992326027397261,2190.0,2190.0,54.75,36.5,11.9,21.549999999999997,0.9471735159817352,0.7207305936073058,1.0,0.6748456314032463,0.37087359755903765,0.742724667710265
430,Liberia,2014,2110.36,42.08,58.21000000000001,8.530808219178082,8.451876712328767,2191.0,2191.0,54.775000000000006,36.516666666666666,11.9,21.549999999999997,0.9631948881789137,0.7682336832496576,1.0,0.7168746402670657,0.39219845532848113,0.7681003334048236
430,Liberia,2015,2097.53,41.769999999999996,58.46,8.228816438356164,8.155646575342466,2194.0,2194.0,54.85,36.56666666666666,11.9,21.549999999999997,0.9560300820419326,0.7615314494074749,1.0,0.6914971796937953,0.37845227727807274,0.7575021976842551
430,Liberia,2016,2133.03,43.730000000000004,55.96,9.071482191780822,9.203654794520547,2197.0,2197.0,54.925000000000004,36.61666666666667,11.9,21.549999999999997,0.9708830223031407,0.7961766044606281,1.0,0.7623094278807413,0.4270837491656867,0.7912905607620393
430,Liberia,2017,2153.5,44.92,54.16,9.314380821917808,9.272778082191781,2200.0,2200.0,55.0,36.666666666666664,11.9,21.549999999999997,0.9788636363636364,0.8167272727272727,1.0,0.7827210774720847,0.43029132631980427,0.8017206625765596
430,Liberia,2018,2118.28,43.28,51.39,8.911682191780823,8.874520547945206,2204.0,2204.0,55.1,36.73333333333333,11.9,21.549999999999997,0.9611070780399275,0.785480943738657,1.0,0.74888085645217,0.4118106982805201,0.7814559153022549
430,Liberia,2019,2105.43,43.64,45.45,9.177095890410959,8.968649315068493,2209.0,2209.0,55.225,36.81666666666666,11.9,21.549999999999997,0.9531145314622,0.7902218198279765,1.0,0.7711845286059629,0.41617862250897886,0.7861399004810237
430,Liberia,2020,2084.2000000000003,45.330000000000005,36.26,9.315846575342466,9.114317808219178,2214.0,2214.0,55.35,36.9,11.9,21.549999999999997,0.9413730803974708,0.8189701897018971,0.9826558265582656,0.7828442500287787,0.4229381813558784,0.7897563056084581
430,Liberia,2021,2074.36,45.68,38.980000000000004,9.309657534246575,9.17545205479452,2220.0,2220.0,55.5,37.0,11.9,21.549999999999997,0.9343963963963965,0.8230630630630631,1.0,0.782324162541729,0.42577503734545347,0.7931117318693285
430,Liberia,2022,2105.69,45.48,41.75,10.127197260273972,10.121471232876713,2226.0,2226.0,55.650000000000006,37.099999999999994,11.9,21.549999999999997,0.945952380952381,0.8172506738544473,1.0,0.8510249798549556,0.46967383911260857,0.8167803747548785
430,Liberia,2023,2135.15,45.019999999999996,44.199999999999996,11.785128767123288,11.505493150684933,2231.0,2231.0,55.775000000000006,37.18333333333333,11.9,21.549999999999997,0.9570372030479606,0.8071716718960106,1.0,0.9903469552204444,0.5338975939993009,0.8576906848327432
432,Land Locked Developing Countries (LLDCs),2010,2418.45,71.62,54.24,16.273991780821916,21.515345205479452,2210.0,2210.0,55.25,36.833333333333336,11.9,21.549999999999997,1.0,1.0,1.0,1.0,0.9983918888853576,0.9996783777770716
432,Land Locked Developing Countries (LLDCs),2011,2429.24,71.83,54.78,16.28874794520548,21.53307123287671,2213.0,2213.0,55.325,36.88333333333333,11.9,21.549999999999997,1.0,1.0,1.0,1.0,0.9992144423608684,0.9998428884721736
432,Land Locked Developing Countries (LLDCs),2012,2451.87,72.46,54.81,16.396375342465753,21.721827397260274,2216.0,2216.0,55.400000000000006,36.93333333333333,11.9,21.549999999999997,1.0,1.0,1.0,1.0,1.0,1.0
432,Land Locked Developing Countries (LLDCs),2013,2472.48,73.24,54.89,16.575260273972603,22.036339726027396,2218.0,2218.0,55.45,36.96666666666667,11.9,21.549999999999997,1.0,1.0,1.0,1.0,1.0,1.0
432,Land Locked Developing Countries (LLDCs),2014,2500.26,73.57000000000001,56.28,16.559706849315067,21.928616438356165,2221.0,2221.0,55.525000000000006,37.016666666666666,11.9,21.549999999999997,1.0,1.0,1.0,1.0,1.0,1.0
432,Land Locked Developing Countries (LLDCs),2015,2523.18,74.41,57.21,16.670895890410957,22.186131506849314,2224.0,2224.0,55.6,37.06666666666666,11.9,21.549999999999997,1.0,1.0,1.0,1.0,1.0,1.0
432,Land Locked Developing Countries (LLDCs),2016,2518.7400000000002,74.53,56.86,16.74543835616438,22.25158082191781,2227.0,2227.0,55.675000000000004,37.11666666666667,11.9,21.549999999999997,1.0,1.0,1.0,1.0,1.0,1.0
432,Land Locked Developing Countries (LLDCs),2017,2551.89,75.14,57.77,16.862287671232878,22.440961643835617,2230.0,2230.0,55.75,37.166666666666664,11.9,21.549999999999997,1.0,1.0,1.0,1.0,1.0,1.0
432,Land Locked Developing Countries (LLDCs),2018,2576.41,75.23,58.16,16.915509589041097,22.486602739726024,2233.0,2233.0,55.825,37.21666666666667,11.9,21.549999999999997,1.0,1.0,1.0,1.0,1.0,1.0
432,Land Locked Developing Countries (LLDCs),2019,2540.04,75.44,57.43,16.886679452054796,22.43527397260274,2237.0,2237.0,55.925000000000004,37.28333333333333,11.9,21.549999999999997,1.0,1.0,1.0,1.0,1.0,1.0
432,Land Locked Developing Countries (LLDCs),2020,2593.37,77.1,60.21,17.11933424657534,22.94481917808219,2240.0,2240.0,56.0,37.333333333333336,11.9,21.549999999999997,1.0,1.0,1.0,1.0,1.0,1.0
432,Land Locked Developing Countries (LLDCs),2021,2590.2400000000002,76.19,60.88,16.916802739726027,22.48371506849315,2243.0,2243.0,56.075,37.38333333333333,11.9,21.549999999999997,1.0,1.0,1.0,1.0,1.0,1.0
432,Land Locked Developing Countries (LLDCs),2022,2621.27,77.48,61.769999999999996,17.128120547945205,22.81397808219178,2247.0,2247.0,56.175000000000004,37.45,11.9,21.549999999999997,1.0,1.0,1.0,1.0,1.0,1.0
432,Land Locked Developing Countries (LLDCs),2023,2610.65,77.63,61.21,17.175591780821918,22.924416438356165,2250.0,2250.0,56.25,37.5,11.9,21.549999999999997,1.0,1.0,1.0,1.0,1.0,1.0
434,Libya,2010,3084.0,85.21000000000001,99.28999999999999,20.67292602739726,28.0718,2373.0,2373.0,59.325,39.55,11.9,21.549999999999997,1.0,1.0,1.0,1.0,1.0,1.0
434,Libya,2011,2990.99,83.16999999999999,99.78,19.87981095890411,27.01257534246575,2362.0,2362.0,59.050000000000004,39.36666666666667,11.9,21.549999999999997,1.0,1.0,1.0,1.0,1.0,1.0
434,Libya,2012,2958.08,86.35,97.23,20.66294794520548,28.111534246575342,2352.0,2352.0,58.800000000000004,39.2,11.9,21.549999999999997,1.0,1.0,1.0,1.0,1.0,1.0
434,Libya,2013,2981.06,87.5,94.59,21.51585205479452,28.983394520547947,2355.0,2355.0,58.875,39.25,11.9,21.549999999999997,1.0,1.0,1.0,1.0,1.0,1.0
434,Libya,2014,2934.6099999999997,91.23,87.82,21.510983561643833,28.861416438356166,2357.0,2357.0,58.925000000000004,39.28333333333333,11.9,21.549999999999997,1.0,1.0,1.0,1.0,1.0,1.0
434,Libya,2015,2960.99,91.32,93.15,21.309720547945204,28.81528493150685,2359.0,2359.0,58.975,39.31666666666666,11.9,21.549999999999997,1.0,1.0,1.0,1.0,1.0,1.0
434,Libya,2016,2962.6,88.3,100.35,20.0480301369863,27.283309589041096,2362.0,2362.0,59.050000000000004,39.36666666666667,11.9,21.549999999999997,1.0,1.0,1.0,1.0,1.0,1.0
434,Libya,2017,2957.42,84.02,104.5,18.772945205479452,26.160391780821918,2366.0,2366.0,59.150000000000006,39.43333333333333,11.9,21.549999999999997,1.0,1.0,1.0,1.0,1.0,1.0
434,Libya,2018,2966.14,90.82,98.14,20.236841095890412,27.502416438356164,2371.0,2371.0,59.275000000000006,39.516666666666666,11.9,21.549999999999997,1.0,1.0,1.0,1.0,1.0,1.0
434,Libya,2019,2997.86,84.57,105.53999999999999,19.824594520547947,27.394961643835614,2376.0,2376.0,59.400000000000006,39.599999999999994,11.9,21.549999999999997,1.0,1.0,1.0,1.0,1.0,1.0
434,Libya,2020,2951.86,87.49000000000001,102.0,19.60306301369863,26.21315068493151,2382.0,2382.0,59.550000000000004,39.7,11.9,21.549999999999997,1.0,1.0,1.0,1.0,1.0,1.0
434,Libya,2021,2998.83,94.87,102.83,21.785649315068493,28.730375342465756,2387.0,2387.0,59.675000000000004,39.78333333333333,11.9,21.549999999999997,1.0,1.0,1.0,1.0,1.0,1.0
434,Libya,2022,2936.24,87.13,111.29,19.91774520547945,27.42748493150685,2393.0,2393.0,59.825,39.88333333333333,11.9,21.549999999999997,1.0,1.0,1.0,1.0,1.0,1.0
434,Libya,2023,2867.17,86.46,111.01,20.023720547945203,27.004693150684933,2399.0,2399.0,59.975,39.98333333333333,11.9,21.549999999999997,1.0,1.0,1.0,1.0,1.0,1.0
440,Lithuania,2010,3229.89,114.23,102.11,19.97032602739726,23.847901369863013,2486.0,2486.0,62.150000000000006,41.43333333333333,11.9,21.549999999999997,1.0,1.0,1.0,1.0,1.0,1.0
440,Lithuania,2011,3344.33,114.81,104.15,20.289312328767124,25.007328767123287,2483.0,2483.0,62.075,41.38333333333333,11.9,21.549999999999997,1.0,1.0,1.0,1.0,1.0,1.0
440,Lithuania,2012,3326.15,115.24,97.99,20.07973698630137,24.980065753424658,2480.0,2480.0,62.0,41.333333333333336,11.9,21.549999999999997,1.0,1.0,1.0,1.0,1.0,1.0
440,Lithuania,2013,3385.69,119.14,98.93,20.92310684931507,25.54947397260274,2478.0,2478.0,61.95,41.3,11.9,21.549999999999997,1.0,1.0,1.0,1.0,1.0,1.0
440,Lithuania,2014,3401.14,121.16,100.63,21.18868767123288,25.477076712328767,2476.0,2476.0,61.900000000000006,41.266666666666666,11.9,21.549999999999997,1.0,1.0,1.0,1.0,1.0,1.0
440,Lithuania,2015,3381.41,122.32,102.37,20.931471232876714,25.27338904109589,2473.0,2473.0,61.825,41.21666666666667,11.9,21.549999999999997,1.0,1.0,1.0,1.0,1.0,1.0
440,Lithuania,2016,3395.96,125.62,102.1,21.34,25.907243835616438,2468.0,2468.0,61.7,41.13333333333333,11.9,21.549999999999997,1.0,1.0,1.0,1.0,1.0,1.0
440,Lithuania,2017,3411.82,126.71,105.72,21.4754904109589,25.930117808219176,2464.0,2464.0,61.6,41.06666666666666,11.9,21.549999999999997,1.0,1.0,1.0,1.0,1.0,1.0
440,Lithuania,2018,3364.36,122.77,106.37,21.343868493150683,25.602605479452052,2462.0,2462.0,61.550000000000004,41.03333333333333,11.9,21.549999999999997,1.0,1.0,1.0,1.0,1.0,1.0
440,Lithuania,2019,3359.2799999999997,126.82000000000001,118.88,21.220224657534246,23.524150684931506,2462.0,2462.0,61.550000000000004,41.03333333333333,11.9,21.549999999999997,1.0,1.0,1.0,1.0,1.0,1.0
440,Lithuania,2020,3363.79,126.94,121.22,20.979920547945206,23.047213698630138,2463.0,2463.0,61.575,41.05,11.9,21.549999999999997,1.0,1.0,1.0,1.0,1.0,1.0
440,Lithuania,2021,3366.23,126.97,124.24000000000001,21.293427397260274,23.021783561643836,2466.0,2466.0,61.650000000000006,41.099999999999994,11.9,21.549999999999997,1.0,1.0,1.0,1.0,1.0,1.0
440,Lithuania,2022,3359.86,127.06,128.01,20.92485205479452,22.332123287671234,2469.0,2469.0,61.725,41.15,11.9,21.549999999999997,1.0,1.0,1.0,1.0,1.0,1.0
440,Lithuania,2023,3347.5,123.75,128.0,20.39109589041096,21.91504109589041,2474.0,2474.0,61.85,41.23333333333333,11.9,21.549999999999997,1.0,1.0,1.0,1.0,1.0,1.0
442,Luxembourg,2010,3454.94,113.2,134.74,24.43148219178082,29.40735890410959,2558.0,2558.0,63.95,42.63333333333333,11.9,21.549999999999997,1.0,1.0,1.0,1.0,1.0,1.0
442,Luxembourg,2011,3443.71,116.69,131.42000000000002,24.759950684931507,30.227441095890413,2562.0,2562.0,64.05,42.7,11.9,21.549999999999997,1.0,1.0,1.0,1.0,1.0,1.0
442,Luxembourg,2012,3417.2400000000002,117.18,131.8,24.910739726027398,29.565454794520548,2565.0,2565.0,64.125,42.75,11.9,21.549999999999997,1.0,1.0,1.0,1.0,1.0,1.0
442,Luxembourg,2013,3416.95,116.21,133.11,24.704890410958903,29.32811506849315,2566.0,2566.0,64.15,42.766666666666666,11.9,21.549999999999997,1.0,1.0,1.0,1.0,1.0,1.0
442,Luxembourg,2014,3414.26,115.32,129.02,25.505350684931507,30.159057534246575,2567.0,2567.0,64.175,42.78333333333333,11.9,21.549999999999997,1.0,1.0,1.0,1.0,1.0,1.0
442,Luxembourg,2015,3377.25,114.42,131.13,24.18618082191781,28.437128767123287,2569.0,2569.0,64.22500000000001,42.81666666666666,11.9,21.549999999999997,1.0,1.0,1.0,1.0,1.0,1.0
442,Luxembourg,2016,3355.52,113.16,130.46,24.070887671232875,28.79115890410959,2571.0,2571.0,64.275,42.849999999999994,11.9,21.549999999999997,1.0,1.0,1.0,1.0,1.0,1.0
442,Luxembourg,2017,3367.09,111.79,133.26,23.854312328767126,28.499361643835616,2573.0,2573.0,64.325,42.88333333333333,11.9,21.549999999999997,1.0,1.0,1.0,1.0,1.0,1.0
442,Luxembourg,2018,3398.46,111.75,134.57,23.763290410958902,28.48058630136986,2574.0,2574.0,64.35000000000001,42.9,11.9,21.549999999999997,1.0,1.0,1.0,1.0,1.0,1.0
442,Luxembourg,2019,3505.5299999999997,113.82,143.22,23.74191506849315,28.374679452054792,2574.0,2574.0,64.35000000000001,42.9,11.9,21.549999999999997,1.0,1.0,1.0,1.0,1.0,1.0
442,Luxembourg,2020,3469.1,116.78,131.59,24.555512328767122,29.323720547945204,2574.0,2574.0,64.35000000000001,42.9,11.9,21.549999999999997,1.0,1.0,1.0,1.0,1.0,1.0
442,Luxembourg,2021,3458.19,117.2,131.46,23.908805479452056,28.32412602739726,2574.0,2574.0,64.35000000000001,42.9,11.9,21.549999999999997,1.0,1.0,1.0,1.0,1.0,1.0
442,Luxembourg,2022,3498.91,118.94,135.64,24.48878904109589,28.92092602739726,2574.0,2574.0,64.35000000000001,42.9,11.9,21.549999999999997,1.0,1.0,1.0,1.0,1.0,1.0
442,Luxembourg,2023,3521.8,122.55,130.3,25.111156164383562,29.84647123287671,2573.0,2573.0,64.325,42.88333333333333,11.9,21.549999999999997,1.0,1.0,1.0,1.0,1.0,1.0
446,"China, Macao SAR",2010,2926.31,105.91,129.92,21.32620821917808,25.634046575342467,2510.0,2510.0,62.75,41.833333333333336,11.9,21.549999999999997,1.0,1.0,1.0,1.0,1.0,1.0
446,"China, Macao SAR",2011,3044.88,111.33999999999999,135.37,22.772235616438355,27.437624657534247,2510.0,2510.0,62.75,41.833333333333336,11.9,21.549999999999997,1.0,1.0,1.0,1.0,1.0,1.0
446,"China, Macao SAR",2012,3033.3399999999997,109.96000000000001,137.57999999999998,22.74340273972603,27.438923287671233,2504.0,2504.0,62.6,41.73333333333333,11.9,21.549999999999997,1.0,1.0,1.0,1.0,1.0,1.0
446,"China, Macao SAR",2013,3073.7599999999998,109.84,138.73,23.01855890410959,28.23498082191781,2495.0,2495.0,62.375,41.583333333333336,11.9,21.549999999999997,1.0,1.0,1.0,1.0,1.0,1.0
446,"China, Macao SAR",2014,3181.39,119.83,140.02,26.899750684931508,36.883315068493154,2486.0,2486.0,62.150000000000006,41.43333333333333,11.9,21.549999999999997,1.0,1.0,1.0,1.0,1.0,1.0
446,"China, Macao SAR",2015,3162.3,118.03,141.76,26.959424657534246,37.34155616438356,2477.0,2477.0,61.925000000000004,41.28333333333333,11.9,21.549999999999997,1.0,1.0,1.0,1.0,1.0,1.0
446,"China, Macao SAR",2016,3143.05,115.51,143.14,26.441378082191783,36.28723835616439,2468.0,2468.0,61.7,41.13333333333333,11.9,21.549999999999997,1.0,1.0,1.0,1.0,1.0,1.0
446,"China, Macao SAR",2017,3156.2799999999997,122.17999999999999,141.96,27.538649315068493,36.79338082191781,2459.0,2459.0,61.475,40.98333333333333,11.9,21.549999999999997,1.0,1.0,1.0,1.0,1.0,1.0
446,"China, Macao SAR",2018,3168.23,121.17,144.22,27.383013698630137,36.11661369863014,2452.0,2452.0,61.300000000000004,40.86666666666667,11.9,21.549999999999997,1.0,1.0,1.0,1.0,1.0,1.0
446,"China, Macao SAR",2019,3151.17,116.55,137.56,24.102473972602738,33.28955890410959,2446.0,2446.0,61.150000000000006,40.766666666666666,11.9,21.549999999999997,1.0,1.0,1.0,1.0,1.0,1.0
446,"China, Macao SAR",2020,2890.07,108.68,120.92,21.266567123287672,27.138879452054795,2441.0,2441.0,61.025000000000006,40.68333333333333,11.9,21.549999999999997,1.0,1.0,1.0,1.0,1.0,1.0
446,"China, Macao SAR",2021,2908.55,114.32,122.02,21.82267123287671,27.63165205479452,2439.0,2439.0,60.975,40.65,11.9,21.549999999999997,1.0,1.0,1.0,1.0,1.0,1.0
446,"China, Macao SAR",2022,2898.91,112.06,119.88,20.594180821917806,25.773460273972603,2440.0,2440.0,61.0,40.666666666666664,11.9,21.549999999999997,1.0,1.0,1.0,1.0,1.0,1.0
446,"China, Macao SAR",2023,2928.55,117.74,125.24,22.937808219178084,28.31866575342466,2442.0,2442.0,61.050000000000004,40.7,11.9,21.549999999999997,1.0,1.0,1.0,1.0,1.0,1.0
450,Madagascar,2010,2093.6,43.2,25.13,9.347879452054794,9.360260273972603,2134.0,2134.0,53.35,35.56666666666666,11.9,21.549999999999997,0.9810684161199624,0.809746954076851,0.706560449859419,0.7855360884079658,0.4343508247783111,0.7434525466485019
450,Madagascar,2011,2107.73,42.800000000000004,23.63,9.190720547945206,9.141761643835617,2139.0,2139.0,53.475,35.65,11.9,21.549999999999997,0.9853810191678355,0.8003740065451146,0.6628330995792426,0.7723294578105215,0.42421167720814934,0.7290258520621726
450,Madagascar,2012,2097.7799999999997,42.61,21.84,9.20621095890411,9.152104109589041,2145.0,2145.0,53.625,35.75,11.9,21.549999999999997,0.9779860139860138,0.7945920745920746,0.610909090909091,0.7736311730171521,0.42469160601341266,0.7163619917035489
450,Madagascar,2013,2049.17,42.19,21.93,8.81831506849315,8.703545205479452,2151.0,2151.0,53.775000000000006,35.849999999999994,11.9,21.549999999999997,0.9526592282659229,0.7845653184565318,0.6117154811715482,0.7410348797053068,0.40387680767886097,0.6987703430556341
450,Madagascar,2014,2045.7800000000002,41.76,21.44,8.401846575342466,8.30862191780822,2156.0,2156.0,53.900000000000006,35.93333333333333,11.9,21.549999999999997,0.9488775510204083,0.7747680890538032,0.5966604823747682,0.706037527339703,0.3855509010583861,0.6823789101694138
450,Madagascar,2015,2012.16,41.51,22.37,8.231249315068494,8.065997260273972,2162.0,2162.0,54.050000000000004,36.03333333333333,11.9,21.549999999999997,0.9306938020351527,0.7679925994449582,0.6208140610545791,0.6917016231149995,0.3742922162540127,0.6770988603807405
450,Madagascar,2016,2001.13,41.68,22.7,8.242934246575343,8.087230136986301,2167.0,2167.0,54.175000000000004,36.11666666666667,11.9,21.549999999999997,0.9234563913244117,0.7693585602215043,0.628518689432395,0.6926835501323818,0.37527750055620895,0.6778589383333803
450,Madagascar,2017,1981.31,41.47,23.15,8.277312328767124,8.053172602739727,2172.0,2172.0,54.300000000000004,36.2,11.9,21.549999999999997,0.9122053406998158,0.763720073664825,0.6395027624309392,0.6955724646022793,0.3736971045354862,0.6769395491866691
450,Madagascar,2018,1972.94,41.120000000000005,23.2,8.15930410958904,7.9623041095890414,2176.0,2176.0,54.400000000000006,36.266666666666666,11.9,21.549999999999997,0.9066819852941177,0.7558823529411764,0.6397058823529411,0.6856558075284908,0.36948046912246135,0.6714812994478375
450,Madagascar,2019,1945.92,39.01,21.94,7.810142465753424,7.589890410958904,2180.0,2180.0,54.5,36.333333333333336,11.9,21.549999999999997,0.8926238532110092,0.7157798165137614,0.6038532110091743,0.6563144929204558,0.35219909099577285,0.6441540929300348
450,Madagascar,2020,1932.12,38.04,24.509999999999998,7.586131506849315,7.426043835616438,2183.0,2183.0,54.575,36.38333333333333,11.9,21.549999999999997,0.8850755840586348,0.6970224461749885,0.6736601007787448,0.6374900425923794,0.344596001652735,0.6475688350514965
450,Madagascar,2021,1926.28,38.7,21.83,7.6725671232876715,7.3491342465753435,2187.0,2187.0,54.675000000000004,36.45,11.9,21.549999999999997,0.8807864654778235,0.7078189300411523,0.5989026063100136,0.6447535397720732,0.3410271112099928,0.6346577305622111
450,Madagascar,2022,2013.95,40.06,21.8,7.930767123287671,7.6984520547945205,2189.0,2189.0,54.725,36.48333333333333,11.9,21.549999999999997,0.9200319780721791,0.732023755139333,0.5975331201461856,0.6664510187636699,0.35723675428280843,0.6546553252808353
450,Madagascar,2023,1977.96,39.53,21.85,7.776780821917809,7.474024657534247,2192.0,2192.0,54.800000000000004,36.53333333333333,11.9,21.549999999999997,0.9023540145985401,0.7213503649635036,0.5980839416058394,0.6535109934384713,0.3468224899087818,0.6444243609030272
454,Malawi,2010,2555.95,60.07,33.93,15.686191780821918,22.62798082191781,2122.0,2122.0,53.050000000000004,35.36666666666667,11.9,21.549999999999997,1.0,1.0,0.95937794533459,1.0,1.0,0.991875589066918
454,Malawi,2011,2562.25,60.18,35.18,15.573147945205479,22.348416438356164,2126.0,2126.0,53.150000000000006,35.43333333333333,11.9,21.549999999999997,1.0,1.0,0.9928504233301977,1.0,1.0,0.9985700846660397
454,Malawi,2012,2590.17,62.25,35.12,15.985191780821918,22.666632876712328,2130.0,2130.0,53.25,35.5,11.9,21.549999999999997,1.0,1.0,0.9892957746478872,1.0,1.0,0.9978591549295774
454,Malawi,2013,2585.93,62.37,36.89,15.812408219178081,22.72350410958904,2135.0,2135.0,53.375,35.583333333333336,11.9,21.549999999999997,1.0,1.0,1.0,1.0,1.0,1.0
454,Malawi,2014,2557.2999999999997,59.79,38.480000000000004,14.911580821917807,21.044879452054793,2142.0,2142.0,53.550000000000004,35.7,11.9,21.549999999999997,1.0,1.0,1.0,1.0,0.9765605314178559,0.9953121062835711
454,Malawi,2015,2602.71,62.29,39.08,15.572841095890412,21.609194520547945,2150.0,2150.0,53.75,35.833333333333336,11.9,21.549999999999997,1.0,1.0,1.0,1.0,1.0,1.0
454,Malawi,2016,2573.6800000000003,62.72,40.94,15.484038356164383,21.549405479452055,2157.0,2157.0,53.925000000000004,35.95,11.9,21.549999999999997,1.0,1.0,1.0,1.0,0.9999724120395387,0.9999944824079078
454,Malawi,2017,2582.51,63.940000000000005,42.800000000000004,15.656624657534246,21.88669315068493,2166.0,2166.0,54.150000000000006,36.099999999999994,11.9,21.549999999999997,1.0,1.0,1.0,1.0,1.0,1.0
454,Malawi,2018,2591.09,65.86,43.93,15.808805479452054,22.01873424657534,2174.0,2174.0,54.35,36.23333333333333,11.9,21.549999999999997,1.0,1.0,1.0,1.0,1.0,1.0
454,Malawi,2019,2574.66,65.18,43.42,16.018627397260275,22.002194520547945,2183.0,2183.0,54.575,36.38333333333333,11.9,21.549999999999997,1.0,1.0,1.0,1.0,1.0,1.0
454,Malawi,2020,2621.04,65.53999999999999,47.730000000000004,15.904416438356163,21.4476301369863,2190.0,2190.0,54.75,36.5,11.9,21.549999999999997,1.0,1.0,1.0,1.0,0.9952496583288308,0.9990499316657662
454,Malawi,2021,2642.24,66.24,43.64,16.05693424657534,21.936794520547945,2198.0,2198.0,54.95,36.63333333333333,11.9,21.549999999999997,1.0,1.0,1.0,1.0,1.0,1.0
454,Malawi,2022,2614.27,65.67,45.24,15.624720547945206,21.415723287671234,2205.0,2205.0,55.125,36.75,11.9,21.549999999999997,1.0,1.0,1.0,1.0,0.9937690620729113,0.9987538124145823
454,Malawi,2023,2618.29,65.66,46.27,15.685550684931506,21.445123287671233,2212.0,2212.0,55.300000000000004,36.86666666666667,11.9,21.549999999999997,1.0,1.0,1.0,1.0,0.9951333312144425,0.9990266662428885
458,Malaysia,2010,2833.46,90.35,84.67,16.237449315068492,20.858260273972604,2364.0,2364.0,59.1,39.4,11.9,21.549999999999997,1.0,1.0,1.0,1.0,0.9679007087690304,0.993580141753806
458,Malaysia,2011,2865.87,89.74,86.74000000000001,16.298175342465754,20.869435616438356,2370.0,2370.0,59.25,39.5,11.9,21.549999999999997,1.0,1.0,1.0,1.0,0.9684192861456314,0.9936838572291263
458,Malaysia,2012,2888.14,91.71,87.11,16.88651232876712,21.560797260273972,2374.0,2374.0,59.35,39.56666666666666,11.9,21.549999999999997,1.0,1.0,1.0,1.0,1.0,1.0
458,Malaysia,2013,2845.62,91.54,86.75,16.556827397260275,21.10637808219178,2378.0,2378.0,59.45,39.63333333333333,11.9,21.549999999999997,1.0,1.0,1.0,1.0,0.9794142961573914,0.9958828592314782
458,Malaysia,2014,2833.82,91.56,88.34,16.332986301369864,20.65347123287671,2382.0,2382.0,59.550000000000004,39.7,11.9,21.549999999999997,1.0,1.0,1.0,1.0,0.9583977370244415,0.9916795474048883
458,Malaysia,2015,2877.24,92.21,96.94,16.018539726027395,20.171449315068493,2385.0,2385.0,59.625,39.75,11.9,21.549999999999997,1.0,1.0,1.0,1.0,0.9360301306296286,0.9872060261259257
458,Malaysia,2016,2864.17,92.31,100.31,15.80464109589041,19.957065753424658,2387.0,2387.0,59.675000000000004,39.78333333333333,11.9,21.549999999999997,1.0,1.0,1.0,1.0,0.9260819375139053,0.9852163875027811
458,Malaysia,2017,2894.42,91.85000000000001,98.82,16.415200000000002,20.772745205479453,2389.0,2389.0,59.725,39.81666666666666,11.9,21.549999999999997,1.0,1.0,1.0,1.0,0.9639324921336174,0.9927864984267234
458,Malaysia,2018,2893.74,90.71,96.72,16.481216438356164,20.817808219178083,2391.0,2391.0,59.775000000000006,39.849999999999994,11.9,21.549999999999997,1.0,1.0,1.0,1.0,0.9660235832565237,0.9932047166513047
458,Malaysia,2019,2892.34,88.4,99.42,16.18878082191781,20.590082191780823,2395.0,2395.0,59.875,39.916666666666664,11.9,21.549999999999997,1.0,1.0,1.0,1.0,0.9554562501986462,0.9910912500397293
458,Malaysia,2020,2933.21,89.25999999999999,102.8,16.334131506849314,21.08553698630137,2400.0,2400.0,60.0,40.0,11.9,21.549999999999997,1.0,1.0,1.0,1.0,0.978447191939739,0.9956894383879478
458,Malaysia,2021,2919.12,89.94,102.03,16.790213698630136,22.019597260273972,2407.0,2407.0,60.175000000000004,40.11666666666667,11.9,21.549999999999997,1.0,1.0,1.0,1.0,1.0,1.0
458,Malaysia,2022,2990.5299999999997,94.19,100.19,17.786704109589042,23.099646575342465,2414.0,2414.0,60.35,40.23333333333333,11.9,21.549999999999997,1.0,1.0,1.0,1.0,1.0,1.0
458,Malaysia,2023,2926.48,93.34,100.94,17.163961643835616,22.183465753424656,2419.0,2419.0,60.475,40.31666666666666,11.9,21.549999999999997,1.0,1.0,1.0,1.0,1.0,1.0
462,Maldives,2010,2593.19,115.78,57.480000000000004,16.819290410958903,24.327276712328768,2378.0,2378.0,59.45,39.63333333333333,11.9,21.549999999999997,1.0,1.0,1.0,1.0,1.0,1.0
462,Maldives,2011,2598.98,115.85,55.74,17.105468493150685,24.26102191780822,2388.0,2388.0,59.7,39.8,11.9,21.549999999999997,1.0,1.0,1.0,1.0,1.0,1.0
462,Maldives,2012,2608.4,116.07,55.49,17.351383561643836,24.381972602739726,2397.0,2397.0,59.925000000000004,39.95,11.9,21.549999999999997,1.0,1.0,1.0,1.0,1.0,1.0
462,Maldives,2013,2638.31,118.17999999999999,57.839999999999996,17.549687671232878,24.76652602739726,2404.0,2404.0,60.1,40.06666666666666,11.9,21.549999999999997,1.0,1.0,1.0,1.0,1.0,1.0
462,Maldives,2014,2680.54,117.67,65.47,18.274457534246576,25.743227397260274,2411.0,2411.0,60.275000000000006,40.18333333333333,11.9,21.549999999999997,1.0,1.0,1.0,1.0,1.0,1.0
462,Maldives,2015,2735.5299999999997,116.77,64.66,18.259375342465752,25.157002739726025,2419.0,2419.0,60.475,40.31666666666666,11.9,21.549999999999997,1.0,1.0,1.0,1.0,1.0,1.0
462,Maldives,2016,2773.14,119.24000000000001,69.32,19.574742465753424,27.164739726027396,2430.0,2430.0,60.75,40.5,11.9,21.549999999999997,1.0,1.0,1.0,1.0,1.0,1.0
462,Maldives,2017,2680.02,104.61,66.73,17.61743287671233,23.629983561643837,2442.0,2442.0,61.050000000000004,40.7,11.9,21.549999999999997,1.0,1.0,1.0,1.0,1.0,1.0
462,Maldives,2018,2641.08,102.53,67.94,16.846657534246575,22.398249315068494,2451.0,2451.0,61.275000000000006,40.849999999999994,11.9,21.549999999999997,1.0,1.0,1.0,1.0,1.0,1.0
462,Maldives,2019,2657.12,98.55000000000001,73.1,17.874027397260274,24.616904109589044,2460.0,2460.0,61.5,41.0,11.9,21.549999999999997,1.0,1.0,1.0,1.0,1.0,1.0
462,Maldives,2020,2603.41,95.86,70.33,17.090063013698632,21.570827397260274,2470.0,2470.0,61.75,41.166666666666664,11.9,21.549999999999997,1.0,1.0,1.0,1.0,1.0,1.0
462,Maldives,2021,2634.41,98.46000000000001,74.26,18.763775342465753,24.909427397260274,2481.0,2481.0,62.025000000000006,41.349999999999994,11.9,21.549999999999997,1.0,1.0,1.0,1.0,1.0,1.0
462,Maldives,2022,2671.92,100.45,77.14,19.843052054794523,26.39978904109589,2487.0,2487.0,62.175000000000004,41.45,11.9,21.549999999999997,1.0,1.0,1.0,1.0,1.0,1.0
462,Maldives,2023,2671.39,97.39,78.46,18.73922191780822,25.586013698630136,2489.0,2489.0,62.225,41.48333333333333,11.9,21.549999999999997,1.0,1.0,1.0,1.0,1.0,1.0
470,Malta,2010,3439.21,108.09,124.37,27.182386301369863,33.99167123287671,2541.0,2541.0,63.525000000000006,42.349999999999994,11.9,21.549999999999997,1.0,1.0,1.0,1.0,1.0,1.0
470,Malta,2011,3439.25,109.54,118.84,26.469013698630135,33.11639452054794,2540.0,2540.0,63.5,42.333333333333336,11.9,21.549999999999997,1.0,1.0,1.0,1.0,1.0,1.0
470,Malta,2012,3487.26,110.12,124.25999999999999,27.028249315068493,33.83478082191781,2538.0,2538.0,63.45,42.3,11.9,21.549999999999997,1.0,1.0,1.0,1.0,1.0,1.0
470,Malta,2013,3534.41,114.44,121.2,27.23418082191781,34.193797260273975,2537.0,2537.0,63.425000000000004,42.28333333333333,11.9,21.549999999999997,1.0,1.0,1.0,1.0,1.0,1.0
470,Malta,2014,3479.0099999999998,120.2,129.97,30.230298630136986,33.682432876712326,2537.0,2537.0,63.425000000000004,42.28333333333333,11.9,21.549999999999997,1.0,1.0,1.0,1.0,1.0,1.0
470,Malta,2015,3499.14,116.3,127.32,29.057515068493153,34.99991780821918,2537.0,2537.0,63.425000000000004,42.28333333333333,11.9,21.549999999999997,1.0,1.0,1.0,1.0,1.0,1.0
470,Malta,2016,3460.46,116.84,120.84,27.157969863013697,31.939526027397257,2536.0,2536.0,63.400000000000006,42.266666666666666,11.9,21.549999999999997,1.0,1.0,1.0,1.0,1.0,1.0
470,Malta,2017,3521.7,117.36,125.72,27.649939726027394,33.171167123287674,2537.0,2537.0,63.425000000000004,42.28333333333333,11.9,21.549999999999997,1.0,1.0,1.0,1.0,1.0,1.0
470,Malta,2018,3444.55,113.85,122.02,28.027424657534247,33.92227671232877,2543.0,2543.0,63.575,42.38333333333333,11.9,21.549999999999997,1.0,1.0,1.0,1.0,1.0,1.0
470,Malta,2019,3322.97,100.89,118.24,25.807739726027396,31.886854794520545,2551.0,2551.0,63.775000000000006,42.516666666666666,11.9,21.549999999999997,1.0,1.0,1.0,1.0,1.0,1.0
470,Malta,2020,3281.45,103.97,117.57,25.324213698630135,29.380646575342467,2558.0,2558.0,63.95,42.63333333333333,11.9,21.549999999999997,1.0,1.0,1.0,1.0,1.0,1.0
470,Malta,2021,3341.39,101.47,128.85,24.85712602739726,29.45656712328767,2560.0,2560.0,64.0,42.666666666666664,11.9,21.549999999999997,1.0,1.0,1.0,1.0,1.0,1.0
470,Malta,2022,3379.86,103.99,123.77,26.266279452054793,31.373186301369863,2558.0,2558.0,63.95,42.63333333333333,11.9,21.549999999999997,1.0,1.0,1.0,1.0,1.0,1.0
470,Malta,2023,3406.63,105.82000000000001,127.5,26.450799999999997,31.621942465753424,2557.0,2557.0,63.925000000000004,42.61666666666667,11.9,21.549999999999997,1.0,1.0,1.0,1.0,1.0,1.0
478,Mauritania,2010,2853.6,82.61,76.1,18.574178082191782,20.555750684931507,2192.0,2192.0,54.800000000000004,36.53333333333333,11.9,21.549999999999997,1.0,1.0,1.0,1.0,0.9538631408320886,0.9907726281664176
478,Mauritania,2011,2889.96,84.55,75.98,19.654808219178083,20.915227397260274,2187.0,2187.0,54.675000000000004,36.45,11.9,21.549999999999997,1.0,1.0,1.0,1.0,0.9705441947684583,0.9941088389536917
478,Mauritania,2012,2944.95,81.93,86.69,18.291871232876712,20.20540273972603,2186.0,2186.0,54.650000000000006,36.43333333333333,11.9,21.549999999999997,1.0,1.0,1.0,1.0,0.9376056955789341,0.9875211391157869
478,Mauritania,2013,2917.7999999999997,84.02,78.99,19.091698630136985,20.834898630136987,2188.0,2188.0,54.7,36.46666666666667,11.9,21.549999999999997,1.0,1.0,1.0,1.0,0.966816641769698,0.9933633283539397
478,Mauritania,2014,2914.08,86.05,75.10000000000001,19.72352602739726,21.4996602739726,2191.0,2191.0,54.775000000000006,36.516666666666666,11.9,21.549999999999997,1.0,1.0,1.0,1.0,0.9976640498363157,0.9995328099672631
478,Mauritania,2015,2892.43,85.83,72.17,19.99050410958904,21.952928767123286,2196.0,2196.0,54.900000000000006,36.599999999999994,11.9,21.549999999999997,1.0,1.0,1.0,1.0,1.0,1.0
478,Mauritania,2016,2862.2200000000003,85.23,70.9,19.150849315068495,21.242531506849314,2201.0,2201.0,55.025000000000006,36.68333333333333,11.9,21.549999999999997,1.0,1.0,1.0,1.0,0.9857323205034486,0.9971464641006896
478,Mauritania,2017,2870.1,83.88,73.47,18.8340602739726,21.008909589041096,2206.0,2206.0,55.150000000000006,36.766666666666666,11.9,21.549999999999997,1.0,1.0,1.0,1.0,0.9748913962432064,0.9949782792486414
478,Mauritania,2018,2895.03,85.49,71.6,19.638276712328768,21.988246575342465,2212.0,2212.0,55.300000000000004,36.86666666666667,11.9,21.549999999999997,1.0,1.0,1.0,1.0,1.0,1.0
478,Mauritania,2019,2894.0,86.08,69.04,19.2956,21.11760821917808,2218.0,2218.0,55.45,36.96666666666667,11.9,21.549999999999997,1.0,1.0,1.0,1.0,0.9799354162031594,0.9959870832406319
478,Mauritania,2020,2895.33,84.17,68.56,19.243057534246578,22.012254794520548,2225.0,2225.0,55.625,37.083333333333336,11.9,21.549999999999997,1.0,1.0,1.0,1.0,1.0,1.0
478,Mauritania,2021,2887.7400000000002,83.76,65.17,19.20545205479452,21.469528767123286,2233.0,2233.0,55.825,37.21666666666667,11.9,21.549999999999997,1.0,1.0,1.0,1.0,0.9962658360614055,0.9992531672122811
478,Mauritania,2022,2954.94,86.61,66.39,19.418969863013697,22.16511506849315,2237.0,2237.0,55.925000000000004,37.28333333333333,11.9,21.549999999999997,1.0,1.0,1.0,1.0,1.0,1.0
478,Mauritania,2023,2909.36,83.17999999999999,74.52,18.563882191780824,20.8231397260274,2242.0,2242.0,56.050000000000004,37.36666666666667,11.9,21.549999999999997,1.0,1.0,1.0,1.0,0.9662709849664688,0.9932541969932938
480,Mauritius,2010,3027.0299999999997,91.11,89.62,18.749646575342464,22.39972602739726,2433.0,2433.0,60.825,40.55,11.9,21.549999999999997,1.0,1.0,1.0,1.0,1.0,1.0
480,Mauritius,2011,2987.88,90.98,90.84,18.85516164383562,22.365698630136986,2437.0,2437.0,60.925000000000004,40.61666666666667,11.9,21.549999999999997,1.0,1.0,1.0,1.0,1.0,1.0
480,Mauritius,2012,2971.1,90.61,93.33,19.237698630136986,22.739991780821917,2440.0,2440.0,61.0,40.666666666666664,11.9,21.549999999999997,1.0,1.0,1.0,1.0,1.0,1.0
480,Mauritius,2013,2963.84,92.34,93.96,19.773972602739725,23.20027671232877,2443.0,2443.0,61.075,40.71666666666667,11.9,21.549999999999997,1.0,1.0,1.0,1.0,1.0,1.0
480,Mauritius,2014,2969.02,93.64,94.62,19.839638356164386,23.332216438356163,2446.0,2446.0,61.150000000000006,40.766666666666666,11.9,21.549999999999997,1.0,1.0,1.0,1.0,1.0,1.0
480,Mauritius,2015,2969.77,93.69,93.21000000000001,20.070224657534247,23.341520547945205,2450.0,2450.0,61.25,40.833333333333336,11.9,21.549999999999997,1.0,1.0,1.0,1.0,1.0,1.0
480,Mauritius,2016,2953.39,93.37,92.6,19.458298630136987,22.792663013698633,2454.0,2454.0,61.35,40.9,11.9,21.549999999999997,1.0,1.0,1.0,1.0,1.0,1.0
480,Mauritius,2017,2988.66,94.42,97.64,20.30660821917808,23.818630136986304,2458.0,2458.0,61.45,40.96666666666667,11.9,21.549999999999997,1.0,1.0,1.0,1.0,1.0,1.0
480,Mauritius,2018,3001.2599999999998,95.74,96.60000000000001,20.597298630136986,24.242542465753424,2461.0,2461.0,61.525000000000006,41.016666666666666,11.9,21.549999999999997,1.0,1.0,1.0,1.0,1.0,1.0
480,Mauritius,2019,3048.31,97.53,99.31,20.428309589041096,24.17852328767123,2464.0,2464.0,61.6,41.06666666666666,11.9,21.549999999999997,1.0,1.0,1.0,1.0,1.0,1.0
480,Mauritius,2020,3098.49,96.96000000000001,104.67999999999999,20.551257534246577,24.389090410958904,2466.0,2466.0,61.650000000000006,41.099999999999994,11.9,21.549999999999997,1.0,1.0,1.0,1.0,1.0,1.0
480,Mauritius,2021,3110.19,97.17,103.1,20.956969863013697,25.34935890410959,2467.0,2467.0,61.675000000000004,41.11666666666667,11.9,21.549999999999997,1.0,1.0,1.0,1.0,1.0,1.0
480,Mauritius,2022,3207.72,102.2,113.24000000000001,21.48985479452055,25.77139178082192,2467.0,2467.0,61.675000000000004,41.11666666666667,11.9,21.549999999999997,1.0,1.0,1.0,1.0,1.0,1.0
480,Mauritius,2023,3255.5,104.95,112.46,22.20861095890411,26.972005479452054,2466.0,2466.0,61.650000000000006,41.099999999999994,11.9,21.549999999999997,1.0,1.0,1.0,1.0,1.0,1.0
484,Mexico,2010,3146.43,92.03,92.49,18.550898630136984,22.007942465753423,2356.0,2356.0,58.900000000000006,39.266666666666666,11.9,21.549999999999997,1.0,1.0,1.0,1.0,1.0,1.0
484,Mexico,2011,3121.92,91.17,93.14,18.434476712328767,21.865947945205477,2360.0,2360.0,59.0,39.333333333333336,11.9,21.549999999999997,1.0,1.0,1.0,1.0,1.0,1.0
484,Mexico,2012,3127.46,91.68,93.66,18.39931780821918,22.02340821917808,2363.0,2363.0,59.075,39.38333333333333,11.9,21.549999999999997,1.0,1.0,1.0,1.0,1.0,1.0
484,Mexico,2013,3121.48,93.12,93.87,18.460676712328766,22.165783561643835,2366.0,2366.0,59.150000000000006,39.43333333333333,11.9,21.549999999999997,1.0,1.0,1.0,1.0,1.0,1.0
484,Mexico,2014,3157.7200000000003,93.26,93.41,18.870676712328766,22.425441095890413,2369.0,2369.0,59.225,39.48333333333333,11.9,21.549999999999997,1.0,1.0,1.0,1.0,1.0,1.0
484,Mexico,2015,3172.0899999999997,93.58,94.47,18.709580821917807,22.139882191780824,2373.0,2373.0,59.325,39.55,11.9,21.549999999999997,1.0,1.0,1.0,1.0,1.0,1.0
484,Mexico,2016,3199.8,94.63,96.11,18.76771232876712,22.279202739726024,2376.0,2376.0,59.400000000000006,39.599999999999994,11.9,21.549999999999997,1.0,1.0,1.0,1.0,1.0,1.0
484,Mexico,2017,3209.97,95.32000000000001,97.08,18.980405479452056,22.53051506849315,2380.0,2380.0,59.5,39.666666666666664,11.9,21.549999999999997,1.0,1.0,1.0,1.0,1.0,1.0
484,Mexico,2018,3217.59,96.92,99.37,19.115260273972602,22.73335068493151,2384.0,2384.0,59.6,39.73333333333333,11.9,21.549999999999997,1.0,1.0,1.0,1.0,1.0,1.0
484,Mexico,2019,3252.07,97.66,100.86,19.353909589041095,22.799035616438353,2388.0,2388.0,59.7,39.8,11.9,21.549999999999997,1.0,1.0,1.0,1.0,1.0,1.0
484,Mexico,2020,3251.02,97.31,102.58,19.273252054794522,22.86291506849315,2391.0,2391.0,59.775000000000006,39.849999999999994,11.9,21.549999999999997,1.0,1.0,1.0,1.0,1.0,1.0
484,Mexico,2021,3267.93,98.52,105.74,19.303191780821916,22.704479452054795,2394.0,2394.0,59.85,39.9,11.9,21.549999999999997,1.0,1.0,1.0,1.0,1.0,1.0
484,Mexico,2022,3263.4100000000003,99.44,107.35,19.44554794520548,22.607435616438355,2397.0,2397.0,59.925000000000004,39.95,11.9,21.549999999999997,1.0,1.0,1.0,1.0,1.0,1.0
484,Mexico,2023,3304.58,100.26,109.85,19.659545205479454,23.01270684931507,2401.0,2401.0,60.025000000000006,40.016666666666666,11.9,21.549999999999997,1.0,1.0,1.0,1.0,1.0,1.0
496,Mongolia,2010,2438.71,84.14,90.22,20.4546,21.935783561643834,2364.0,2364.0,59.1,39.4,11.9,21.549999999999997,1.0,1.0,1.0,1.0,1.0,1.0
496,Mongolia,2011,2532.37,88.02,96.78,20.454095890410958,21.79921095890411,2358.0,2358.0,58.95,39.3,11.9,21.549999999999997,1.0,1.0,1.0,1.0,1.0,1.0
496,Mongolia,2012,2585.69,91.59,97.95,20.786676712328767,22.01855616438356,2353.0,2353.0,58.825,39.21666666666667,11.9,21.549999999999997,1.0,1.0,1.0,1.0,1.0,1.0
496,Mongolia,2013,2561.17,95.84,103.39,21.741679452054797,22.352268493150685,2344.0,2344.0,58.6,39.06666666666666,11.9,21.549999999999997,1.0,1.0,1.0,1.0,1.0,1.0
496,Mongolia,2014,2596.58,97.8,100.52,22.564835616438355,23.323082191780824,2334.0,2334.0,58.35,38.9,11.9,21.549999999999997,1.0,1.0,1.0,1.0,1.0,1.0
496,Mongolia,2015,2688.92,106.0,117.81,24.136528767123284,24.092202739726027,2324.0,2324.0,58.1,38.73333333333333,11.9,21.549999999999997,1.0,1.0,1.0,1.0,1.0,1.0
496,Mongolia,2016,2720.57,106.53,112.77,24.16296712328767,24.16498904109589,2314.0,2314.0,57.85,38.56666666666666,11.9,21.549999999999997,1.0,1.0,1.0,1.0,1.0,1.0
496,Mongolia,2017,2651.08,106.28,116.01,23.62377808219178,22.980375342465756,2307.0,2307.0,57.675000000000004,38.45,11.9,21.549999999999997,1.0,1.0,1.0,1.0,1.0,1.0
496,Mongolia,2018,2846.57,113.61,120.0,25.64890684931507,25.496358904109588,2301.0,2301.0,57.525000000000006,38.349999999999994,11.9,21.549999999999997,1.0,1.0,1.0,1.0,1.0,1.0
496,Mongolia,2019,2856.15,118.71,125.89,26.427594520547945,25.917356164383563,2295.0,2295.0,57.375,38.25,11.9,21.549999999999997,1.0,1.0,1.0,1.0,1.0,1.0
496,Mongolia,2020,2950.58,128.28,123.39,29.135249315068496,29.0567698630137,2294.0,2294.0,57.35,38.23333333333333,11.9,21.549999999999997,1.0,1.0,1.0,1.0,1.0,1.0
496,Mongolia,2021,3043.49,126.07,126.17,28.598112328767122,28.078638356164383,2297.0,2297.0,57.425000000000004,38.28333333333333,11.9,21.549999999999997,1.0,1.0,1.0,1.0,1.0,1.0
496,Mongolia,2022,3093.58,135.29,132.06,29.468553424657536,28.9257397260274,2303.0,2303.0,57.575,38.38333333333333,11.9,21.549999999999997,1.0,1.0,1.0,1.0,1.0,1.0
496,Mongolia,2023,3031.06,132.08,128.73,28.806476712328767,28.06607671232877,2311.0,2311.0,57.775000000000006,38.516666666666666,11.9,21.549999999999997,1.0,1.0,1.0,1.0,1.0,1.0
498,Republic of Moldova,2010,2699.52,85.28,88.48,16.476997260273972,21.03788219178082,2502.0,2502.0,62.550000000000004,41.7,11.9,21.549999999999997,1.0,1.0,1.0,1.0,0.9762358325652354,0.9952471665130471
498,Republic of Moldova,2011,2742.7799999999997,85.01,91.27,16.59401095890411,21.429210958904108,2499.0,2499.0,62.475,41.65,11.9,21.549999999999997,1.0,1.0,1.0,1.0,0.9943949400883578,0.9988789880176716
498,Republic of Moldova,2012,2730.2599999999998,83.78,88.03999999999999,16.154920547945206,20.527268493150686,2495.0,2495.0,62.375,41.583333333333336,11.9,21.549999999999997,1.0,1.0,1.0,1.0,0.9525414613991039,0.9905082922798207
498,Republic of Moldova,2013,2767.59,86.93,90.18,16.531153424657536,21.171112328767123,2489.0,2489.0,62.225,41.48333333333333,11.9,21.549999999999997,1.0,1.0,1.0,1.0,0.9824182055112355,0.9964836411022471
498,Republic of Moldova,2014,2756.64,88.19,90.47,16.39902191780822,21.24614520547945,2481.0,2481.0,62.025000000000006,41.349999999999994,11.9,21.549999999999997,1.0,1.0,1.0,1.0,0.9859000095350094,0.9971800019070018
498,Republic of Moldova,2015,2801.86,88.67999999999999,92.81,16.5476301369863,20.93257260273972,2470.0,2470.0,61.75,41.166666666666664,11.9,21.549999999999997,1.0,1.0,1.0,1.0,0.9713490766932587,0.9942698153386518
498,Republic of Moldova,2016,2860.9,92.88,95.14,17.223539726027397,22.052082191780823,2460.0,2460.0,61.5,41.0,11.9,21.549999999999997,1.0,1.0,1.0,1.0,1.0,1.0
498,Republic of Moldova,2017,2928.37,92.61,94.67999999999999,17.772208219178083,23.103208219178082,2452.0,2452.0,61.300000000000004,40.86666666666667,11.9,21.549999999999997,1.0,1.0,1.0,1.0,1.0,1.0
498,Republic of Moldova,2018,3003.74,94.16,96.64,18.18841369863014,23.802739726027397,2446.0,2446.0,61.150000000000006,40.766666666666666,11.9,21.549999999999997,1.0,1.0,1.0,1.0,1.0,1.0
498,Republic of Moldova,2019,3011.15,92.85,96.83,18.426364383561644,23.561627397260274,2441.0,2441.0,61.025000000000006,40.68333333333333,11.9,21.549999999999997,1.0,1.0,1.0,1.0,1.0,1.0
498,Republic of Moldova,2020,2985.5,94.83,100.14,18.556605479452053,23.339416438356164,2438.0,2438.0,60.95,40.63333333333333,11.9,21.549999999999997,1.0,1.0,1.0,1.0,1.0,1.0
498,Republic of Moldova,2021,3001.21,89.65,93.1,18.55938082191781,24.23570410958904,2437.0,2437.0,60.925000000000004,40.61666666666667,11.9,21.549999999999997,1.0,1.0,1.0,1.0,1.0,1.0
498,Republic of Moldova,2022,2951.98,90.53999999999999,89.37,18.422506849315067,23.87676712328767,2438.0,2438.0,60.95,40.63333333333333,11.9,21.549999999999997,1.0,1.0,1.0,1.0,1.0,1.0
498,Republic of Moldova,2023,2991.24,93.09,86.91,19.16078904109589,24.98619178082192,2442.0,2442.0,61.050000000000004,40.7,11.9,21.549999999999997,1.0,1.0,1.0,1.0,1.0,1.0
499,Montenegro,2010,3361.9,112.65,118.96,24.307649315068492,26.313567123287672,2478.0,2478.0,61.95,41.3,11.9,21.549999999999997,1.0,1.0,1.0,1.0,1.0,1.0
499,Montenegro,2011,3406.85,116.6,124.38,24.216334246575343,25.61844109589041,2478.0,2478.0,61.95,41.3,11.9,21.549999999999997,1.0,1.0,1.0,1.0,1.0,1.0
499,Montenegro,2012,3282.09,114.2,120.2,24.05947397260274,25.22650410958904,2478.0,2478.0,61.95,41.3,11.9,21.549999999999997,1.0,1.0,1.0,1.0,1.0,1.0
499,Montenegro,2013,3325.4500000000003,116.72,123.77,24.55203835616438,25.608399999999996,2477.0,2477.0,61.925000000000004,41.28333333333333,11.9,21.549999999999997,1.0,1.0,1.0,1.0,1.0,1.0
499,Montenegro,2014,3319.0099999999998,114.54,125.86,24.625613698630136,25.955972602739728,2475.0,2475.0,61.875,41.25,11.9,21.549999999999997,1.0,1.0,1.0,1.0,1.0,1.0
499,Montenegro,2015,3394.02,118.01,127.66,25.659073972602737,27.096115068493148,2472.0,2472.0,61.800000000000004,41.2,11.9,21.549999999999997,1.0,1.0,1.0,1.0,1.0,1.0
499,Montenegro,2016,3466.04,122.61,130.44,26.566572602739726,27.881101369863014,2470.0,2470.0,61.75,41.166666666666664,11.9,21.549999999999997,1.0,1.0,1.0,1.0,1.0,1.0
499,Montenegro,2017,3516.41,123.85000000000001,132.85999999999999,27.181443835616438,28.468808219178083,2468.0,2468.0,61.7,41.13333333333333,11.9,21.549999999999997,1.0,1.0,1.0,1.0,1.0,1.0
499,Montenegro,2018,3543.18,125.67999999999999,135.22,28.138635616438357,29.503268493150685,2466.0,2466.0,61.650000000000006,41.099999999999994,11.9,21.549999999999997,1.0,1.0,1.0,1.0,1.0,1.0
499,Montenegro,2019,3567.9900000000002,126.39,136.05,28.38006301369863,29.964575342465753,2465.0,2465.0,61.625,41.083333333333336,11.9,21.549999999999997,1.0,1.0,1.0,1.0,1.0,1.0
499,Montenegro,2020,3587.5,126.45,135.94,28.687405479452053,30.008372602739726,2464.0,2464.0,61.6,41.06666666666666,11.9,21.549999999999997,1.0,1.0,1.0,1.0,1.0,1.0
499,Montenegro,2021,3683.8900000000003,130.41,140.18,29.921841095890414,31.596128767123286,2464.0,2464.0,61.6,41.06666666666666,11.9,21.549999999999997,1.0,1.0,1.0,1.0,1.0,1.0
499,Montenegro,2022,3686.7599999999998,133.59,143.67,29.765194520547944,31.600575342465753,2464.0,2464.0,61.6,41.06666666666666,11.9,21.549999999999997,1.0,1.0,1.0,1.0,1.0,1.0
499,Montenegro,2023,3669.48,134.47,143.65,30.44951506849315,32.40744109589041,2465.0,2465.0,61.625,41.083333333333336,11.9,21.549999999999997,1.0,1.0,1.0,1.0,1.0,1.0
504,Morocco,2010,3267.02,95.51,69.16,23.82521095890411,31.396687671232876,2376.0,2376.0,59.400000000000006,39.599999999999994,11.9,21.549999999999997,1.0,1.0,1.0,1.0,1.0,1.0
504,Morocco,2011,3315.38,98.22,66.73,24.41450410958904,32.00745205479452,2376.0,2376.0,59.400000000000006,39.599999999999994,11.9,21.549999999999997,1.0,1.0,1.0,1.0,1.0,1.0
504,Morocco,2012,3331.5499999999997,98.45,68.53999999999999,24.16688493150685,31.81173698630137,2377.0,2377.0,59.425000000000004,39.61666666666667,11.9,21.549999999999997,1.0,1.0,1.0,1.0,1.0,1.0
504,Morocco,2013,3338.43,98.75999999999999,67.97,24.29297808219178,31.75105479452055,2378.0,2378.0,59.45,39.63333333333333,11.9,21.549999999999997,1.0,1.0,1.0,1.0,1.0,1.0
504,Morocco,2014,3387.41,100.80000000000001,70.52,24.918449315068493,32.90655616438356,2379.0,2379.0,59.475,39.65,11.9,21.549999999999997,1.0,1.0,1.0,1.0,1.0,1.0
504,Morocco,2015,3380.87,101.78999999999999,68.13,25.113317808219175,32.71539452054794,2381.0,2381.0,59.525000000000006,39.68333333333333,11.9,21.549999999999997,1.0,1.0,1.0,1.0,1.0,1.0
504,Morocco,2016,3414.4,101.75999999999999,70.5,24.9754301369863,32.40366849315068,2382.0,2382.0,59.550000000000004,39.7,11.9,21.549999999999997,1.0,1.0,1.0,1.0,1.0,1.0
504,Morocco,2017,3367.73,101.78,69.84,24.75292602739726,32.04868493150685,2384.0,2384.0,59.6,39.73333333333333,11.9,21.549999999999997,1.0,1.0,1.0,1.0,1.0,1.0
504,Morocco,2018,3420.52,104.0,73.64,25.174301369863013,32.66775342465753,2386.0,2386.0,59.650000000000006,39.766666666666666,11.9,21.549999999999997,1.0,1.0,1.0,1.0,1.0,1.0
504,Morocco,2019,3394.41,102.24000000000001,77.38,24.342356164383563,31.372457534246575,2387.0,2387.0,59.675000000000004,39.78333333333333,11.9,21.549999999999997,1.0,1.0,1.0,1.0,1.0,1.0
504,Morocco,2020,3355.27,99.13,75.25,24.37283287671233,31.311920547945206,2390.0,2390.0,59.75,39.833333333333336,11.9,21.549999999999997,1.0,1.0,1.0,1.0,1.0,1.0
504,Morocco,2021,3380.27,101.05,76.8,24.9616301369863,32.01170410958904,2393.0,2393.0,59.825,39.88333333333333,11.9,21.549999999999997,1.0,1.0,1.0,1.0,1.0,1.0
504,Morocco,2022,3322.4,97.91,75.72,24.194569863013697,31.617986301369864,2396.0,2396.0,59.900000000000006,39.93333333333333,11.9,21.549999999999997,1.0,1.0,1.0,1.0,1.0,1.0
504,Morocco,2023,3353.92,98.07000000000001,75.25,24.23188219178082,31.60843835616438,2399.0,2399.0,59.975,39.98333333333333,11.9,21.549999999999997,1.0,1.0,1.0,1.0,1.0,1.0
508,Mozambique,2010,2364.37,46.05,38.48,12.345553424657535,15.534745205479453,2132.0,2132.0,53.300000000000004,35.53333333333333,11.9,21.549999999999997,1.0,0.8639774859287053,1.0,1.0,0.7208698471220165,0.9169694666101444
508,Mozambique,2011,2381.91,47.629999999999995,40.61,12.459271232876711,15.719591780821917,2131.0,2131.0,53.275000000000006,35.516666666666666,11.9,21.549999999999997,1.0,0.8940403566400749,1.0,1.0,0.7294474144232909,0.9246975542126732
508,Mozambique,2012,2291.46,49.27,40.03,12.432071232876712,16.052093150684932,2131.0,2131.0,53.275000000000006,35.516666666666666,11.9,21.549999999999997,1.0,0.9248240262787424,1.0,1.0,0.7448767123287673,0.933940147721502
508,Mozambique,2013,2200.95,46.0,41.02,11.089306849315069,14.3810602739726,2131.0,2131.0,53.275000000000006,35.516666666666666,11.9,21.549999999999997,1.0,0.8634443923040825,1.0,0.9318745251525268,0.6673345834790071,0.8925307001871232
508,Mozambique,2014,2039.76,43.63,36.24,10.205232876712328,12.689605479452053,2132.0,2132.0,53.300000000000004,35.53333333333333,11.9,21.549999999999997,0.9567354596622889,0.8185741088180113,1.0,0.8575825946817083,0.5888448018307219,0.844347392998546
508,Mozambique,2015,1922.73,41.64,37.91,9.669569863013699,11.764731506849316,2133.0,2133.0,53.325,35.55,11.9,21.549999999999997,0.9014205344585091,0.7808720112517581,1.0,0.8125688960515713,0.545927216095096,0.8081577315713868
508,Mozambique,2016,1834.0800000000002,40.69,35.03,9.189542465753425,11.35573698630137,2134.0,2134.0,53.35,35.56666666666666,11.9,21.549999999999997,0.8594564198687911,0.7626991565135894,0.9849109653233366,0.7722304593070104,0.5269483520325462,0.7812490706090548
508,Mozambique,2017,1949.25,42.99,40.53,9.823912328767124,11.981747945205479,2136.0,2136.0,53.400000000000006,35.599999999999994,11.9,21.549999999999997,0.9125702247191011,0.8050561797752809,1.0,0.8255388511569012,0.5559975844642915,0.819832568023115
508,Mozambique,2018,2082.26,42.56,39.18,9.791038356164384,11.746457534246575,2139.0,2139.0,53.475,35.65,11.9,21.549999999999997,0.9734735857877513,0.7958859280037401,1.0,0.8227763324507885,0.5450792359279154,0.8274430164340391
508,Mozambique,2019,2108.41,44.19,38.86,10.114353424657534,12.703452054794521,2141.0,2141.0,53.525000000000006,35.68333333333333,11.9,21.549999999999997,0.9847781410555815,0.8255955161139653,1.0,0.8499456659376078,0.5894873343292122,0.8499613314872733
508,Mozambique,2020,2169.85,46.67,40.44,10.769350684931506,13.672591780821918,2144.0,2144.0,53.6,35.73333333333333,11.9,21.549999999999997,1.0,0.8707089552238806,1.0,0.9049874525152526,0.6344590153513652,0.8820310846180996
508,Mozambique,2021,2193.58,45.519999999999996,40.88,10.958367123287672,13.355816438356165,2147.0,2147.0,53.675000000000004,35.78333333333333,11.9,21.549999999999997,1.0,0.8480670703306938,1.0,0.9208711868308969,0.6197594634968059,0.8777395441316793
508,Mozambique,2022,2245.92,46.53,46.27,11.166334246575344,13.758219178082191,2150.0,2150.0,53.75,35.833333333333336,11.9,21.549999999999997,1.0,0.8656744186046512,1.0,0.9383474156786004,0.6384324444585704,0.8884908557483644
508,Mozambique,2023,2186.12,44.69,40.050000000000004,10.912479452054795,13.552032876712328,2154.0,2154.0,53.85,35.9,11.9,21.549999999999997,1.0,0.8298978644382543,1.0,0.9170150800046045,0.6288646346502241,0.8751555158186166
512,Oman,2010,3283.36,98.2,89.83,21.008197260273974,25.74276712328767,2408.0,2408.0,60.2,40.13333333333333,11.9,21.549999999999997,1.0,1.0,1.0,1.0,1.0,1.0
512,Oman,2011,3158.9900000000002,94.56,88.24,19.3022,23.156416438356164,2448.0,2448.0,61.2,40.8,11.9,21.549999999999997,1.0,1.0,1.0,1.0,1.0,1.0
512,Oman,2012,2995.78,91.47,84.81,18.91175890410959,22.258490410958906,2497.0,2497.0,62.425000000000004,41.61666666666667,11.9,21.549999999999997,1.0,1.0,1.0,1.0,1.0,1.0
512,Oman,2013,2994.93,93.47,84.32000000000001,20.166320547945205,23.423150684931507,2512.0,2512.0,62.800000000000004,41.86666666666667,11.9,21.549999999999997,1.0,1.0,1.0,1.0,1.0,1.0
512,Oman,2014,3029.77,94.11,79.8,20.229939726027396,23.152594520547947,2508.0,2508.0,62.7,41.8,11.9,21.549999999999997,1.0,1.0,1.0,1.0,1.0,1.0
512,Oman,2015,3023.48,93.75,76.08,20.066068493150684,23.163767123287673,2506.0,2506.0,62.650000000000006,41.766666666666666,11.9,21.549999999999997,1.0,1.0,1.0,1.0,1.0,1.0
512,Oman,2016,2956.2400000000002,91.13,78.25,19.635753424657533,22.989761643835617,2509.0,2509.0,62.725,41.81666666666666,11.9,21.549999999999997,1.0,1.0,1.0,1.0,1.0,1.0
512,Oman,2017,3032.06,93.81,79.39999999999999,21.091049315068492,24.676983561643837,2507.0,2507.0,62.675000000000004,41.78333333333333,11.9,21.549999999999997,1.0,1.0,1.0,1.0,1.0,1.0
512,Oman,2018,3050.94,91.28,90.72,20.47848219178082,24.097761643835614,2495.0,2495.0,62.375,41.583333333333336,11.9,21.549999999999997,1.0,1.0,1.0,1.0,1.0,1.0
512,Oman,2019,3062.92,90.96000000000001,96.73,20.250468493150684,24.074553424657534,2474.0,2474.0,61.85,41.23333333333333,11.9,21.549999999999997,1.0,1.0,1.0,1.0,1.0,1.0
512,Oman,2020,3077.14,92.96000000000001,92.25,19.854939726027396,24.59832602739726,2449.0,2449.0,61.225,40.81666666666666,11.9,21.549999999999997,1.0,1.0,1.0,1.0,1.0,1.0
512,Oman,2021,3033.54,94.25,97.82,20.308879452054793,24.308939726027397,2432.0,2432.0,60.800000000000004,40.53333333333333,11.9,21.549999999999997,1.0,1.0,1.0,1.0,1.0,1.0
512,Oman,2022,3055.7,92.75,102.73,20.298005479452055,25.653767123287672,2443.0,2443.0,61.075,40.71666666666667,11.9,21.549999999999997,1.0,1.0,1.0,1.0,1.0,1.0
512,Oman,2023,2981.34,85.64,97.47,19.65595616438356,25.411347945205478,2463.0,2463.0,61.575,41.05,11.9,21.549999999999997,1.0,1.0,1.0,1.0,1.0,1.0
516,Namibia,2010,2260.81,66.47,56.86,12.586575342465753,16.177205479452056,2314.0,2314.0,57.85,38.56666666666666,11.9,21.549999999999997,0.9770138288677614,1.0,1.0,1.0,0.7506823888376825,0.9455392435410888
516,Namibia,2011,2292.97,67.58,56.37,12.74017808219178,16.48195068493151,2314.0,2314.0,57.85,38.56666666666666,11.9,21.549999999999997,0.9909118409680207,1.0,1.0,1.0,0.7648236976766362,0.9511471077289313
516,Namibia,2012,2401.57,67.65,60.86,13.116131506849316,18.141835616438357,2313.0,2313.0,57.825,38.55,11.9,21.549999999999997,1.0,1.0,1.0,1.0,0.8418485204843786,0.9683697040968757
516,Namibia,2013,2442.63,66.79,62.44,13.079734246575342,17.94367123287671,2313.0,2313.0,57.825,38.55,11.9,21.549999999999997,1.0,1.0,1.0,1.0,0.8326529574420748,0.9665305914884149
516,Namibia,2014,2427.4,66.32,66.46,13.327416438356165,17.917863013698632,2311.0,2311.0,57.775000000000006,38.516666666666666,11.9,21.549999999999997,1.0,1.0,1.0,1.0,0.8314553602644378,0.9662910720528876
516,Namibia,2015,2465.47,67.13,66.03999999999999,13.679879452054795,18.41745205479452,2310.0,2310.0,57.75,38.5,11.9,21.549999999999997,1.0,1.0,1.0,1.0,0.8546381463941773,0.9709276292788355
516,Namibia,2016,2442.38,67.1,64.28999999999999,13.883145205479453,18.507649315068495,2308.0,2308.0,57.7,38.46666666666667,11.9,21.549999999999997,1.0,1.0,1.0,1.0,0.858823634109907,0.9717647268219813
516,Namibia,2017,2450.75,67.43,66.59,14.124997260273974,18.781917808219177,2306.0,2306.0,57.650000000000006,38.43333333333333,11.9,21.549999999999997,1.0,1.0,1.0,1.0,0.8715507103581985,0.9743101420716396
516,Namibia,2018,2427.61,67.43,61.79,14.131164383561643,18.6384,2304.0,2304.0,57.6,38.4,11.9,21.549999999999997,1.0,1.0,1.0,1.0,0.8648909512761023,0.9729781902552205
516,Namibia,2019,2477.62,64.36,64.91,13.625723287671233,18.536112328767125,2303.0,2303.0,57.575,38.38333333333333,11.9,21.549999999999997,1.0,1.0,1.0,1.0,0.8601444236086834,0.9720288847217367
516,Namibia,2020,2449.97,66.43,66.28999999999999,13.81418904109589,18.33138630136986,2301.0,2301.0,57.525000000000006,38.349999999999994,11.9,21.549999999999997,1.0,1.0,1.0,1.0,0.8506443759336364,0.9701288751867272
516,Namibia,2021,2485.21,66.17,66.61,14.023334246575343,18.86563287671233,2297.0,2297.0,57.425000000000004,38.28333333333333,11.9,21.549999999999997,1.0,1.0,1.0,1.0,0.8754354003114772,0.9750870800622954
516,Namibia,2022,2545.62,67.45,65.72,14.057194520547945,18.53892328767123,2297.0,2297.0,57.425000000000004,38.28333333333333,11.9,21.549999999999997,1.0,1.0,1.0,1.0,0.8602748625369482,0.9720549725073896
516,Namibia,2023,2581.13,64.17,62.699999999999996,14.309043835616439,18.99076712328767,2303.0,2303.0,57.575,38.38333333333333,11.9,21.549999999999997,1.0,1.0,1.0,1.0,0.8812420938880591,0.9762484187776119
524,Nepal,2010,2513.0,66.19,53.13,15.600128767123287,20.56451506849315,2217.0,2217.0,55.425000000000004,36.95,11.9,21.549999999999997,1.0,1.0,1.0,1.0,0.9542698407653436,0.9908539681530687
524,Nepal,2011,2547.61,68.21000000000001,53.25,15.922983561643836,21.19071780821918,2227.0,2227.0,55.675000000000004,37.11666666666667,11.9,21.549999999999997,1.0,1.0,1.0,1.0,0.9833279725391733,0.9966655945078348
524,Nepal,2012,2598.92,69.43,55.39,16.09780821917808,21.552780821917807,2233.0,2233.0,55.825,37.21666666666667,11.9,21.549999999999997,1.0,1.0,1.0,1.0,1.0,1.0
524,Nepal,2013,2626.88,70.75,55.78,16.374509589041097,22.03449315068493,2237.0,2237.0,55.925000000000004,37.28333333333333,11.9,21.549999999999997,1.0,1.0,1.0,1.0,1.0,1.0
524,Nepal,2014,2657.91,72.42,55.18,16.598043835616437,22.57792602739726,2240.0,2240.0,56.0,37.333333333333336,11.9,21.549999999999997,1.0,1.0,1.0,1.0,1.0,1.0
524,Nepal,2015,2690.56,73.42,55.660000000000004,16.743923287671233,22.739775342465755,2245.0,2245.0,56.125,37.416666666666664,11.9,21.549999999999997,1.0,1.0,1.0,1.0,1.0,1.0
524,Nepal,2016,2794.58,76.01,61.05,17.170684931506848,23.593084931506848,2248.0,2248.0,56.2,37.46666666666667,11.9,21.549999999999997,1.0,1.0,1.0,1.0,1.0,1.0
524,Nepal,2017,2846.61,77.42,63.46,17.44269315068493,24.048290410958902,2250.0,2250.0,56.25,37.5,11.9,21.549999999999997,1.0,1.0,1.0,1.0,1.0,1.0
524,Nepal,2018,2854.65,79.12,61.83,17.755087671232875,24.484865753424657,2252.0,2252.0,56.300000000000004,37.53333333333333,11.9,21.549999999999997,1.0,1.0,1.0,1.0,1.0,1.0
524,Nepal,2019,2887.29,81.67,62.4,18.28815068493151,25.33286575342466,2258.0,2258.0,56.45,37.63333333333333,11.9,21.549999999999997,1.0,1.0,1.0,1.0,1.0,1.0
524,Nepal,2020,2938.37,84.68,62.67,18.39776712328767,25.802520547945203,2268.0,2268.0,56.7,37.8,11.9,21.549999999999997,1.0,1.0,1.0,1.0,1.0,1.0
524,Nepal,2021,2994.06,84.63,65.17,18.423591780821916,25.79210410958904,2276.0,2276.0,56.900000000000006,37.93333333333333,11.9,21.549999999999997,1.0,1.0,1.0,1.0,1.0,1.0
524,Nepal,2022,2972.14,83.44,64.71,18.33721917808219,25.362865753424657,2280.0,2280.0,57.0,38.0,11.9,21.549999999999997,1.0,1.0,1.0,1.0,1.0,1.0
524,Nepal,2023,2919.7999999999997,81.7,62.230000000000004,17.97328219178082,25.299084931506847,2279.0,2279.0,56.975,37.98333333333333,11.9,21.549999999999997,1.0,1.0,1.0,1.0,1.0,1.0
528,Netherlands (Kingdom of the),2010,3193.39,110.04,124.28,19.36720273972603,21.002287671232878,2572.0,2572.0,64.3,42.86666666666667,11.9,21.549999999999997,1.0,1.0,1.0,1.0,0.9745841146743797,0.9949168229348759
528,Netherlands (Kingdom of the),2011,3196.57,108.76,121.67999999999999,19.614180821917806,20.949953424657533,2572.0,2572.0,64.3,42.86666666666667,11.9,21.549999999999997,1.0,1.0,1.0,1.0,0.9721556113530179,0.9944311222706036
528,Netherlands (Kingdom of the),2012,3211.86,114.69,123.84,20.369301369863013,21.263361643835616,2573.0,2573.0,64.325,42.88333333333333,11.9,21.549999999999997,1.0,1.0,1.0,1.0,0.9866989161872677,0.9973397832374535
528,Netherlands (Kingdom of the),2013,3215.29,114.37,125.48,20.95101095890411,22.044104109589043,2575.0,2575.0,64.375,42.916666666666664,11.9,21.549999999999997,1.0,1.0,1.0,1.0,1.0,1.0
528,Netherlands (Kingdom of the),2014,3229.54,110.83,128.88,20.363939726027397,21.974564383561646,2576.0,2576.0,64.4,42.93333333333333,11.9,21.549999999999997,1.0,1.0,1.0,1.0,1.0,1.0
528,Netherlands (Kingdom of the),2015,3261.0299999999997,110.77000000000001,129.62,20.65725205479452,21.656257534246574,2577.0,2577.0,64.425,42.95,11.9,21.549999999999997,1.0,1.0,1.0,1.0,1.0,1.0
528,Netherlands (Kingdom of the),2016,3241.82,110.32,130.51,20.959038356164385,22.088775342465752,2578.0,2578.0,64.45,42.96666666666667,11.9,21.549999999999997,1.0,1.0,1.0,1.0,1.0,1.0
528,Netherlands (Kingdom of the),2017,3252.47,104.74000000000001,126.28999999999999,22.502054794520546,24.09071506849315,2579.0,2579.0,64.47500000000001,42.98333333333333,11.9,21.549999999999997,1.0,1.0,1.0,1.0,1.0,1.0
528,Netherlands (Kingdom of the),2018,3292.2,107.09,139.99,24.305632876712327,26.679317808219178,2580.0,2580.0,64.5,43.0,11.9,21.549999999999997,1.0,1.0,1.0,1.0,1.0,1.0
528,Netherlands (Kingdom of the),2019,3433.62,107.44,133.04,21.97558904109589,24.436917808219178,2580.0,2580.0,64.5,43.0,11.9,21.549999999999997,1.0,1.0,1.0,1.0,1.0,1.0
528,Netherlands (Kingdom of the),2020,3435.64,111.34,137.37,23.102112328767124,25.46800273972603,2581.0,2581.0,64.525,43.016666666666666,11.9,21.549999999999997,1.0,1.0,1.0,1.0,1.0,1.0
528,Netherlands (Kingdom of the),2021,3462.13,112.04,142.73,22.952882191780823,25.352046575342467,2581.0,2581.0,64.525,43.016666666666666,11.9,21.549999999999997,1.0,1.0,1.0,1.0,1.0,1.0
528,Netherlands (Kingdom of the),2022,3471.64,114.71000000000001,140.91,23.13529589041096,25.38716712328767,2581.0,2581.0,64.525,43.016666666666666,11.9,21.549999999999997,1.0,1.0,1.0,1.0,1.0,1.0
528,Netherlands (Kingdom of the),2023,3467.0,117.07,142.28,23.856972602739727,25.297068493150686,2581.0,2581.0,64.525,43.016666666666666,11.9,21.549999999999997,1.0,1.0,1.0,1.0,1.0,1.0
540,New Caledonia,2010,2774.0,92.78,117.53,20.693304109589043,25.76464383561644,2312.0,2312.0,57.800000000000004,38.53333333333333,11.9,21.549999999999997,1.0,1.0,1.0,1.0,1.0,1.0
540,New Caledonia,2011,2745.42,94.67,114.7,21.056983561643836,25.977578082191783,2314.0,2314.0,57.85,38.56666666666666,11.9,21.549999999999997,1.0,1.0,1.0,1.0,1.0,1.0
540,New Caledonia,2012,2730.54,94.31,114.06,21.065687671232876,26.133438356164383,2315.0,2315.0,57.875,38.583333333333336,11.9,21.549999999999997,1.0,1.0,1.0,1.0,1.0,1.0
540,New Caledonia,2013,2755.86,93.67999999999999,114.33,20.904413698630137,25.313528767123287,2316.0,2316.0,57.900000000000006,38.599999999999994,11.9,21.549999999999997,1.0,1.0,1.0,1.0,1.0,1.0
540,New Caledonia,2014,2771.01,94.88,106.36,21.728487671232873,26.84855616438356,2318.0,2318.0,57.95,38.63333333333333,11.9,21.549999999999997,1.0,1.0,1.0,1.0,1.0,1.0
540,New Caledonia,2015,2779.79,92.13,106.45,21.152394520547944,26.218413698630137,2320.0,2320.0,58.0,38.666666666666664,11.9,21.549999999999997,1.0,1.0,1.0,1.0,1.0,1.0
540,New Caledonia,2016,2801.47,93.69,107.19,21.40491232876712,25.998747945205476,2323.0,2323.0,58.075,38.71666666666667,11.9,21.549999999999997,1.0,1.0,1.0,1.0,1.0,1.0
540,New Caledonia,2017,2812.09,94.13000000000001,107.12,21.75472602739726,26.37881095890411,2326.0,2326.0,58.150000000000006,38.766666666666666,11.9,21.549999999999997,1.0,1.0,1.0,1.0,1.0,1.0
540,New Caledonia,2018,2834.69,94.84,109.58,20.737309589041097,24.730561643835618,2328.0,2328.0,58.2,38.8,11.9,21.549999999999997,1.0,1.0,1.0,1.0,1.0,1.0
540,New Caledonia,2019,2914.06,102.05,111.92,22.21115890410959,26.71716438356164,2330.0,2330.0,58.25,38.833333333333336,11.9,21.549999999999997,1.0,1.0,1.0,1.0,1.0,1.0
540,New Caledonia,2020,2930.86,103.0,116.28,22.00098082191781,26.427597260273973,2331.0,2331.0,58.275000000000006,38.849999999999994,11.9,21.549999999999997,1.0,1.0,1.0,1.0,1.0,1.0
540,New Caledonia,2021,2977.54,103.11,119.22,22.589665753424658,27.420953424657533,2332.0,2332.0,58.300000000000004,38.86666666666667,11.9,21.549999999999997,1.0,1.0,1.0,1.0,1.0,1.0
540,New Caledonia,2022,3000.7200000000003,106.45,119.74,22.840230136986303,28.072389041095892,2333.0,2333.0,58.325,38.88333333333333,11.9,21.549999999999997,1.0,1.0,1.0,1.0,1.0,1.0
540,New Caledonia,2023,3016.38,105.72,124.14,22.7198301369863,27.660671232876712,2333.0,2333.0,58.325,38.88333333333333,11.9,21.549999999999997,1.0,1.0,1.0,1.0,1.0,1.0
548,Vanuatu,2010,2934.02,75.98,127.08,20.327030136986302,32.01290410958904,2184.0,2184.0,54.6,36.4,11.9,21.549999999999997,1.0,1.0,1.0,1.0,1.0,1.0
548,Vanuatu,2011,2902.18,75.34,127.25,19.853120547945206,31.223060273972603,2181.0,2181.0,54.525000000000006,36.349999999999994,11.9,21.549999999999997,1.0,1.0,1.0,1.0,1.0,1.0
548,Vanuatu,2012,2864.04,76.84,122.69,20.146350684931505,31.34507671232877,2177.0,2177.0,54.425000000000004,36.28333333333333,11.9,21.549999999999997,1.0,1.0,1.0,1.0,1.0,1.0
548,Vanuatu,2013,2879.48,77.95,122.18,20.9225698630137,32.458068493150684,2174.0,2174.0,54.35,36.23333333333333,11.9,21.549999999999997,1.0,1.0,1.0,1.0,1.0,1.0
548,Vanuatu,2014,2929.67,78.14,126.36,21.239849315068493,31.9491397260274,2170.0,2170.0,54.25,36.166666666666664,11.9,21.549999999999997,1.0,1.0,1.0,1.0,1.0,1.0
548,Vanuatu,2015,2913.4,78.33,123.61,21.121183561643836,32.33476164383562,2167.0,2167.0,54.175000000000004,36.11666666666667,11.9,21.549999999999997,1.0,1.0,1.0,1.0,1.0,1.0
548,Vanuatu,2016,2919.93,79.19,114.91,20.906435616438355,31.598463013698627,2164.0,2164.0,54.1,36.06666666666666,11.9,21.549999999999997,1.0,1.0,1.0,1.0,1.0,1.0
548,Vanuatu,2017,2960.59,80.82,114.32000000000001,21.580230136986305,31.61241369863014,2162.0,2162.0,54.050000000000004,36.03333333333333,11.9,21.549999999999997,1.0,1.0,1.0,1.0,1.0,1.0
548,Vanuatu,2018,2951.89,79.08,120.1,20.299460273972603,29.820594520547946,2162.0,2162.0,54.050000000000004,36.03333333333333,11.9,21.549999999999997,1.0,1.0,1.0,1.0,1.0,1.0
548,Vanuatu,2019,2916.77,76.73,120.68,20.389331506849317,30.502506849315072,2163.0,2163.0,54.075,36.05,11.9,21.549999999999997,1.0,1.0,1.0,1.0,1.0,1.0
548,Vanuatu,2020,2921.45,77.34,116.71000000000001,20.407657534246574,30.253794520547945,2166.0,2166.0,54.150000000000006,36.099999999999994,11.9,21.549999999999997,1.0,1.0,1.0,1.0,1.0,1.0
548,Vanuatu,2021,2916.23,78.1,117.36999999999999,20.199175342465754,29.526213698630137,2168.0,2168.0,54.2,36.13333333333333,11.9,21.549999999999997,1.0,1.0,1.0,1.0,1.0,1.0
548,Vanuatu,2022,2913.74,73.41,111.39999999999999,20.452575342465753,30.182424657534245,2172.0,2172.0,54.300000000000004,36.2,11.9,21.549999999999997,1.0,1.0,1.0,1.0,1.0,1.0
548,Vanuatu,2023,2909.0499999999997,74.63,111.64,21.763991780821918,32.19650410958904,2177.0,2177.0,54.425000000000004,36.28333333333333,11.9,21.549999999999997,1.0,1.0,1.0,1.0,1.0,1.0
554,New Zealand,2010,3142.44,96.74,115.3,21.078646575342468,24.50650410958904,2477.0,2477.0,61.925000000000004,41.28333333333333,11.9,21.549999999999997,1.0,1.0,1.0,1.0,1.0,1.0
554,New Zealand,2011,3258.12,105.42999999999999,133.56,20.873668493150685,22.292942465753423,2476.0,2476.0,61.900000000000006,41.266666666666666,11.9,21.549999999999997,1.0,1.0,1.0,1.0,1.0,1.0
554,New Zealand,2012,3229.87,101.5,120.72,21.882235616438354,24.957591780821918,2476.0,2476.0,61.900000000000006,41.266666666666666,11.9,21.549999999999997,1.0,1.0,1.0,1.0,1.0,1.0
554,New Zealand,2013,3297.2,103.4,126.46,22.101032876712328,24.899312328767124,2477.0,2477.0,61.925000000000004,41.28333333333333,11.9,21.549999999999997,1.0,1.0,1.0,1.0,1.0,1.0
554,New Zealand,2014,3233.66,103.29,116.32000000000001,22.124747945205478,25.498553424657533,2480.0,2480.0,62.0,41.333333333333336,11.9,21.549999999999997,1.0,1.0,1.0,1.0,1.0,1.0
554,New Zealand,2015,3194.45,100.79,113.76,22.06102191780822,25.497958904109588,2484.0,2484.0,62.1,41.4,11.9,21.549999999999997,1.0,1.0,1.0,1.0,1.0,1.0
554,New Zealand,2016,3154.1,104.79,112.65,22.94227397260274,25.648945205479453,2488.0,2488.0,62.2,41.46666666666667,11.9,21.549999999999997,1.0,1.0,1.0,1.0,1.0,1.0
554,New Zealand,2017,3126.79,98.69,112.37,21.69644931506849,24.89754794520548,2491.0,2491.0,62.275000000000006,41.516666666666666,11.9,21.549999999999997,1.0,1.0,1.0,1.0,1.0,1.0
554,New Zealand,2018,3153.96,104.11,115.17,22.766975342465752,26.25093424657534,2493.0,2493.0,62.325,41.55,11.9,21.549999999999997,1.0,1.0,1.0,1.0,1.0,1.0
554,New Zealand,2019,3115.5099999999998,102.58,112.9,22.603079452054793,25.941016438356165,2494.0,2494.0,62.35,41.56666666666666,11.9,21.549999999999997,1.0,1.0,1.0,1.0,1.0,1.0
554,New Zealand,2020,3148.15,98.04,118.92,21.972983561643836,25.620452054794523,2496.0,2496.0,62.400000000000006,41.599999999999994,11.9,21.549999999999997,1.0,1.0,1.0,1.0,1.0,1.0
554,New Zealand,2021,3151.17,99.81,119.22,22.2241698630137,26.104580821917807,2496.0,2496.0,62.400000000000006,41.599999999999994,11.9,21.549999999999997,1.0,1.0,1.0,1.0,1.0,1.0
554,New Zealand,2022,3133.91,104.92,115.02,22.841731506849314,25.840479452054794,2497.0,2497.0,62.425000000000004,41.61666666666667,11.9,21.549999999999997,1.0,1.0,1.0,1.0,1.0,1.0
554,New Zealand,2023,3121.54,100.98,104.97,22.48465205479452,27.034131506849313,2499.0,2499.0,62.475,41.65,11.9,21.549999999999997,1.0,1.0,1.0,1.0,1.0,1.0
558,Nicaragua,2010,2538.74,62.44,57.74,13.559583561643835,17.65341095890411,2267.0,2267.0,56.675000000000004,37.78333333333333,11.9,21.549999999999997,1.0,1.0,1.0,1.0,0.8191838031974067,0.9638367606394814
558,Nicaragua,2011,2570.87,63.480000000000004,62.27,13.690000000000001,18.162813698630135,2270.0,2270.0,56.75,37.833333333333336,11.9,21.549999999999997,1.0,1.0,1.0,1.0,0.8428219813749483,0.9685643962749897
558,Nicaragua,2012,2581.65,63.51,57.480000000000004,13.487205479452054,18.091416438356163,2274.0,2274.0,56.85,37.9,11.9,21.549999999999997,1.0,1.0,1.0,1.0,0.8395088834504021,0.9679017766900804
558,Nicaragua,2013,2570.69,63.39,55.87,13.360646575342466,17.419416438356166,2277.0,2277.0,56.925000000000004,37.95,11.9,21.549999999999997,1.0,1.0,1.0,1.0,0.8083255887868291,0.9616651177573659
558,Nicaragua,2014,2552.52,65.89,60.06,13.748082191780822,17.79917808219178,2280.0,2280.0,57.0,38.0,11.9,21.549999999999997,1.0,1.0,1.0,1.0,0.8259479388488066,0.9651895877697614
558,Nicaragua,2015,2557.64,64.44,58.49,13.6631698630137,17.41188493150685,2284.0,2284.0,57.1,38.06666666666666,11.9,21.549999999999997,1.0,1.0,1.0,1.0,0.8079760989098308,0.9615952197819662
558,Nicaragua,2016,2638.19,66.19,60.54,14.01745205479452,18.103290410958902,2287.0,2287.0,57.175000000000004,38.11666666666667,11.9,21.549999999999997,1.0,1.0,1.0,1.0,0.8400598798588819,0.9680119759717764
558,Nicaragua,2017,2668.15,66.68,64.57000000000001,14.647060273972604,18.65407397260274,2291.0,2291.0,57.275000000000006,38.18333333333333,11.9,21.549999999999997,1.0,1.0,1.0,1.0,0.8656182817913105,0.9731236563582621
558,Nicaragua,2018,2644.52,67.51,61.19,14.85121095890411,19.484071232876712,2295.0,2295.0,57.375,38.25,11.9,21.549999999999997,1.0,1.0,1.0,1.0,0.9041332358643487,0.9808266471728697
558,Nicaragua,2019,2680.61,69.98,66.04,14.810043835616439,18.51411780821918,2299.0,2299.0,57.475,38.31666666666666,11.9,21.549999999999997,1.0,1.0,1.0,1.0,0.8591237962050664,0.9718247592410133
558,Nicaragua,2020,2700.4700000000003,71.94,64.02,14.958553424657534,18.6203698630137,2303.0,2303.0,57.575,38.38333333333333,11.9,21.549999999999997,1.0,1.0,1.0,1.0,0.8640542859867147,0.972810857197343
558,Nicaragua,2021,2751.13,74.15,64.84,15.208939726027397,18.891071232876712,2307.0,2307.0,57.675000000000004,38.45,11.9,21.549999999999997,1.0,1.0,1.0,1.0,0.8766158344722373,0.9753231668944474
558,Nicaragua,2022,2798.5,76.82,67.46000000000001,16.150890410958905,20.002408219178083,2311.0,2311.0,57.775000000000006,38.516666666666666,11.9,21.549999999999997,1.0,1.0,1.0,1.0,0.9281859962495631,0.9856371992499126
562,Niger,2010,2556.11,90.46000000000001,55.34,18.019613698630135,30.50711506849315,2132.0,2132.0,53.300000000000004,35.53333333333333,11.9,21.549999999999997,1.0,1.0,1.0,1.0,1.0,1.0
562,Niger,2011,2470.61,87.28,55.82,17.116600000000002,29.29032328767123,2132.0,2132.0,53.300000000000004,35.53333333333333,11.9,21.549999999999997,1.0,1.0,1.0,1.0,1.0,1.0
562,Niger,2012,2513.38,86.49,50.36,16.97063287671233,28.875947945205475,2134.0,2134.0,53.35,35.56666666666666,11.9,21.549999999999997,1.0,1.0,1.0,1.0,1.0,1.0
562,Niger,2013,2520.83,87.03,51.84,17.094920547945204,29.14669315068493,2136.0,2136.0,53.400000000000006,35.599999999999994,11.9,21.549999999999997,1.0,1.0,1.0,1.0,1.0,1.0
562,Niger,2014,2520.79,85.94,55.38,17.078339726027398,28.86970684931507,2138.0,2138.0,53.45,35.63333333333333,11.9,21.549999999999997,1.0,1.0,1.0,1.0,1.0,1.0
562,Niger,2015,2586.6200000000003,87.58,51.72,17.279868493150687,29.635594520547944,2141.0,2141.0,53.525000000000006,35.68333333333333,11.9,21.549999999999997,1.0,1.0,1.0,1.0,1.0,1.0
562,Niger,2016,2620.81,90.32,53.98,17.895471232876712,30.68634794520548,2145.0,2145.0,53.625,35.75,11.9,21.549999999999997,1.0,1.0,1.0,1.0,1.0,1.0
562,Niger,2017,2600.98,88.68,53.44,17.527186301369863,29.70601917808219,2149.0,2149.0,53.725,35.81666666666666,11.9,21.549999999999997,1.0,1.0,1.0,1.0,1.0,1.0
562,Niger,2018,2687.23,91.29,55.94,18.202046575342465,30.956227397260275,2154.0,2154.0,53.85,35.9,11.9,21.549999999999997,1.0,1.0,1.0,1.0,1.0,1.0
562,Niger,2019,2651.62,90.82,57.36,17.962728767123288,30.274213698630135,2159.0,2159.0,53.975,35.98333333333333,11.9,21.549999999999997,1.0,1.0,1.0,1.0,1.0,1.0
562,Niger,2020,2712.97,90.95,59.79,18.083775342465753,30.31232602739726,2164.0,2164.0,54.1,36.06666666666666,11.9,21.549999999999997,1.0,1.0,1.0,1.0,1.0,1.0
562,Niger,2021,2583.46,90.02,59.01,16.535183561643834,27.229224657534246,2170.0,2170.0,54.25,36.166666666666664,11.9,21.549999999999997,1.0,1.0,1.0,1.0,1.0,1.0
562,Niger,2022,2694.91,90.95,57.79,17.179769863013696,28.92168219178082,2176.0,2176.0,54.400000000000006,36.266666666666666,11.9,21.549999999999997,1.0,1.0,1.0,1.0,1.0,1.0
562,Niger,2023,2654.02,92.52,59.49,17.132942465753423,29.098923287671234,2181.0,2181.0,54.525000000000006,36.349999999999994,11.9,21.549999999999997,1.0,1.0,1.0,1.0,1.0,1.0
566,Nigeria,2010,2566.18,62.08,61.51,13.136969863013698,19.23368493150685,2167.0,2167.0,54.175000000000004,36.11666666666667,11.9,21.549999999999997,1.0,1.0,1.0,1.0,0.8925143819724758,0.9785028763944952
566,Nigeria,2011,2528.94,60.71,61.08,12.937419178082191,19.319479452054793,2169.0,2169.0,54.225,36.15,11.9,21.549999999999997,1.0,1.0,1.0,1.0,0.8964955662206402,0.979299113244128
566,Nigeria,2012,2511.18,60.28,61.57,12.81329589041096,19.410810958904108,2171.0,2171.0,54.275000000000006,36.18333333333333,11.9,21.549999999999997,1.0,1.0,1.0,1.0,0.9007336871881257,0.9801467374376251
566,Nigeria,2013,2502.38,59.81,59.9,12.661323287671232,19.105819178082193,2174.0,2174.0,54.35,36.23333333333333,11.9,21.549999999999997,1.0,1.0,1.0,1.0,0.8865809363379209,0.9773161872675843
566,Nigeria,2014,2562.19,61.13,64.15,12.934624657534247,18.91269315068493,2178.0,2178.0,54.45,36.3,11.9,21.549999999999997,1.0,1.0,1.0,1.0,0.877619171725519,0.9755238343451038
566,Nigeria,2015,2560.68,60.02,62.92,12.760402739726027,18.64764109589041,2183.0,2183.0,54.575,36.38333333333333,11.9,21.549999999999997,1.0,1.0,1.0,1.0,0.8653197724311097,0.973063954486222
566,Nigeria,2016,2561.62,60.91,62.18,12.982882191780822,19.158679452054795,2188.0,2188.0,54.7,36.46666666666667,11.9,21.549999999999997,1.0,1.0,1.0,1.0,0.8890338492832852,0.977806769856657
566,Nigeria,2017,2558.5099999999998,61.879999999999995,64.77,12.98522191780822,19.285849315068493,2195.0,2195.0,54.875,36.583333333333336,11.9,21.549999999999997,1.0,1.0,1.0,1.0,0.8949350030194198,0.9789870006038839
566,Nigeria,2018,2519.66,60.86,63.06,12.823054794520548,18.89761369863014,2203.0,2203.0,55.075,36.71666666666667,11.9,21.549999999999997,1.0,1.0,1.0,1.0,0.8769194291707721,0.9753838858341544
566,Nigeria,2019,2533.67,59.62,62.440000000000005,12.982501369863014,19.62124383561644,2209.0,2209.0,55.225,36.81666666666666,11.9,21.549999999999997,1.0,1.0,1.0,1.0,0.9104985538569115,0.9820997107713823
566,Nigeria,2020,2497.83,58.43,62.8,13.172893150684931,19.84280273972603,2217.0,2217.0,55.425000000000004,36.95,11.9,21.549999999999997,1.0,1.0,1.0,1.0,0.9207797095000478,0.9841559419000095
566,Nigeria,2021,2546.54,58.879999999999995,62.99,13.115106849315069,19.712120547945204,2224.0,2224.0,55.6,37.06666666666666,11.9,21.549999999999997,1.0,1.0,1.0,1.0,0.9147155706703113,0.9829431141340622
566,Nigeria,2022,2520.65,58.35,63.4,12.904534246575343,19.721254794520547,2231.0,2231.0,55.775000000000006,37.18333333333333,11.9,21.549999999999997,1.0,1.0,1.0,1.0,0.9151394336204431,0.9830278867240887
566,Nigeria,2023,2470.11,57.03,62.62,12.58662191780822,19.11314794520548,2238.0,2238.0,55.95,37.3,11.9,21.549999999999997,1.0,1.0,1.0,1.0,0.8869210183390015,0.9773842036678003
578,Norway,2010,3570.0499999999997,132.9,137.95,24.53950684931507,28.758435616438355,2539.0,2539.0,63.475,42.31666666666666,11.9,21.549999999999997,1.0,1.0,1.0,1.0,1.0,1.0
578,Norway,2011,3561.4,131.54,138.74,24.52053698630137,28.667038356164383,2540.0,2540.0,63.5,42.333333333333336,11.9,21.549999999999997,1.0,1.0,1.0,1.0,1.0,1.0
578,Norway,2012,3579.56,130.52,139.88,25.092356164383563,29.018865753424656,2542.0,2542.0,63.550000000000004,42.36666666666667,11.9,21.549999999999997,1.0,1.0,1.0,1.0,1.0,1.0
578,Norway,2013,3562.33,128.99,137.69,25.118484931506853,29.061208219178084,2544.0,2544.0,63.6,42.4,11.9,21.549999999999997,1.0,1.0,1.0,1.0,1.0,1.0
578,Norway,2014,3518.69,124.52,137.74,24.745235616438357,28.525399999999998,2545.0,2545.0,63.625,42.416666666666664,11.9,21.549999999999997,1.0,1.0,1.0,1.0,1.0,1.0
578,Norway,2015,3458.93,125.53,134.97,24.48815890410959,28.066794520547944,2546.0,2546.0,63.650000000000006,42.43333333333333,11.9,21.549999999999997,1.0,1.0,1.0,1.0,1.0,1.0
578,Norway,2016,3418.2,124.19,133.42,24.633797260273973,28.38629589041096,2547.0,2547.0,63.675000000000004,42.45,11.9,21.549999999999997,1.0,1.0,1.0,1.0,1.0,1.0
578,Norway,2017,3417.9,126.47,131.89000000000001,24.34469315068493,28.025027397260274,2548.0,2548.0,63.7,42.46666666666667,11.9,21.549999999999997,1.0,1.0,1.0,1.0,1.0,1.0
578,Norway,2018,3487.2599999999998,129.58,135.0,26.08728767123288,29.956235616438356,2549.0,2549.0,63.725,42.48333333333333,11.9,21.549999999999997,1.0,1.0,1.0,1.0,1.0,1.0
578,Norway,2019,3533.81,130.34,137.04,26.388465753424658,30.594906849315066,2551.0,2551.0,63.775000000000006,42.516666666666666,11.9,21.549999999999997,1.0,1.0,1.0,1.0,1.0,1.0
578,Norway,2020,3533.14,129.76,138.7,26.695901369863012,31.071019178082192,2554.0,2554.0,63.85,42.56666666666666,11.9,21.549999999999997,1.0,1.0,1.0,1.0,1.0,1.0
578,Norway,2021,3507.68,128.45,139.92000000000002,27.147249315068496,31.18243287671233,2556.0,2556.0,63.900000000000006,42.599999999999994,11.9,21.549999999999997,1.0,1.0,1.0,1.0,1.0,1.0
578,Norway,2022,3486.89,126.13,138.65,26.495909589041098,30.75350684931507,2557.0,2557.0,63.925000000000004,42.61666666666667,11.9,21.549999999999997,1.0,1.0,1.0,1.0,1.0,1.0
578,Norway,2023,3475.57,125.44,137.29,26.38259178082192,30.689161643835618,2559.0,2559.0,63.975,42.65,11.9,21.549999999999997,1.0,1.0,1.0,1.0,1.0,1.0
583,Micronesia (Federated States of),2019,2790.9300000000003,78.74,114.48,16.661493150684933,24.247471232876713,2242.0,2242.0,56.050000000000004,37.36666666666667,11.9,21.549999999999997,1.0,1.0,1.0,1.0,1.0,1.0
583,Micronesia (Federated States of),2020,2780.87,77.72,113.23,16.61827671232877,24.07359726027397,2244.0,2244.0,56.1,37.4,11.9,21.549999999999997,1.0,1.0,1.0,1.0,1.0,1.0
583,Micronesia (Federated States of),2021,2804.81,78.19,123.3,18.2908301369863,27.468397260273978,2246.0,2246.0,56.150000000000006,37.43333333333333,11.9,21.549999999999997,1.0,1.0,1.0,1.0,1.0,1.0
583,Micronesia (Federated States of),2022,2736.12,74.84,120.91,17.845000000000002,27.502619178082192,2247.0,2247.0,56.175000000000004,37.45,11.9,21.549999999999997,1.0,1.0,1.0,1.0,1.0,1.0
583,Micronesia (Federated States of),2023,2633.23,71.94,124.10000000000001,17.76444109589041,28.110679452054796,2248.0,2248.0,56.2,37.46666666666667,11.9,21.549999999999997,1.0,1.0,1.0,1.0,1.0,1.0
586,Pakistan,2010,2349.3500000000004,66.87,71.19,12.766260273972602,14.878715068493149,2216.0,2216.0,55.400000000000006,36.93333333333333,11.9,21.549999999999997,1.0,1.0,1.0,1.0,0.6904276133871532,0.9380855226774306
586,Pakistan,2011,2353.35,65.25999999999999,72.8,12.22253698630137,13.826202739726028,2217.0,2217.0,55.425000000000004,36.95,11.9,21.549999999999997,1.0,1.0,1.0,1.0,0.6415871340940154,0.928317426818803
586,Pakistan,2012,2356.51,65.14,74.73,12.29464109589041,14.092356164383562,2218.0,2218.0,55.45,36.96666666666667,11.9,21.549999999999997,1.0,1.0,1.0,1.0,0.6539376410386805,0.9307875282077361
586,Pakistan,2013,2366.24,67.15,71.99,12.725912328767123,14.484260273972602,2218.0,2218.0,55.45,36.96666666666667,11.9,21.549999999999997,1.0,1.0,1.0,1.0,0.6721234465880559,0.9344246893176112
586,Pakistan,2014,2354.61,64.96000000000001,74.6,12.031547945205478,13.676794520547945,2218.0,2218.0,55.45,36.96666666666667,11.9,21.549999999999997,1.0,1.0,1.0,1.0,0.6346540380764709,0.9269308076152942
586,Pakistan,2015,2379.4,67.78,80.00999999999999,12.531613698630135,14.091493150684931,2219.0,2219.0,55.475,36.98333333333333,11.9,21.549999999999997,1.0,1.0,1.0,1.0,0.6538975939993008,0.9307795187998602
586,Pakistan,2016,2437.69,66.56,77.58,12.190687671232876,13.957424657534247,2219.0,2219.0,55.475,36.98333333333333,11.9,21.549999999999997,1.0,1.0,1.0,1.0,0.6476763182150463,0.9295352636430092
586,Pakistan,2017,2522.92,69.92,86.33,12.782542465753423,14.462942465753425,2221.0,2221.0,55.525000000000006,37.016666666666666,11.9,21.549999999999997,1.0,1.0,1.0,1.0,0.671134221148651,0.9342268442297301
586,Pakistan,2018,2368.96,68.8,87.46,12.470065753424658,14.0823698630137,2224.0,2224.0,55.6,37.06666666666666,11.9,21.549999999999997,1.0,1.0,1.0,1.0,0.6534742395830024,0.9306948479166005
586,Pakistan,2019,2526.53,70.93,92.21,12.740279452054795,14.52010684931507,2227.0,2227.0,55.675000000000004,37.11666666666667,11.9,21.549999999999997,1.0,1.0,1.0,1.0,0.6737868607570799,0.934757372151416
586,Pakistan,2020,2520.04,72.19,88.6,13.201213698630138,15.19539178082192,2231.0,2231.0,55.775000000000006,37.18333333333333,11.9,21.549999999999997,1.0,1.0,1.0,1.0,0.7051225884372122,0.9410245176874424
586,Pakistan,2021,2587.9500000000003,73.94,89.36,13.62498082191781,15.56888493150685,2235.0,2235.0,55.875,37.25,11.9,21.549999999999997,1.0,1.0,1.0,1.0,0.7224540571464896,0.9444908114292978
586,Pakistan,2022,2466.22,72.78,84.11,13.227484931506849,15.041934246575341,2239.0,2239.0,55.975,37.31666666666666,11.9,21.549999999999997,1.0,1.0,1.0,1.0,0.6980015891682294,0.9396003178336458
586,Pakistan,2023,2513.75,73.32,86.21000000000001,13.25850410958904,15.210523287671233,2241.0,2241.0,56.025000000000006,37.349999999999994,11.9,21.549999999999997,1.0,1.0,1.0,1.0,0.7058247465276675,0.9411649493055336
591,Panama,2010,2682.78,78.37,84.08,15.341515068493152,17.310156164383564,2292.0,2292.0,57.300000000000004,38.2,11.9,21.549999999999997,1.0,1.0,1.0,1.0,0.8032555064679149,0.960651101293583
591,Panama,2011,2746.8900000000003,81.27,87.44,15.835298630136986,17.713616438356166,2294.0,2294.0,57.35,38.23333333333333,11.9,21.549999999999997,1.0,1.0,1.0,1.0,0.8219775609446017,0.9643955121889203
591,Panama,2012,2788.25,83.22,85.82000000000001,16.31400273972603,18.067753424657536,2296.0,2296.0,57.400000000000006,38.266666666666666,11.9,21.549999999999997,1.0,1.0,1.0,1.0,0.8384108317706515,0.9676821663541302
591,Panama,2013,2786.42,82.9,86.42999999999999,16.272260273972602,18.320090410958905,2297.0,2297.0,57.425000000000004,38.28333333333333,11.9,21.549999999999997,1.0,1.0,1.0,1.0,0.850120204684868,0.9700240409369736
591,Panama,2014,2787.33,84.4,84.54,16.17393698630137,18.49908493150685,2299.0,2299.0,57.475,38.31666666666666,11.9,21.549999999999997,1.0,1.0,1.0,1.0,0.8584262149191115,0.9716852429838223
591,Panama,2015,2794.4,83.91,84.78,16.3516301369863,18.731038356164383,2301.0,2301.0,57.525000000000006,38.349999999999994,11.9,21.549999999999997,1.0,1.0,1.0,1.0,0.8691897149032197,0.973837942980644
591,Panama,2016,2832.64,85.41,85.12,16.753561643835617,19.26905479452055,2303.0,2303.0,57.575,38.38333333333333,11.9,21.549999999999997,1.0,1.0,1.0,1.0,0.8941556749197472,0.9788311349839495
591,Panama,2017,2876.9300000000003,85.53999999999999,84.81,16.786539726027396,19.233687671232875,2305.0,2305.0,57.625,38.416666666666664,11.9,21.549999999999997,1.0,1.0,1.0,1.0,0.892514509105934,0.9785029018211867
591,Panama,2018,3036.12,98.22,91.64,17.548416438356163,19.71025205479452,2308.0,2308.0,57.7,38.46666666666667,11.9,21.549999999999997,1.0,1.0,1.0,1.0,0.914628865651718,0.9829257731303436
591,Panama,2019,3048.92,95.92,105.12,17.25846575342466,19.29431506849315,2311.0,2311.0,57.775000000000006,38.516666666666666,11.9,21.549999999999997,1.0,1.0,1.0,1.0,0.8953278454057149,0.9790655690811431
591,Panama,2020,3022.04,95.83,99.78999999999999,18.492364383561647,21.258994520547944,2315.0,2315.0,57.875,38.583333333333336,11.9,21.549999999999997,1.0,1.0,1.0,1.0,0.9864962654546611,0.9972992530909321
591,Panama,2021,3052.42,95.4,108.77,18.703191780821918,22.095197260273974,2319.0,2319.0,57.975,38.65,11.9,21.549999999999997,1.0,1.0,1.0,1.0,1.0,1.0
591,Panama,2022,3095.86,94.43,97.33,18.4531397260274,22.035550684931508,2323.0,2323.0,58.075,38.71666666666667,11.9,21.549999999999997,1.0,1.0,1.0,1.0,1.0,1.0
591,Panama,2023,3104.58,93.57,101.89,18.383569863013697,21.540520547945203,2326.0,2326.0,58.150000000000006,38.766666666666666,11.9,21.549999999999997,1.0,1.0,1.0,1.0,0.9995601182341163,0.9999120236468233
598,Papua New Guinea,2010,2110.16,64.66,64.52,11.82038904109589,18.300841095890412,2203.0,2203.0,55.075,36.71666666666667,11.9,21.549999999999997,0.9578574670903313,1.0,1.0,0.9933100034534361,0.8492269650065157,0.9600788871100565
598,Papua New Guinea,2011,2139.52,65.54,63.93,11.728753424657535,17.859320547945206,2207.0,2207.0,55.175000000000004,36.78333333333333,11.9,21.549999999999997,0.9694245582238332,1.0,1.0,0.9856095314838265,0.8287387725264598,0.9567545724468239
598,Papua New Guinea,2012,2173.41,64.91,69.39,12.020871232876711,18.74517808219178,2210.0,2210.0,55.25,36.833333333333336,11.9,21.549999999999997,0.9834434389140271,1.0,1.0,1.0,0.8698458506817534,0.970657857919156
598,Papua New Guinea,2013,2189.87,64.53,72.96,12.014131506849317,18.757315068493153,2213.0,2213.0,55.325,36.88333333333333,11.9,21.549999999999997,0.9895481247175779,1.0,1.0,1.0,0.8704090519022346,0.9719914353239625
598,Papua New Guinea,2014,2213.39,66.42,70.54,12.445071232876714,19.330539726027396,2216.0,2216.0,55.400000000000006,36.93333333333333,11.9,21.549999999999997,0.9988222021660649,1.0,1.0,1.0,0.8970088039919907,0.9791662012316111
598,Papua New Guinea,2015,2172.86,65.83,67.0,11.982216438356165,18.199046575342468,2219.0,2219.0,55.475,36.98333333333333,11.9,21.549999999999997,0.979206849932402,1.0,1.0,1.0,0.8445033213615996,0.9647420342588002
598,Papua New Guinea,2016,2188.7400000000002,66.38,65.39,12.172079452054794,18.29612602739726,2222.0,2222.0,55.550000000000004,37.03333333333333,11.9,21.549999999999997,0.9850315031503152,1.0,1.0,1.0,0.8490081683246989,0.9668079342950028
598,Papua New Guinea,2017,2197.45,66.25,63.58,12.089857534246576,17.887830136986302,2225.0,2225.0,55.625,37.083333333333336,11.9,21.549999999999997,0.9876179775280898,1.0,1.0,1.0,0.830061723294028,0.9635359401644236
598,Papua New Guinea,2018,2178.4,65.41,62.07,11.769471232876713,17.390265753424657,2229.0,2229.0,55.725,37.15,11.9,21.549999999999997,0.9772992373261553,1.0,1.0,0.9890311960400598,0.8069728887900074,0.9546606644312445
598,Papua New Guinea,2019,2179.89,64.05,63.45,12.00288493150685,17.87644931506849,2232.0,2232.0,55.800000000000004,37.2,11.9,21.549999999999997,0.9766532258064515,1.0,1.0,1.0,0.8295336109080508,0.9612373673429004
598,Papua New Guinea,2020,2213.89,62.86,64.42,11.729953424657534,17.21659178082192,2235.0,2235.0,55.875,37.25,11.9,21.549999999999997,0.9905548098434004,1.0,1.0,0.9857103718199608,0.7989137717318757,0.9550357906790474
598,Papua New Guinea,2021,2175.16,61.09,65.52,11.397534246575342,16.592857534246576,2238.0,2238.0,55.95,37.3,11.9,21.549999999999997,0.9719213583556746,1.0,1.0,0.9577759871071716,0.7699701872040176,0.9399335065333727
598,Papua New Guinea,2022,2202.58,61.87,65.45,11.814383561643837,16.709427397260274,2241.0,2241.0,56.025000000000006,37.349999999999994,11.9,21.549999999999997,0.9828558679161088,1.0,1.0,0.9928053413146081,0.775379461589804,0.9502081341641041
598,Papua New Guinea,2023,2177.09,62.15,64.39,12.028882191780824,17.116923287671234,2244.0,2244.0,56.1,37.4,11.9,21.549999999999997,0.9701827094474154,1.0,1.0,1.0,0.7942887836506374,0.9528942986196105
600,Paraguay,2010,3080.41,66.24,102.32,15.786767123287673,18.801624657534248,2345.0,2345.0,58.625,39.083333333333336,11.9,21.549999999999997,1.0,1.0,1.0,1.0,0.8724651813240951,0.9744930362648191
600,Paraguay,2011,3122.5299999999997,70.13,105.94,16.616032876712328,19.308484931506847,2350.0,2350.0,58.75,39.166666666666664,11.9,21.549999999999997,1.0,1.0,1.0,1.0,0.89598537965229,0.9791970759304579
600,Paraguay,2012,3060.0499999999997,65.51,104.41,15.386435616438355,18.38757808219178,2354.0,2354.0,58.85,39.23333333333333,11.9,21.549999999999997,1.0,1.0,1.0,1.0,0.8532518831643519,0.9706503766328703
600,Paraguay,2013,3122.5299999999997,71.7,106.26,16.902945205479455,19.301753424657537,2357.0,2357.0,58.925000000000004,39.28333333333333,11.9,21.549999999999997,1.0,1.0,1.0,1.0,0.8956730127451294,0.979134602549026
600,Paraguay,2014,3136.73,70.8,98.01,16.81924109589041,19.755063013698628,2359.0,2359.0,58.975,39.31666666666666,11.9,21.549999999999997,1.0,1.0,1.0,1.0,0.9167082604964562,0.9833416520992913
600,Paraguay,2015,3096.11,67.77,95.52,16.21359178082192,19.15432876712329,2360.0,2360.0,59.0,39.333333333333336,11.9,21.549999999999997,1.0,1.0,1.0,1.0,0.8888319613514288,0.9777663922702857
600,Paraguay,2016,3069.4700000000003,68.49,94.72999999999999,16.284010958904112,19.11808219178082,2361.0,2361.0,59.025000000000006,39.349999999999994,11.9,21.549999999999997,1.0,1.0,1.0,1.0,0.887149985697486,0.9774299971394973
600,Paraguay,2017,3103.44,74.04,96.12,17.663364383561646,20.34001095890411,2361.0,2361.0,59.025000000000006,39.349999999999994,11.9,21.549999999999997,1.0,1.0,1.0,1.0,0.9438520166544832,0.9887704033308966
600,Paraguay,2018,3111.8599999999997,73.65,98.89,17.693142465753425,20.737205479452054,2362.0,2362.0,59.050000000000004,39.36666666666667,11.9,21.549999999999997,1.0,1.0,1.0,1.0,0.9622833169119284,0.9924566633823856
600,Paraguay,2019,3103.75,74.71,98.57,18.009035616438354,20.855243835616438,2362.0,2362.0,59.050000000000004,39.36666666666667,11.9,21.549999999999997,1.0,1.0,1.0,1.0,0.9677607348313894,0.9935521469662779
600,Paraguay,2020,3115.61,77.37,93.99000000000001,18.41601917808219,21.288909589041097,2363.0,2363.0,59.075,39.38333333333333,11.9,21.549999999999997,1.0,1.0,1.0,1.0,0.987884435686362,0.9975768871372723
600,Paraguay,2021,3098.46,75.31,85.27000000000001,18.18295068493151,21.440865753424657,2364.0,2364.0,59.1,39.4,11.9,21.549999999999997,1.0,1.0,1.0,1.0,0.9949357658201698,0.998987153164034
600,Paraguay,2022,3064.98,71.58,87.38,17.562682191780823,20.644038356164383,2366.0,2366.0,59.150000000000006,39.43333333333333,11.9,21.549999999999997,1.0,1.0,1.0,1.0,0.9579600165273497,0.99159200330547
600,Paraguay,2023,3067.05,66.45,94.99,16.44346301369863,19.577635616438354,2367.0,2367.0,59.175000000000004,39.45,11.9,21.549999999999997,1.0,1.0,1.0,1.0,0.9084749706003877,0.9816949941200775
604,Peru,2010,2592.46,74.2,53.39,14.478739726027397,18.460638356164385,2282.0,2282.0,57.050000000000004,38.03333333333333,11.9,21.549999999999997,1.0,1.0,1.0,1.0,0.8566421510981154,0.971328430219623
604,Peru,2011,2605.89,75.41,55.04,14.56578904109589,18.520312328767123,2285.0,2285.0,57.125,38.083333333333336,11.9,21.549999999999997,1.0,1.0,1.0,1.0,0.8594112449543909,0.9718822489908782
604,Peru,2012,2671.5,78.52,56.839999999999996,14.869383561643836,18.933701369863012,2291.0,2291.0,57.275000000000006,38.18333333333333,11.9,21.549999999999997,1.0,1.0,1.0,1.0,0.8785940310841306,0.975718806216826
604,Peru,2013,2702.27,79.46,58.15,15.035093150684933,19.179328767123287,2294.0,2294.0,57.35,38.23333333333333,11.9,21.549999999999997,1.0,1.0,1.0,1.0,0.8899920541588534,0.9779984108317707
604,Peru,2014,2737.12,82.11,58.99,15.503476712328768,19.73749315068493,2297.0,2297.0,57.425000000000004,38.28333333333333,11.9,21.549999999999997,1.0,1.0,1.0,1.0,0.9158929536280711,0.9831785907256142
604,Peru,2015,2763.81,83.2,59.21,15.568517808219179,19.729013698630137,2300.0,2300.0,57.5,38.333333333333336,11.9,21.549999999999997,1.0,1.0,1.0,1.0,0.9154994755744844,0.9830998951148968
604,Peru,2016,2753.6,82.97,60.47,15.476912328767124,19.54773424657534,2304.0,2304.0,57.6,38.4,11.9,21.549999999999997,1.0,1.0,1.0,1.0,0.9070874360359789,0.9814174872071957
604,Peru,2017,2766.5,84.02,60.72,15.697194520547946,19.771805479452055,2309.0,2309.0,57.725,38.48333333333333,11.9,21.549999999999997,1.0,1.0,1.0,1.0,0.9174851730604203,0.983497034612084
604,Peru,2018,2792.44,86.42,61.43,15.9642,20.423361643835616,2314.0,2314.0,57.85,38.56666666666666,11.9,21.549999999999997,1.0,1.0,1.0,1.0,0.9477197978578014,0.9895439595715603
604,Peru,2019,2835.02,88.58,66.65,16.08642191780822,20.79813424657534,2319.0,2319.0,57.975,38.65,11.9,21.549999999999997,1.0,1.0,1.0,1.0,0.9651106378921273,0.9930221275784256
604,Peru,2020,2867.21,90.3,66.55,16.900057534246574,21.634024657534248,2322.0,2322.0,58.050000000000004,38.7,11.9,21.549999999999997,1.0,1.0,1.0,1.0,1.0,1.0
604,Peru,2021,2848.31,89.58,70.19,16.509164383561643,20.93706301369863,2325.0,2325.0,58.125,38.75,11.9,21.549999999999997,1.0,1.0,1.0,1.0,0.971557448431491,0.9943114896862981
604,Peru,2022,2859.5499999999997,90.31,67.9,16.650717808219177,21.422953424657532,2328.0,2328.0,58.2,38.8,11.9,21.549999999999997,1.0,1.0,1.0,1.0,0.9941045672694911,0.9988209134538982
604,Peru,2023,2810.5,88.52,67.12,16.33768493150685,21.066950684931506,2331.0,2331.0,58.275000000000006,38.849999999999994,11.9,21.549999999999997,1.0,1.0,1.0,1.0,0.9775847185583066,0.9955169437116613
608,Philippines,2010,2411.16,67.08,49.18,13.338690410958906,14.37701095890411,2208.0,2208.0,55.2,36.8,11.9,21.549999999999997,1.0,1.0,1.0,1.0,0.667146680227569,0.9334293360455138
608,Philippines,2011,2418.89,66.51,45.97,13.575553424657535,14.515049315068493,2211.0,2211.0,55.275000000000006,36.849999999999994,11.9,21.549999999999997,1.0,1.0,1.0,1.0,0.6735521723929696,0.934710434478594
608,Philippines,2012,2449.56,66.08,49.02,13.479657534246577,14.396421917808219,2215.0,2215.0,55.375,36.916666666666664,11.9,21.549999999999997,1.0,1.0,1.0,1.0,0.6680474207799638,0.9336094841559927
608,Philippines,2013,2444.08,65.82,49.96,13.55129589041096,14.343868493150685,2219.0,2219.0,55.475,36.98333333333333,11.9,21.549999999999997,1.0,1.0,1.0,1.0,0.6656087467819345,0.9331217493563869
608,Philippines,2014,2463.23,67.84,46.53,14.44556712328767,15.722153424657535,2223.0,2223.0,55.575,37.05,11.9,21.549999999999997,1.0,1.0,1.0,1.0,0.7295662842068462,0.9459132568413693
608,Philippines,2015,2510.83,68.43,49.87,14.92634794520548,16.3141095890411,2229.0,2229.0,55.725,37.15,11.9,21.549999999999997,1.0,1.0,1.0,1.0,0.7570352477513271,0.9514070495502654
608,Philippines,2016,2592.29,69.91,54.06,14.600553424657534,16.096635616438355,2235.0,2235.0,55.875,37.25,11.9,21.549999999999997,1.0,1.0,1.0,1.0,0.7469436480945874,0.9493887296189175
608,Philippines,2017,2636.4300000000003,71.68,56.5,14.777328767123288,15.923504109589041,2241.0,2241.0,56.025000000000006,37.349999999999994,11.9,21.549999999999997,1.0,1.0,1.0,1.0,0.7389097034612085,0.9477819406922418
608,Philippines,2018,2728.6,72.8,59.31,15.082942465753426,16.33748493150685,2246.0,2246.0,56.150000000000006,37.43333333333333,11.9,21.549999999999997,1.0,1.0,1.0,1.0,0.7581199504179514,0.9516239900835902
608,Philippines,2019,2801.06,75.88,50.71,16.031112328767122,17.495446575342466,2251.0,2251.0,56.275000000000006,37.516666666666666,11.9,21.549999999999997,1.0,1.0,1.0,1.0,0.8118536693894417,0.9623707338778884
608,Philippines,2020,2793.94,75.97,47.99,16.51430410958904,18.182676712328767,2258.0,2258.0,56.45,37.63333333333333,11.9,21.549999999999997,1.0,1.0,1.0,1.0,0.8437436989479707,0.9687487397895941
608,Philippines,2021,2834.87,75.75,54.55,16.26712876712329,17.805791780821917,2268.0,2268.0,56.7,37.8,11.9,21.549999999999997,1.0,1.0,1.0,1.0,0.8262548390172584,0.9652509678034515
608,Philippines,2022,2933.5,78.11,57.08,16.74965205479452,18.27987397260274,2278.0,2278.0,56.95,37.96666666666667,11.9,21.549999999999997,1.0,1.0,1.0,1.0,0.8482540126497792,0.9696508025299557
608,Philippines,2023,2982.9,77.42999999999999,57.96,16.811098630136986,18.51166575342466,2286.0,2286.0,57.150000000000006,38.099999999999994,11.9,21.549999999999997,1.0,1.0,1.0,1.0,0.859010011759845,0.971802002351969
616,Poland,2010,3442.26,112.63000000000001,122.24,20.29017808219178,23.086358904109588,2533.0,2533.0,63.325,42.21666666666667,11.9,21.549999999999997,1.0,1.0,1.0,1.0,1.0,1.0
616,Poland,2011,3464.49,111.76,125.18,20.012635616438356,22.731016438356164,2529.0,2529.0,63.225,42.15,11.9,21.549999999999997,1.0,1.0,1.0,1.0,1.0,1.0
616,Poland,2012,3439.25,110.17,124.45,19.8166,22.32818630136986,2526.0,2526.0,63.150000000000006,42.099999999999994,11.9,21.549999999999997,1.0,1.0,1.0,1.0,1.0,1.0
616,Poland,2013,3387.6200000000003,108.41,120.57000000000001,19.72777808219178,21.93644109589041,2523.0,2523.0,63.075,42.05,11.9,21.549999999999997,1.0,1.0,1.0,1.0,1.0,1.0
616,Poland,2014,3398.67,109.56,119.47999999999999,19.608887671232875,22.160320547945204,2520.0,2520.0,63.0,42.0,11.9,21.549999999999997,1.0,1.0,1.0,1.0,1.0,1.0
616,Poland,2015,3359.0099999999998,110.24,122.82,19.292057534246574,21.32988493150685,2517.0,2517.0,62.925000000000004,41.95,11.9,21.549999999999997,1.0,1.0,1.0,1.0,0.9897858436894131,0.9979571687378825
616,Poland,2016,3438.75,113.11,124.92,19.636753424657535,21.87409589041096,2514.0,2514.0,62.85,41.9,11.9,21.549999999999997,1.0,1.0,1.0,1.0,1.0,1.0
616,Poland,2017,3489.2,114.1,125.36,20.046424657534246,22.529698630136988,2512.0,2512.0,62.800000000000004,41.86666666666667,11.9,21.549999999999997,1.0,1.0,1.0,1.0,1.0,1.0
616,Poland,2018,3531.68,114.7,129.06,20.20207397260274,22.442868493150687,2510.0,2510.0,62.75,41.833333333333336,11.9,21.549999999999997,1.0,1.0,1.0,1.0,1.0,1.0
616,Poland,2019,3577.34,117.55,131.35,19.954632876712328,22.0418,2507.0,2507.0,62.675000000000004,41.78333333333333,11.9,21.549999999999997,1.0,1.0,1.0,1.0,1.0,1.0
616,Poland,2020,3632.1,119.13,136.21,20.60873698630137,22.83433698630137,2506.0,2506.0,62.650000000000006,41.766666666666666,11.9,21.549999999999997,1.0,1.0,1.0,1.0,1.0,1.0
616,Poland,2021,3678.91,119.66,137.67000000000002,20.119879452054793,22.15006301369863,2507.0,2507.0,62.675000000000004,41.78333333333333,11.9,21.549999999999997,1.0,1.0,1.0,1.0,1.0,1.0
616,Poland,2022,3718.89,119.85,138.65,20.159224657534246,22.26817808219178,2508.0,2508.0,62.7,41.8,11.9,21.549999999999997,1.0,1.0,1.0,1.0,1.0,1.0
616,Poland,2023,3730.13,117.73,141.11,19.706043835616438,21.57682191780822,2511.0,2511.0,62.775000000000006,41.849999999999994,11.9,21.549999999999997,1.0,1.0,1.0,1.0,1.0,1.0
620,Portugal,2010,3513.32,122.13,138.54,22.84104109589041,26.37997808219178,2493.0,2493.0,62.325,41.55,11.9,21.549999999999997,1.0,1.0,1.0,1.0,1.0,1.0
620,Portugal,2011,3492.06,118.11,140.04,21.980531506849314,24.593413698630137,2493.0,2493.0,62.325,41.55,11.9,21.549999999999997,1.0,1.0,1.0,1.0,1.0,1.0
620,Portugal,2012,3460.7599999999998,115.64,135.54,22.05494794520548,24.728005479452055,2492.0,2492.0,62.300000000000004,41.53333333333333,11.9,21.549999999999997,1.0,1.0,1.0,1.0,1.0,1.0
620,Portugal,2013,3443.08,115.59,135.16,22.22763287671233,25.01198082191781,2492.0,2492.0,62.300000000000004,41.53333333333333,11.9,21.549999999999997,1.0,1.0,1.0,1.0,1.0,1.0
620,Portugal,2014,3402.68,115.84,133.45,22.397446575342467,24.680071232876713,2493.0,2493.0,62.325,41.55,11.9,21.549999999999997,1.0,1.0,1.0,1.0,1.0,1.0
620,Portugal,2015,3463.5699999999997,117.13,138.1,22.570441095890413,24.772019178082193,2493.0,2493.0,62.325,41.55,11.9,21.549999999999997,1.0,1.0,1.0,1.0,1.0,1.0
620,Portugal,2016,3402.18,117.59,133.6,22.589638356164386,24.891189041095892,2493.0,2493.0,62.325,41.55,11.9,21.549999999999997,1.0,1.0,1.0,1.0,1.0,1.0
620,Portugal,2017,3424.5,119.59,133.33,23.298005479452055,25.636512328767125,2493.0,2493.0,62.325,41.55,11.9,21.549999999999997,1.0,1.0,1.0,1.0,1.0,1.0
620,Portugal,2018,3450.69,120.38000000000001,137.17,23.46183835616438,25.6732301369863,2492.0,2492.0,62.300000000000004,41.53333333333333,11.9,21.549999999999997,1.0,1.0,1.0,1.0,1.0,1.0
620,Portugal,2019,3462.9,119.25,143.61,23.092964383561643,25.614268493150686,2492.0,2492.0,62.300000000000004,41.53333333333333,11.9,21.549999999999997,1.0,1.0,1.0,1.0,1.0,1.0
620,Portugal,2020,3472.16,115.86,145.43,22.747509589041098,26.380723287671234,2492.0,2492.0,62.300000000000004,41.53333333333333,11.9,21.549999999999997,1.0,1.0,1.0,1.0,1.0,1.0
620,Portugal,2021,3486.45,117.93,147.78,23.284421917808217,26.8404,2492.0,2492.0,62.300000000000004,41.53333333333333,11.9,21.549999999999997,1.0,1.0,1.0,1.0,1.0,1.0
620,Portugal,2022,3498.42,121.17,141.65,24.563216438356164,27.800364383561643,2492.0,2492.0,62.300000000000004,41.53333333333333,11.9,21.549999999999997,1.0,1.0,1.0,1.0,1.0,1.0
620,Portugal,2023,3552.91,126.36,141.38,25.738057534246572,29.623723287671233,2491.0,2491.0,62.275000000000006,41.516666666666666,11.9,21.549999999999997,1.0,1.0,1.0,1.0,1.0,1.0
624,Guinea-Bissau,2010,2267.42,46.959999999999994,59.120000000000005,9.370304109589041,9.795857534246576,2205.0,2205.0,55.125,36.75,11.9,21.549999999999997,1.0,0.8518820861678004,1.0,0.7874205134108437,0.45456415472141887,0.8187733508600126
624,Guinea-Bissau,2011,2235.18,46.78,59.21,9.302213698630139,9.68181095890411,2207.0,2207.0,55.175000000000004,36.78333333333333,11.9,21.549999999999997,1.0,0.8478477571363842,1.0,0.7816986301369864,0.44927197025077087,0.8157636715048282
624,Guinea-Bissau,2012,2224.08,47.35,60.26,9.308701369863014,9.921816438356165,2209.0,2209.0,55.225,36.81666666666666,11.9,21.549999999999997,1.0,0.85740153915799,1.0,0.7822438125935306,0.4604091154689636,0.8200108934440969
624,Guinea-Bissau,2013,2193.89,48.64,60.94,9.480309589041095,10.23510684931507,2212.0,2212.0,55.300000000000004,36.86666666666667,11.9,21.549999999999997,0.9918128390596744,0.8795660036166365,1.0,0.7966646713479911,0.47494695356450445,0.8285980935177614
624,Guinea-Bissau,2014,2042.1699999999998,44.11,69.05,11.026408219178082,11.328550684931507,2214.0,2214.0,55.35,36.9,11.9,21.549999999999997,0.9223893405600722,0.7969286359530262,1.0,0.9265889259813513,0.5256868067253601,0.8343187418439619
624,Guinea-Bissau,2015,2169.77,45.04,72.79,10.887046575342467,11.140320547945207,2218.0,2218.0,55.45,36.96666666666667,11.9,21.549999999999997,0.9782551848512173,0.812263300270514,1.0,0.9148778634741569,0.5169522296030259,0.8444697156397828
624,Guinea-Bissau,2016,2325.85,49.21,75.66,12.4969698630137,12.667939726027397,2222.0,2222.0,55.550000000000004,37.03333333333333,11.9,21.549999999999997,1.0,0.8858685868586859,1.0,1.0,0.5878394304421066,0.8947416034601584
624,Guinea-Bissau,2017,2603.12,56.12,81.88,13.498120547945206,14.02271506849315,2228.0,2228.0,55.7,37.13333333333333,11.9,21.549999999999997,1.0,1.0,1.0,1.0,0.6507060356609351,0.9301412071321871
624,Guinea-Bissau,2018,2668.33,57.23,90.04,15.327205479452056,15.674380821917808,2233.0,2233.0,55.825,37.21666666666667,11.9,21.549999999999997,1.0,1.0,1.0,1.0,0.7273494580936338,0.9454698916187267
624,Guinea-Bissau,2019,2513.96,52.14,76.81,13.471646575342467,13.789693150684933,2240.0,2240.0,56.0,37.333333333333336,11.9,21.549999999999997,1.0,0.9310714285714285,1.0,1.0,0.6398929536280712,0.9141928764398999
624,Guinea-Bissau,2020,2694.5099999999998,55.65,74.44,14.590736986301371,14.630336986301371,2246.0,2246.0,56.150000000000006,37.43333333333333,11.9,21.549999999999997,1.0,0.9910952804986641,1.0,1.0,0.6789019483202493,0.9339994457637827
624,Guinea-Bissau,2021,2520.63,52.47,77.02000000000001,12.60715616438356,13.317728767123286,2252.0,2252.0,56.300000000000004,37.53333333333333,11.9,21.549999999999997,1.0,0.9319715808170514,1.0,1.0,0.6179920541588533,0.909992726995181
624,Guinea-Bissau,2022,2440.01,50.01,75.75,12.25522191780822,13.040876712328767,2259.0,2259.0,56.475,37.65,11.9,21.549999999999997,1.0,0.8855245683930942,1.0,1.0,0.6051450910593397,0.8981339318904867
624,Guinea-Bissau,2023,2559.64,52.14,84.14,14.010660273972604,14.287947945205481,2265.0,2265.0,56.625,37.75,11.9,21.549999999999997,1.0,0.920794701986755,1.0,1.0,0.6630138257635955,0.9167617055500701
626,Timor-Leste,2010,2259.22,61.25,49.98,12.90581095890411,15.030093150684932,2127.0,2127.0,53.175000000000004,35.45,11.9,21.549999999999997,1.0,1.0,1.0,1.0,0.6974521183612499,0.93949042367225
626,Timor-Leste,2011,2289.7999999999997,63.089999999999996,53.18,13.083712328767124,15.440430136986302,2136.0,2136.0,53.400000000000006,35.599999999999994,11.9,21.549999999999997,1.0,1.0,1.0,1.0,0.71649327781839,0.9432986555636781
626,Timor-Leste,2012,2280.18,62.88,53.14,13.35185205479452,15.373356164383562,2146.0,2146.0,53.650000000000006,35.766666666666666,11.9,21.549999999999997,1.0,1.0,1.0,1.0,0.7133807964911166,0.9426761592982233
626,Timor-Leste,2013,2288.6,61.1,52.72,13.0862,15.030230136986301,2158.0,2158.0,53.95,35.96666666666667,11.9,21.549999999999997,1.0,1.0,1.0,1.0,0.6974584750341671,0.9394916950068334
626,Timor-Leste,2014,2338.6,62.22,53.69,13.968378082191782,16.131227397260275,2171.0,2171.0,54.275000000000006,36.18333333333333,11.9,21.549999999999997,1.0,1.0,1.0,1.0,0.7485488351396881,0.9497097670279377
626,Timor-Leste,2015,2298.87,62.31,56.38,13.644643835616439,15.812871232876713,2183.0,2183.0,54.575,36.38333333333333,11.9,21.549999999999997,1.0,1.0,1.0,1.0,0.7337759272796619,0.9467551854559323
626,Timor-Leste,2016,2285.32,63.16,55.339999999999996,13.532923287671233,15.747156164383561,2194.0,2194.0,54.85,36.56666666666666,11.9,21.549999999999997,1.0,1.0,1.0,1.0,0.7307265041477292,0.946145300829546
626,Timor-Leste,2017,2307.61,65.66,57.2,13.984665753424657,16.378268493150685,2201.0,2201.0,55.025000000000006,36.68333333333333,11.9,21.549999999999997,1.0,1.0,1.0,1.0,0.7600124590789182,0.9520024918157837
626,Timor-Leste,2018,2248.27,62.24,56.669999999999995,13.164701369863014,15.336504109589042,2207.0,2207.0,55.175000000000004,36.78333333333333,11.9,21.549999999999997,1.0,1.0,1.0,1.0,0.711670724342879,0.9423341448685758
626,Timor-Leste,2019,2256.46,60.74,62.24,12.776383561643836,14.810049315068493,2212.0,2212.0,55.300000000000004,36.86666666666667,11.9,21.549999999999997,1.0,1.0,1.0,1.0,0.6872412675205798,0.937448253504116
626,Timor-Leste,2020,2221.41,59.81,57.9,12.926457534246575,15.057605479452054,2216.0,2216.0,55.400000000000006,36.93333333333333,11.9,21.549999999999997,1.0,1.0,1.0,1.0,0.6987287925499794,0.9397457585099959
626,Timor-Leste,2021,2240.82,60.97,56.58,13.727260273972602,16.204197260273972,2221.0,2221.0,55.525000000000006,37.016666666666666,11.9,21.549999999999997,1.0,1.0,1.0,1.0,0.7519349076693259,0.9503869815338651
626,Timor-Leste,2022,2301.75,64.69,58.050000000000004,14.681969863013698,17.227293150684932,2228.0,2228.0,55.7,37.13333333333333,11.9,21.549999999999997,1.0,1.0,1.0,1.0,0.7994103550201825,0.9598820710040364
626,Timor-Leste,2023,2276.5,65.4,61.34,15.854183561643836,18.306128767123287,2235.0,2235.0,55.875,37.25,11.9,21.549999999999997,1.0,1.0,1.0,1.0,0.8494723325811271,0.9698944665162255
634,Qatar,2019,3414.3799999999997,114.21,115.02,25.1785698630137,30.932468493150683,2670.0,2670.0,66.75,44.5,11.9,21.549999999999997,1.0,1.0,1.0,1.0,1.0,1.0
634,Qatar,2020,3377.26,113.36,113.43,24.564260273972604,30.42644109589041,2650.0,2650.0,66.25,44.166666666666664,11.9,21.549999999999997,1.0,1.0,1.0,1.0,1.0,1.0
634,Qatar,2021,3311.58,111.09,108.64,24.354750684931506,29.888942465753424,2646.0,2646.0,66.15,44.099999999999994,11.9,21.549999999999997,1.0,1.0,1.0,1.0,1.0,1.0
634,Qatar,2022,3305.1,110.65,113.94,24.932545205479453,31.073723287671232,2648.0,2648.0,66.2,44.13333333333333,11.9,21.549999999999997,1.0,1.0,1.0,1.0,1.0,1.0
634,Qatar,2023,3251.07,105.09,108.96000000000001,24.362923287671233,29.8936301369863,2644.0,2644.0,66.10000000000001,44.06666666666666,11.9,21.549999999999997,1.0,1.0,1.0,1.0,1.0,1.0
642,Romania,2010,3358.35,106.76,118.97,21.589531506849315,26.751504109589042,2504.0,2504.0,62.6,41.73333333333333,11.9,21.549999999999997,1.0,1.0,1.0,1.0,1.0,1.0
642,Romania,2011,3394.41,106.62,120.39,21.704613698630137,26.86345479452055,2501.0,2501.0,62.525000000000006,41.68333333333333,11.9,21.549999999999997,1.0,1.0,1.0,1.0,1.0,1.0
642,Romania,2012,3351.38,104.21,117.74000000000001,21.386487671232878,26.552999999999997,2499.0,2499.0,62.475,41.65,11.9,21.549999999999997,1.0,1.0,1.0,1.0,1.0,1.0
642,Romania,2013,3418.28,105.61,117.76,22.055520547945203,27.6216301369863,2498.0,2498.0,62.45,41.63333333333333,11.9,21.549999999999997,1.0,1.0,1.0,1.0,1.0,1.0
642,Romania,2014,3476.78,108.95,121.15,22.605342465753424,28.0597698630137,2497.0,2497.0,62.425000000000004,41.61666666666667,11.9,21.549999999999997,1.0,1.0,1.0,1.0,1.0,1.0
642,Romania,2015,3537.72,113.0,124.32,23.14095616438356,28.355865753424656,2494.0,2494.0,62.35,41.56666666666666,11.9,21.549999999999997,1.0,1.0,1.0,1.0,1.0,1.0
642,Romania,2016,3580.34,113.77,126.62,23.286731506849314,28.335323287671233,2491.0,2491.0,62.275000000000006,41.516666666666666,11.9,21.549999999999997,1.0,1.0,1.0,1.0,1.0,1.0
642,Romania,2017,3597.01,113.7,127.42999999999999,23.356635616438357,28.644076712328765,2489.0,2489.0,62.225,41.48333333333333,11.9,21.549999999999997,1.0,1.0,1.0,1.0,1.0,1.0
642,Romania,2018,3621.7999999999997,113.71,126.95,23.6449397260274,28.884660273972607,2486.0,2486.0,62.150000000000006,41.43333333333333,11.9,21.549999999999997,1.0,1.0,1.0,1.0,1.0,1.0
642,Romania,2019,3650.12,110.2,128.46,22.898342465753423,27.69006301369863,2485.0,2485.0,62.125,41.416666666666664,11.9,21.549999999999997,1.0,1.0,1.0,1.0,1.0,1.0
642,Romania,2020,3646.5099999999998,109.73,134.48,22.799586301369864,27.379364383561644,2484.0,2484.0,62.1,41.4,11.9,21.549999999999997,1.0,1.0,1.0,1.0,1.0,1.0
642,Romania,2021,3660.49,110.58,136.0,23.01763287671233,27.6752,2484.0,2484.0,62.1,41.4,11.9,21.549999999999997,1.0,1.0,1.0,1.0,1.0,1.0
642,Romania,2022,3701.62,112.06,139.72,23.385586301369862,27.887227397260272,2486.0,2486.0,62.150000000000006,41.43333333333333,11.9,21.549999999999997,1.0,1.0,1.0,1.0,1.0,1.0
642,Romania,2023,3648.9300000000003,112.43,137.59,23.35752602739726,27.625098630136986,2488.0,2488.0,62.2,41.46666666666667,11.9,21.549999999999997,1.0,1.0,1.0,1.0,1.0,1.0
643,Russian Federation,2010,3348.14,109.5,106.65,21.526616438356164,24.877027397260274,2504.0,2504.0,62.6,41.73333333333333,11.9,21.549999999999997,1.0,1.0,1.0,1.0,1.0,1.0
643,Russian Federation,2011,3387.63,110.07,107.46,21.591065753424658,25.113397260273974,2498.0,2498.0,62.45,41.63333333333333,11.9,21.549999999999997,1.0,1.0,1.0,1.0,1.0,1.0
643,Russian Federation,2012,3422.07,113.06,110.36,21.930194520547943,25.366857534246574,2493.0,2493.0,62.325,41.55,11.9,21.549999999999997,1.0,1.0,1.0,1.0,1.0,1.0
643,Russian Federation,2013,3399.4,112.03,111.67,21.666649315068494,25.13262191780822,2485.0,2485.0,62.125,41.416666666666664,11.9,21.549999999999997,1.0,1.0,1.0,1.0,1.0,1.0
643,Russian Federation,2014,3423.56,112.42,114.96,21.617575342465752,25.13564383561644,2478.0,2478.0,61.95,41.3,11.9,21.549999999999997,1.0,1.0,1.0,1.0,1.0,1.0
643,Russian Federation,2015,3413.5099999999998,112.24,111.48,21.76738904109589,25.484602739726025,2472.0,2472.0,61.800000000000004,41.2,11.9,21.549999999999997,1.0,1.0,1.0,1.0,1.0,1.0
643,Russian Federation,2016,3389.52,110.87,114.02,21.457317808219177,24.766961643835614,2467.0,2467.0,61.675000000000004,41.11666666666667,11.9,21.549999999999997,1.0,1.0,1.0,1.0,1.0,1.0
643,Russian Federation,2017,3420.6,112.58,114.52,21.716027397260273,24.90142739726027,2463.0,2463.0,61.575,41.05,11.9,21.549999999999997,1.0,1.0,1.0,1.0,1.0,1.0
643,Russian Federation,2018,3375.44,111.12,116.0,21.203298630136988,24.25903287671233,2462.0,2462.0,61.550000000000004,41.03333333333333,11.9,21.549999999999997,1.0,1.0,1.0,1.0,1.0,1.0
643,Russian Federation,2019,3395.38,112.31,119.95,21.245443835616438,24.107065753424656,2461.0,2461.0,61.525000000000006,41.016666666666666,11.9,21.549999999999997,1.0,1.0,1.0,1.0,1.0,1.0
643,Russian Federation,2020,3410.96,113.69,119.07000000000001,21.539594520547947,24.288745205479454,2462.0,2462.0,61.550000000000004,41.03333333333333,11.9,21.549999999999997,1.0,1.0,1.0,1.0,1.0,1.0
643,Russian Federation,2021,3432.29,114.75,121.46,21.78063287671233,24.648383561643836,2464.0,2464.0,61.6,41.06666666666666,11.9,21.549999999999997,1.0,1.0,1.0,1.0,1.0,1.0
643,Russian Federation,2022,3501.5699999999997,117.95,123.39,21.999369863013698,24.684224657534248,2466.0,2466.0,61.650000000000006,41.099999999999994,11.9,21.549999999999997,1.0,1.0,1.0,1.0,1.0,1.0
643,Russian Federation,2023,3528.42,117.8,127.1,21.93084383561644,24.268035616438354,2469.0,2469.0,61.725,41.15,11.9,21.549999999999997,1.0,1.0,1.0,1.0,1.0,1.0
646,Rwanda,2010,2119.75,60.13,28.62,11.139717808219178,21.55125479452055,2172.0,2172.0,54.300000000000004,36.2,11.9,21.549999999999997,0.9759438305709024,1.0,0.7906077348066298,0.9361107401864855,1.0,0.9405324611128035
646,Rwanda,2011,2126.84,58.690000000000005,28.21,10.91326301369863,20.735950684931506,2179.0,2179.0,54.475,36.31666666666666,11.9,21.549999999999997,0.9760624139513538,1.0,0.7767783386874714,0.9170809255208933,0.962225089788005,0.9264293535895446
646,Rwanda,2012,2141.7,58.480000000000004,25.0,10.883457534246576,20.57479726027397,2186.0,2186.0,54.650000000000006,36.43333333333333,11.9,21.549999999999997,0.9797346752058553,1.0,0.686184812442818,0.9145762633820652,0.9547469726345231,0.9070485447330523
646,Rwanda,2013,2147.52,58.699999999999996,22.96,10.984131506849316,20.67172602739726,2194.0,2194.0,54.85,36.56666666666666,11.9,21.549999999999997,0.9788149498632635,1.0,0.627894257064722,0.9230362610797744,0.9592448272574136,0.8977980590530347
646,Rwanda,2014,2136.29,58.38,23.46,11.397156164383562,20.800021917808216,2201.0,2201.0,55.025000000000006,36.68333333333333,11.9,21.549999999999997,0.9705997273966379,1.0,0.6395274875056793,0.9577442154944169,0.965198232844929,0.9066139326483327
646,Rwanda,2015,2080.62,56.4,24.64,10.569290410958903,19.83738630136986,2208.0,2208.0,55.2,36.8,11.9,21.549999999999997,0.9423097826086956,1.0,0.6695652173913044,0.8881756647864624,0.920528366652894,0.8841158062878712
646,Rwanda,2016,2220.8,59.03,28.12,11.20641095890411,20.654317808219176,2213.0,2213.0,55.325,36.88333333333333,11.9,21.549999999999997,1.0,1.0,0.7624039765024854,0.9417152066305975,0.958437021263071,0.9325112408792308
646,Rwanda,2017,2283.36,59.78,29.28,11.596016438356164,21.23175616438356,2218.0,2218.0,55.45,36.96666666666667,11.9,21.549999999999997,1.0,1.0,0.7920649233543733,0.9744551628870726,0.9852323046117664,0.9503504781706426
646,Rwanda,2018,2212.94,58.400000000000006,31.23,11.283558904109588,20.75585205479452,2222.0,2222.0,55.550000000000004,37.03333333333333,11.9,21.549999999999997,0.995922592259226,1.0,0.8432943294329434,0.9481982272360998,0.9631485872294442,0.9501127472315426
646,Rwanda,2019,2199.53,56.57,32.53,10.866369863013698,20.555553424657536,2227.0,2227.0,55.675000000000004,37.11666666666667,11.9,21.549999999999997,0.987665020206556,1.0,0.8764256847777279,0.9131403246229999,0.9538539872230877,0.9462170033660742
646,Rwanda,2020,2158.07,55.39,21.02,10.732843835616439,19.88184109589041,2231.0,2231.0,55.775000000000006,37.18333333333333,11.9,21.549999999999997,0.9673106230389961,0.9930972658000895,0.565307037203048,0.9019196500518015,0.9225912341480471,0.8700451620483964
646,Rwanda,2021,2336.06,57.22,35.08,11.008723287671232,21.02736712328767,2235.0,2235.0,55.875,37.25,11.9,21.549999999999997,1.0,1.0,0.941744966442953,0.9251027972832968,0.9757478943520963,0.9685191316156694
646,Rwanda,2022,2477.31,57.52,38.58,11.30364383561644,21.10918630136986,2240.0,2240.0,56.0,37.333333333333336,11.9,21.549999999999997,1.0,1.0,1.0,0.9498860366064235,0.9795446079521978,0.9858861289117243
646,Rwanda,2023,2404.88,57.04,36.72,11.277394520547945,20.69044383561644,2244.0,2244.0,56.1,37.4,11.9,21.549999999999997,1.0,1.0,0.9818181818181818,0.9476802118107517,0.9601134030448465,0.9779223593347559
659,Saint Kitts and Nevis,2010,2632.45,95.82000000000001,91.07,14.043687671232878,17.715961643835616,2449.0,2449.0,61.225,40.81666666666666,11.9,21.549999999999997,1.0,1.0,1.0,1.0,0.8220863871849475,0.9644172774369896
659,Saint Kitts and Nevis,2011,2605.42,93.77,88.74000000000001,13.938383561643834,17.579197260273972,2454.0,2454.0,61.35,40.9,11.9,21.549999999999997,1.0,1.0,1.0,1.0,0.8157400120776787,0.9631480024155357
659,Saint Kitts and Nevis,2012,2658.77,90.97,86.03,13.893884931506848,17.445605479452055,2460.0,2460.0,61.5,41.0,11.9,21.549999999999997,1.0,1.0,1.0,1.0,0.8095408575151767,0.9619081715030353
659,Saint Kitts and Nevis,2013,2692.21,92.11999999999999,90.3,14.062416438356165,17.76567397260274,2465.0,2465.0,61.625,41.083333333333336,11.9,21.549999999999997,1.0,1.0,1.0,1.0,0.8243932237866702,0.964878644757334
659,Saint Kitts and Nevis,2014,2705.35,95.53,99.33,14.972427397260274,17.084997260273973,2471.0,2471.0,61.775000000000006,41.18333333333333,11.9,21.549999999999997,1.0,1.0,1.0,1.0,0.7928072974605093,0.9585614594921019
659,Saint Kitts and Nevis,2015,2773.61,96.6,104.78,14.967997260273973,17.290276712328765,2475.0,2475.0,61.875,41.25,11.9,21.549999999999997,1.0,1.0,1.0,1.0,0.8023330260941424,0.9604666052188285
659,Saint Kitts and Nevis,2016,2855.95,101.05,111.64999999999999,15.976183561643836,20.070117808219177,2480.0,2480.0,62.0,41.333333333333336,11.9,21.549999999999997,1.0,1.0,1.0,1.0,0.9313279725391731,0.9862655945078347
659,Saint Kitts and Nevis,2017,2927.84,103.05,120.12,16.74007397260274,20.47928767123288,2483.0,2483.0,62.075,41.38333333333333,11.9,21.549999999999997,1.0,1.0,1.0,1.0,0.9503149731430571,0.9900629946286115
659,Saint Kitts and Nevis,2018,2896.68,97.1,111.29,15.009709589041096,18.876087671232877,2487.0,2487.0,62.175000000000004,41.45,11.9,21.549999999999997,1.0,1.0,1.0,1.0,0.8759205415885327,0.9751841083177066
659,Saint Kitts and Nevis,2019,2854.9900000000002,89.88,117.27,14.166076712328767,17.501638356164385,2491.0,2491.0,62.275000000000006,41.516666666666666,11.9,21.549999999999997,1.0,1.0,1.0,1.0,0.812140991005308,0.9624281982010616
659,Saint Kitts and Nevis,2020,2901.6,99.66,113.39,15.899320547945207,19.279498630136988,2492.0,2492.0,62.300000000000004,41.53333333333333,11.9,21.549999999999997,1.0,1.0,1.0,1.0,0.8946403076629694,0.9789280615325939
659,Saint Kitts and Nevis,2021,2898.58,100.84,114.28,15.323693150684932,18.664178082191782,2493.0,2493.0,62.325,41.55,11.9,21.549999999999997,1.0,1.0,1.0,1.0,0.8660871499856977,0.9732174299971396
659,Saint Kitts and Nevis,2022,2848.2999999999997,89.49,119.07000000000001,13.95718082191781,18.434145205479453,2493.0,2493.0,62.325,41.55,11.9,21.549999999999997,1.0,1.0,1.0,1.0,0.8554127705558912,0.9710825541111783
659,Saint Kitts and Nevis,2023,2853.57,90.98,119.76,13.964345205479452,18.08234794520548,2493.0,2493.0,62.325,41.55,11.9,21.549999999999997,1.0,1.0,1.0,1.0,0.8390880717032707,0.9678176143406543
662,Saint Lucia,2010,2594.75,96.71,77.11,18.17985205479452,20.8334301369863,2468.0,2468.0,61.7,41.13333333333333,11.9,21.549999999999997,1.0,1.0,1.0,1.0,0.9667484982360234,0.9933496996472047
662,Saint Lucia,2011,2623.9900000000002,97.67999999999999,73.65,16.892090410958904,19.709312328767123,2476.0,2476.0,61.900000000000006,41.266666666666666,11.9,21.549999999999997,1.0,1.0,1.0,1.0,0.9145852588755047,0.9829170517751009
662,Saint Lucia,2012,2605.71,97.28999999999999,70.81,16.458479452054796,19.815682191780823,2484.0,2484.0,62.1,41.4,11.9,21.549999999999997,1.0,1.0,1.0,1.0,0.919521215395862,0.9839042430791723
662,Saint Lucia,2013,2575.34,94.68,71.88,16.16318904109589,19.251002739726026,2491.0,2491.0,62.275000000000006,41.516666666666666,11.9,21.549999999999997,1.0,1.0,1.0,1.0,0.8933179925626927,0.9786635985125386
662,Saint Lucia,2014,2618.7000000000003,99.82,81.5,18.80688493150685,21.873794520547946,2497.0,2497.0,62.425000000000004,41.61666666666667,11.9,21.549999999999997,1.0,1.0,1.0,1.0,1.0,1.0
662,Saint Lucia,2015,2612.4,100.47,82.59,18.328756164383563,21.17998904109589,2502.0,2502.0,62.550000000000004,41.7,11.9,21.549999999999997,1.0,1.0,1.0,1.0,0.9828301179162827,0.9965660235832565
662,Saint Lucia,2016,2632.19,100.98,83.23,19.130539726027397,21.971802739726026,2506.0,2506.0,62.650000000000006,41.766666666666666,11.9,21.549999999999997,1.0,1.0,1.0,1.0,1.0,1.0
662,Saint Lucia,2017,2667.15,100.96,82.34,19.26093698630137,22.79738904109589,2509.0,2509.0,62.725,41.81666666666666,11.9,21.549999999999997,1.0,1.0,1.0,1.0,1.0,1.0
662,Saint Lucia,2018,2679.37,107.5,84.73,20.005964383561643,23.530980821917808,2512.0,2512.0,62.800000000000004,41.86666666666667,11.9,21.549999999999997,1.0,1.0,1.0,1.0,1.0,1.0
662,Saint Lucia,2019,2683.24,93.72,78.96000000000001,20.602068493150682,25.128643835616437,2514.0,2514.0,62.85,41.9,11.9,21.549999999999997,1.0,1.0,1.0,1.0,1.0,1.0
662,Saint Lucia,2020,2730.63,101.08,83.63,22.393128767123287,27.911016438356164,2516.0,2516.0,62.900000000000006,41.93333333333333,11.9,21.549999999999997,1.0,1.0,1.0,1.0,1.0,1.0
662,Saint Lucia,2021,2720.58,109.67999999999999,91.73,22.584427397260274,27.618561643835616,2517.0,2517.0,62.925000000000004,41.95,11.9,21.549999999999997,1.0,1.0,1.0,1.0,1.0,1.0
662,Saint Lucia,2022,2718.14,95.41,90.71,18.984638356164382,23.498602739726028,2517.0,2517.0,62.925000000000004,41.95,11.9,21.549999999999997,1.0,1.0,1.0,1.0,1.0,1.0
662,Saint Lucia,2023,2654.35,92.96,91.06,18.02035890410959,22.09461917808219,2518.0,2518.0,62.95,41.96666666666667,11.9,21.549999999999997,1.0,1.0,1.0,1.0,1.0,1.0
670,Saint Vincent and the Grenadines,2010,2907.41,102.32,85.56,18.60169589041096,22.72354520547945,2452.0,2452.0,61.300000000000004,40.86666666666667,11.9,21.549999999999997,1.0,1.0,1.0,1.0,1.0,1.0
670,Saint Vincent and the Grenadines,2011,2926.47,101.61,79.04,17.791095890410958,21.886931506849315,2454.0,2454.0,61.35,40.9,11.9,21.549999999999997,1.0,1.0,1.0,1.0,1.0,1.0
670,Saint Vincent and the Grenadines,2012,2946.4,102.17999999999999,78.6,18.30151506849315,22.36330684931507,2457.0,2457.0,61.425000000000004,40.95,11.9,21.549999999999997,1.0,1.0,1.0,1.0,1.0,1.0
670,Saint Vincent and the Grenadines,2013,2973.93,102.24000000000001,77.32,18.256276712328766,22.190682191780823,2459.0,2459.0,61.475,40.98333333333333,11.9,21.549999999999997,1.0,1.0,1.0,1.0,1.0,1.0
670,Saint Vincent and the Grenadines,2014,2975.73,97.83,87.07000000000001,17.753290410958904,21.706791780821916,2460.0,2460.0,61.5,41.0,11.9,21.549999999999997,1.0,1.0,1.0,1.0,1.0,1.0
670,Saint Vincent and the Grenadines,2015,3014.7400000000002,107.39999999999999,83.48,19.89301917808219,23.78916164383562,2461.0,2461.0,61.525000000000006,41.016666666666666,11.9,21.549999999999997,1.0,1.0,1.0,1.0,1.0,1.0
670,Saint Vincent and the Grenadines,2016,2977.94,112.51,94.6,21.59131232876712,27.07670684931507,2461.0,2461.0,61.525000000000006,41.016666666666666,11.9,21.549999999999997,1.0,1.0,1.0,1.0,1.0,1.0
670,Saint Vincent and the Grenadines,2017,2989.74,111.59,91.78,20.174161643835614,26.319419178082192,2463.0,2463.0,61.575,41.05,11.9,21.549999999999997,1.0,1.0,1.0,1.0,1.0,1.0
670,Saint Vincent and the Grenadines,2018,2998.12,114.59,94.31,21.202734246575343,28.011479452054793,2465.0,2465.0,61.625,41.083333333333336,11.9,21.549999999999997,1.0,1.0,1.0,1.0,1.0,1.0
670,Saint Vincent and the Grenadines,2019,2982.51,115.36,95.79,20.92338904109589,28.391553424657538,2467.0,2467.0,61.675000000000004,41.11666666666667,11.9,21.549999999999997,1.0,1.0,1.0,1.0,1.0,1.0
670,Saint Vincent and the Grenadines,2020,2953.81,110.52,102.76,20.243438356164383,27.374290410958906,2469.0,2469.0,61.725,41.15,11.9,21.549999999999997,1.0,1.0,1.0,1.0,1.0,1.0
670,Saint Vincent and the Grenadines,2021,2986.98,116.22,96.1,20.313926027397258,27.723142465753426,2471.0,2471.0,61.775000000000006,41.18333333333333,11.9,21.549999999999997,1.0,1.0,1.0,1.0,1.0,1.0
670,Saint Vincent and the Grenadines,2022,3015.84,116.1,110.3,19.611328767123286,24.532712328767122,2473.0,2473.0,61.825,41.21666666666667,11.9,21.549999999999997,1.0,1.0,1.0,1.0,1.0,1.0
670,Saint Vincent and the Grenadines,2023,3042.92,114.02000000000001,106.58,19.894268493150683,24.699186301369863,2475.0,2475.0,61.875,41.25,11.9,21.549999999999997,1.0,1.0,1.0,1.0,1.0,1.0
678,Sao Tome and Principe,2010,2345.63,57.42,67.21000000000001,12.90314794520548,20.023408219178084,2235.0,2235.0,55.875,37.25,11.9,21.549999999999997,1.0,1.0,1.0,1.0,0.9291604742077998,0.98583209484156
678,Sao Tome and Principe,2011,2313.08,56.33,65.99,12.831139726027397,19.932172602739726,2239.0,2239.0,55.975,37.31666666666666,11.9,21.549999999999997,1.0,1.0,1.0,1.0,0.9249268029113563,0.9849853605822713
678,Sao Tome and Principe,2012,2332.66,55.23,64.54,12.699698630136986,19.502698630136987,2240.0,2240.0,56.0,37.333333333333336,11.9,21.549999999999997,1.0,0.98625,1.0,1.0,0.9049976162476561,0.9782495232495313
678,Sao Tome and Principe,2013,2363.73,55.44,67.81,12.77527397260274,19.990364383561644,2240.0,2240.0,56.0,37.333333333333336,11.9,21.549999999999997,1.0,0.99,1.0,1.0,0.9276271175666657,0.9835254235133333
678,Sao Tome and Principe,2014,2330.46,55.65,64.53,12.916271232876712,22.008049315068494,2242.0,2242.0,56.050000000000004,37.36666666666667,11.9,21.549999999999997,1.0,0.9928635147190008,1.0,1.0,1.0,0.9985727029438001
678,Sao Tome and Principe,2015,2313.79,54.97,66.28,13.152786301369863,22.253805479452055,2245.0,2245.0,56.125,37.416666666666664,11.9,21.549999999999997,1.0,0.9794209354120267,1.0,1.0,1.0,0.9958841870824052
678,Sao Tome and Principe,2016,2357.46,55.910000000000004,65.57,12.910791780821919,21.749838356164386,2250.0,2250.0,56.25,37.5,11.9,21.549999999999997,1.0,0.9939555555555556,1.0,1.0,1.0,0.998791111111111
678,Sao Tome and Principe,2017,2356.67,54.73,66.74,12.947923287671234,22.067890410958903,2257.0,2257.0,56.425000000000004,37.61666666666667,11.9,21.549999999999997,1.0,0.9699601240584846,1.0,1.0,1.0,0.9939920248116969
678,Sao Tome and Principe,2018,2356.2,56.339999999999996,66.67,13.01802191780822,21.74154794520548,2264.0,2264.0,56.6,37.73333333333333,11.9,21.549999999999997,1.0,0.9954063604240282,1.0,1.0,1.0,0.9990812720848057
678,Sao Tome and Principe,2019,2378.2,58.5,61.599999999999994,11.10361095890411,16.129021917808217,2271.0,2271.0,56.775000000000006,37.849999999999994,11.9,21.549999999999997,1.0,1.0,1.0,0.9330765511684126,0.7484464927057178,0.9363046087748261
678,Sao Tome and Principe,2020,2428.2,60.269999999999996,62.58,10.642646575342466,16.197030136986303,2278.0,2278.0,56.95,37.96666666666667,11.9,21.549999999999997,1.0,1.0,1.0,0.8943400483481063,0.751602326542288,0.9291884749780788
678,Sao Tome and Principe,2021,2431.35,60.71,58.699999999999996,10.987734246575343,16.373446575342467,2285.0,2285.0,57.125,38.083333333333336,11.9,21.549999999999997,1.0,1.0,1.0,0.9233390123172557,0.7597887041922259,0.9366255433018964
678,Sao Tome and Principe,2022,2374.94,56.47,62.61,9.967846575342467,14.863449315068493,2290.0,2290.0,57.25,38.166666666666664,11.9,21.549999999999997,1.0,0.9863755458515283,1.0,0.8376341659951653,0.6897192257572388,0.9027457875207864
678,Sao Tome and Principe,2023,2279.39,54.4,66.53,9.230956164383562,14.156690410958904,2294.0,2294.0,57.35,38.23333333333333,11.9,21.549999999999997,0.9936312118570183,0.9485614646904968,1.0,0.7757106020490387,0.6569229889076058,0.874965253500832
682,Saudi Arabia,2010,3400.23,100.37,97.71,19.876854794520547,25.059539726027396,2445.0,2445.0,61.125,40.75,11.9,21.549999999999997,1.0,1.0,1.0,1.0,1.0,1.0
682,Saudi Arabia,2011,3326.0499999999997,99.34,96.7,19.64347397260274,24.772098630136988,2453.0,2453.0,61.325,40.88333333333333,11.9,21.549999999999997,1.0,1.0,1.0,1.0,1.0,1.0
682,Saudi Arabia,2012,3448.22,99.83,110.67,19.965038356164385,25.467109589041097,2460.0,2460.0,61.5,41.0,11.9,21.549999999999997,1.0,1.0,1.0,1.0,1.0,1.0
682,Saudi Arabia,2013,3387.44,100.18,107.95,19.859493150684933,25.463605479452056,2465.0,2465.0,61.625,41.083333333333336,11.9,21.549999999999997,1.0,1.0,1.0,1.0,1.0,1.0
682,Saudi Arabia,2014,3488.67,101.07,113.68,20.72041369863014,25.725865753424657,2469.0,2469.0,61.725,41.15,11.9,21.549999999999997,1.0,1.0,1.0,1.0,1.0,1.0
682,Saudi Arabia,2015,3498.2,101.25,108.22,20.565772602739727,25.67711780821918,2473.0,2473.0,61.825,41.21666666666667,11.9,21.549999999999997,1.0,1.0,1.0,1.0,1.0,1.0
682,Saudi Arabia,2016,3521.62,101.05,110.86,20.32921095890411,25.7710602739726,2473.0,2473.0,61.825,41.21666666666667,11.9,21.549999999999997,1.0,1.0,1.0,1.0,1.0,1.0
682,Saudi Arabia,2017,3575.87,99.02,109.84,20.422282191780823,26.15738630136986,2466.0,2466.0,61.650000000000006,41.099999999999994,11.9,21.549999999999997,1.0,1.0,1.0,1.0,1.0,1.0
682,Saudi Arabia,2018,3704.05,99.39,113.62,20.870167123287672,26.82215890410959,2454.0,2454.0,61.35,40.9,11.9,21.549999999999997,1.0,1.0,1.0,1.0,1.0,1.0
682,Saudi Arabia,2019,3786.1099999999997,105.99,115.14,21.75592602739726,29.312339726027396,2451.0,2451.0,61.275000000000006,40.849999999999994,11.9,21.549999999999997,1.0,1.0,1.0,1.0,1.0,1.0
682,Saudi Arabia,2020,3780.0299999999997,108.8,111.47,22.04558082191781,29.558290410958904,2455.0,2455.0,61.375,40.916666666666664,11.9,21.549999999999997,1.0,1.0,1.0,1.0,1.0,1.0
682,Saudi Arabia,2021,3730.04,108.14,115.65,22.834887671232877,29.83296712328767,2460.0,2460.0,61.5,41.0,11.9,21.549999999999997,1.0,1.0,1.0,1.0,1.0,1.0
682,Saudi Arabia,2022,3720.46,105.99000000000001,112.63,21.465769863013698,29.555046575342466,2468.0,2468.0,61.7,41.13333333333333,11.9,21.549999999999997,1.0,1.0,1.0,1.0,1.0,1.0
682,Saudi Arabia,2023,3659.85,103.77,109.02,21.542498630136986,29.603920547945204,2472.0,2472.0,61.800000000000004,41.2,11.9,21.549999999999997,1.0,1.0,1.0,1.0,1.0,1.0
686,Senegal,2010,2456.2799999999997,63.019999999999996,75.47,13.468945205479452,17.140424657534247,2253.0,2253.0,56.325,37.55,11.9,21.549999999999997,1.0,1.0,1.0,1.0,0.7953793344563457,0.9590758668912691
686,Senegal,2011,2446.74,59.84,80.99,12.72509315068493,15.588682191780823,2253.0,2253.0,56.325,37.55,11.9,21.549999999999997,1.0,1.0,1.0,1.0,0.7233727235165116,0.9446745447033024
686,Senegal,2012,2480.31,61.41,74.82000000000001,13.243906849315069,16.170660273972604,2253.0,2253.0,56.325,37.55,11.9,21.549999999999997,1.0,1.0,1.0,1.0,0.7503786670056894,0.9500757334011378
686,Senegal,2013,2430.67,60.11,75.96000000000001,12.864347945205479,15.43021095890411,2254.0,2254.0,56.35,37.56666666666666,11.9,21.549999999999997,1.0,1.0,1.0,1.0,0.7160190700187523,0.9432038140037505
686,Senegal,2014,2444.64,59.589999999999996,70.13,13.166827397260274,15.612665753424658,2258.0,2258.0,56.45,37.63333333333333,11.9,21.549999999999997,1.0,1.0,1.0,1.0,0.724485649810889,0.9448971299621778
686,Senegal,2015,2468.2000000000003,60.86,66.32,13.592421917808219,16.282095890410957,2262.0,2262.0,56.550000000000004,37.7,11.9,21.549999999999997,1.0,1.0,1.0,1.0,0.7555496932905318,0.9511099386581063
686,Senegal,2016,2524.11,62.15,67.18,13.675843835616439,16.442931506849316,2268.0,2268.0,56.7,37.8,11.9,21.549999999999997,1.0,1.0,1.0,1.0,0.7630130629628454,0.9526026125925691
686,Senegal,2017,2561.3599999999997,63.92,69.38,14.170287671232877,17.081983561643835,2275.0,2275.0,56.875,37.916666666666664,11.9,21.549999999999997,1.0,1.0,1.0,1.0,0.7926674506563265,0.9585334901312652
686,Senegal,2018,2590.14,64.75,67.43,14.859934246575342,18.504613698630138,2283.0,2283.0,57.075,38.05,11.9,21.549999999999997,1.0,1.0,1.0,1.0,0.8586827702380575,0.9717365540476115
686,Senegal,2019,2645.56,65.32,71.92999999999999,15.008630136986302,18.973027397260275,2292.0,2292.0,57.300000000000004,38.2,11.9,21.549999999999997,1.0,1.0,1.0,1.0,0.8804189047452565,0.9760837809490512
686,Senegal,2020,2717.47,66.86,77.89,15.758501369863014,20.446287671232877,2301.0,2301.0,57.525000000000006,38.349999999999994,11.9,21.549999999999997,1.0,1.0,1.0,1.0,0.9487836506372566,0.9897567301274514
686,Senegal,2021,2736.46,67.67,76.1,15.671257534246577,19.93874794520548,2310.0,2310.0,57.75,38.5,11.9,21.549999999999997,1.0,1.0,1.0,1.0,0.9252319232113914,0.9850463846422782
686,Senegal,2022,2773.7,69.45,75.27,16.214575342465753,20.366279452054794,2320.0,2320.0,58.0,38.666666666666664,11.9,21.549999999999997,1.0,1.0,1.0,1.0,0.9450709722531229,0.9890141944506246
686,Senegal,2023,2847.73,71.63,71.75,16.871016438356165,21.426356164383563,2327.0,2327.0,58.175000000000004,38.78333333333333,11.9,21.549999999999997,1.0,1.0,1.0,1.0,0.9942624670247594,0.9988524934049519
688,Serbia,2010,3330.88,111.85,94.19,24.524605479452056,28.89669589041096,2501.0,2501.0,62.525000000000006,41.68333333333333,11.9,21.549999999999997,1.0,1.0,1.0,1.0,1.0,1.0
688,Serbia,2011,3391.75,113.05,93.87,24.551917808219176,28.868534246575344,2500.0,2500.0,62.5,41.666666666666664,11.9,21.549999999999997,1.0,1.0,1.0,1.0,1.0,1.0
688,Serbia,2012,3409.73,115.39999999999999,98.95,25.107915068493153,28.96581369863014,2498.0,2498.0,62.45,41.63333333333333,11.9,21.549999999999997,1.0,1.0,1.0,1.0,1.0,1.0
688,Serbia,2013,3471.79,117.53,96.75,26.005731506849312,30.15135068493151,2495.0,2495.0,62.375,41.583333333333336,11.9,21.549999999999997,1.0,1.0,1.0,1.0,1.0,1.0
688,Serbia,2014,3434.74,118.18,97.39,26.147745205479453,29.815838356164384,2493.0,2493.0,62.325,41.55,11.9,21.549999999999997,1.0,1.0,1.0,1.0,1.0,1.0
688,Serbia,2015,3494.46,119.47,98.61,26.856386301369863,31.069534246575344,2490.0,2490.0,62.25,41.5,11.9,21.549999999999997,1.0,1.0,1.0,1.0,1.0,1.0
688,Serbia,2016,3492.83,119.35000000000001,96.88000000000001,26.291928767123288,30.16658904109589,2489.0,2489.0,62.225,41.48333333333333,11.9,21.549999999999997,1.0,1.0,1.0,1.0,1.0,1.0
688,Serbia,2017,3519.73,120.87,102.45,26.518454794520547,30.350901369863017,2487.0,2487.0,62.175000000000004,41.45,11.9,21.549999999999997,1.0,1.0,1.0,1.0,1.0,1.0
688,Serbia,2018,3586.79,124.66,103.77,26.981290410958906,30.601452054794517,2486.0,2486.0,62.150000000000006,41.43333333333333,11.9,21.549999999999997,1.0,1.0,1.0,1.0,1.0,1.0
688,Serbia,2019,3678.85,127.81,105.19,27.759761643835617,31.355410958904105,2484.0,2484.0,62.1,41.4,11.9,21.549999999999997,1.0,1.0,1.0,1.0,1.0,1.0
688,Serbia,2020,3747.15,130.5,107.16,28.334849315068492,32.20874794520548,2483.0,2483.0,62.075,41.38333333333333,11.9,21.549999999999997,1.0,1.0,1.0,1.0,1.0,1.0
688,Serbia,2021,3816.82,132.57,114.27000000000001,29.72569315068493,33.918547945205475,2481.0,2481.0,62.025000000000006,41.349999999999994,11.9,21.549999999999997,1.0,1.0,1.0,1.0,1.0,1.0
688,Serbia,2022,3860.06,134.72,114.57,29.976465753424655,34.14399726027398,2480.0,2480.0,62.0,41.333333333333336,11.9,21.549999999999997,1.0,1.0,1.0,1.0,1.0,1.0
688,Serbia,2023,3878.87,135.56,113.92,30.311986301369863,34.46261917808219,2480.0,2480.0,62.0,41.333333333333336,11.9,21.549999999999997,1.0,1.0,1.0,1.0,1.0,1.0
690,Seychelles,2010,2830.7400000000002,92.54,60.6,20.43130136986301,25.058342465753423,2429.0,2429.0,60.725,40.48333333333333,11.9,21.549999999999997,1.0,1.0,1.0,1.0,1.0,1.0
690,Seychelles,2011,2756.71,91.11,69.0,19.02686575342466,22.971742465753426,2433.0,2433.0,60.825,40.55,11.9,21.549999999999997,1.0,1.0,1.0,1.0,1.0,1.0
690,Seychelles,2012,2721.69,88.44,68.99,18.025287671232878,23.66835890410959,2436.0,2436.0,60.900000000000006,40.599999999999994,11.9,21.549999999999997,1.0,1.0,1.0,1.0,1.0,1.0
690,Seychelles,2013,2691.91,88.64,69.07,17.86668493150685,22.58153698630137,2439.0,2439.0,60.975,40.65,11.9,21.549999999999997,1.0,1.0,1.0,1.0,1.0,1.0
690,Seychelles,2014,2769.2999999999997,82.8,76.63,17.000142465753424,21.508909589041096,2442.0,2442.0,61.050000000000004,40.7,11.9,21.549999999999997,1.0,1.0,1.0,1.0,0.9980932523916983,0.9996186504783398
690,Seychelles,2015,2857.86,93.22,81.32000000000001,19.181695890410957,24.53041095890411,2445.0,2445.0,61.125,40.75,11.9,21.549999999999997,1.0,1.0,1.0,1.0,1.0,1.0
690,Seychelles,2016,2894.47,97.55,84.71000000000001,19.646484931506848,24.740287671232878,2447.0,2447.0,61.175000000000004,40.78333333333333,11.9,21.549999999999997,1.0,1.0,1.0,1.0,1.0,1.0
690,Seychelles,2017,2818.73,97.86,82.64,19.463589041095894,24.605646575342465,2449.0,2449.0,61.225,40.81666666666666,11.9,21.549999999999997,1.0,1.0,1.0,1.0,1.0,1.0
690,Seychelles,2018,2909.23,101.32000000000001,80.08,20.418101369863013,26.415224657534246,2450.0,2450.0,61.25,40.833333333333336,11.9,21.549999999999997,1.0,1.0,1.0,1.0,1.0,1.0
690,Seychelles,2019,2860.34,99.96,79.58,20.962046575342466,27.308005479452056,2452.0,2452.0,61.300000000000004,40.86666666666667,11.9,21.549999999999997,1.0,1.0,1.0,1.0,1.0,1.0
690,Seychelles,2020,2901.81,101.16,80.61,21.112575342465753,27.731723287671233,2454.0,2454.0,61.35,40.9,11.9,21.549999999999997,1.0,1.0,1.0,1.0,1.0,1.0
690,Seychelles,2021,2875.03,101.48,86.71,21.060701369863015,27.826287671232876,2455.0,2455.0,61.375,40.916666666666664,11.9,21.549999999999997,1.0,1.0,1.0,1.0,1.0,1.0
690,Seychelles,2022,2890.36,99.92999999999999,83.6,20.928890410958903,27.95490410958904,2456.0,2456.0,61.400000000000006,40.93333333333333,11.9,21.549999999999997,1.0,1.0,1.0,1.0,1.0,1.0
690,Seychelles,2023,2888.66,104.35,85.75,21.980438356164385,29.17038356164384,2458.0,2458.0,61.45,40.96666666666667,11.9,21.549999999999997,1.0,1.0,1.0,1.0,1.0,1.0
694,Sierra Leone,2010,2379.06,56.31,49.34,11.485575342465753,13.165038356164384,2178.0,2178.0,54.45,36.3,11.9,21.549999999999997,1.0,1.0,1.0,0.9651743985265337,0.6109066522582082,0.9152162101569484
694,Sierra Leone,2011,2400.46,56.739999999999995,50.29,11.693046575342466,13.427054794520549,2188.0,2188.0,54.7,36.46666666666667,11.9,21.549999999999997,1.0,1.0,1.0,0.9826089559111315,0.623065187680768,0.9211348287183799
694,Sierra Leone,2012,2385.91,57.19,49.300000000000004,11.619482191780822,13.330304109589042,2198.0,2198.0,54.95,36.63333333333333,11.9,21.549999999999997,1.0,1.0,1.0,0.9764270749395648,0.6185755967326703,0.9190005343344471
694,Sierra Leone,2013,2372.44,57.57000000000001,49.35,11.592983561643836,13.299879452054794,2208.0,2208.0,55.2,36.8,11.9,21.549999999999997,1.0,1.0,1.0,0.9742002992978013,0.6171637796777167,0.9182728157951037
694,Sierra Leone,2014,2323.77,56.43,48.87,11.3965698630137,13.105449315068492,2214.0,2214.0,55.35,36.9,11.9,21.549999999999997,1.0,1.0,1.0,0.9576949464717394,0.6081414995391412,0.9131672892021762
694,Sierra Leone,2015,2404.96,55.68,47.410000000000004,11.463989041095891,13.045904109589042,2219.0,2219.0,55.475,36.98333333333333,11.9,21.549999999999997,1.0,1.0,1.0,0.9633604236215034,0.6053783809554081,0.9137477609153823
694,Sierra Leone,2016,2324.12,53.5,43.0,11.056572602739728,12.505435616438355,2225.0,2225.0,55.625,37.083333333333336,11.9,21.549999999999997,1.0,0.9617977528089887,1.0,0.9291237481293888,0.5802986364936592,0.8942440274864074
694,Sierra Leone,2017,2356.59,54.410000000000004,42.29,11.443616438356164,13.101,2230.0,2230.0,55.75,37.166666666666664,11.9,21.549999999999997,1.0,0.9759641255605381,1.0,0.961648440197997,0.6079350348027843,0.909109520112264
694,Sierra Leone,2018,2360.41,54.379999999999995,42.59,11.357668493150685,12.90002191780822,2236.0,2236.0,55.900000000000006,37.266666666666666,11.9,21.549999999999997,1.0,0.9728085867620749,1.0,0.9544259237941752,0.5986089056987574,0.9051686832510015
694,Sierra Leone,2019,2306.64,55.13,50.74,11.151027397260275,12.783526027397262,2241.0,2241.0,56.025000000000006,37.349999999999994,11.9,21.549999999999997,1.0,0.9840249888442659,1.0,0.9370611258201912,0.5932030639163464,0.9028578357161606
694,Sierra Leone,2020,2319.79,55.74,39.6,11.639909589041096,13.008945205479453,2246.0,2246.0,56.150000000000006,37.43333333333333,11.9,21.549999999999997,1.0,0.9926981300089046,1.0,0.97814366294463,0.6036633506022949,0.914901028711166
694,Sierra Leone,2021,2366.67,57.779999999999994,40.94,12.157128767123288,13.674364383561645,2251.0,2251.0,56.275000000000006,37.516666666666666,11.9,21.549999999999997,1.0,1.0,1.0,1.0,0.6345412706989163,0.9269082541397833
694,Sierra Leone,2022,2418.48,58.28,34.42,12.364857534246577,13.733890410958905,2257.0,2257.0,56.425000000000004,37.61666666666667,11.9,21.549999999999997,1.0,1.0,0.9150199379707576,1.0,0.6373034993484411,0.9104646874638398
694,Sierra Leone,2023,2437.2999999999997,57.6,37.739999999999995,12.243750684931507,13.521635616438356,2262.0,2262.0,56.550000000000004,37.7,11.9,21.549999999999997,1.0,1.0,1.0,1.0,0.6274540889298542,0.9254908177859708
703,Slovakia,2010,2823.14,79.26,115.21,17.3352904109589,20.362010958904108,2565.0,2565.0,64.125,42.75,11.9,21.549999999999997,1.0,1.0,1.0,1.0,0.9448728983250168,0.9889745796650032
703,Slovakia,2011,2811.18,79.38,113.84,17.76331232876712,20.991380821917808,2561.0,2561.0,64.025,42.68333333333333,11.9,21.549999999999997,1.0,1.0,1.0,1.0,0.9740779963766966,0.9948155992753392
703,Slovakia,2012,2764.21,73.73,113.46000000000001,17.11901095890411,20.433323287671232,2558.0,2558.0,63.95,42.63333333333333,11.9,21.549999999999997,1.0,1.0,1.0,1.0,0.9481820551123543,0.9896364110224709
703,Slovakia,2013,2859.18,77.1,119.32,18.880791780821916,21.980624657534246,2555.0,2555.0,63.875,42.583333333333336,11.9,21.549999999999997,1.0,1.0,1.0,1.0,1.0,1.0
703,Slovakia,2014,2833.28,78.33,118.28,18.153369863013697,20.95173698630137,2553.0,2553.0,63.825,42.55,11.9,21.549999999999997,1.0,1.0,1.0,1.0,0.9722383752344025,0.9944476750468805
703,Slovakia,2015,2738.3,73.88,120.88,16.887613698630133,19.538523287671232,2550.0,2550.0,63.75,42.5,11.9,21.549999999999997,1.0,1.0,1.0,1.0,0.9066600133490132,0.9813320026698026
703,Slovakia,2016,2857.33,76.95,127.24,17.56930684931507,19.50852602739726,2546.0,2546.0,63.650000000000006,42.43333333333333,11.9,21.549999999999997,1.0,1.0,1.0,1.0,0.9052680291135621,0.9810536058227124
703,Slovakia,2017,2884.3399999999997,75.69,135.4,17.149169863013697,19.090408219178084,2542.0,2542.0,63.550000000000004,42.36666666666667,11.9,21.549999999999997,1.0,1.0,1.0,1.0,0.8858658106347139,0.9771731621269428
703,Slovakia,2018,2908.12,75.59,139.09,17.532191780821915,19.26648493150685,2539.0,2539.0,63.475,42.31666666666666,11.9,21.549999999999997,1.0,1.0,1.0,1.0,0.8940364237358167,0.9788072847471634
703,Slovakia,2019,3028.79,79.21,148.02,18.35897808219178,20.48845479452055,2536.0,2536.0,63.400000000000006,42.266666666666666,11.9,21.549999999999997,1.0,1.0,1.0,1.0,0.9507403616946892,0.9901480723389378
703,Slovakia,2020,3015.58,79.06,146.17000000000002,18.6726602739726,21.0452301369863,2534.0,2534.0,63.35,42.23333333333333,11.9,21.549999999999997,1.0,1.0,1.0,1.0,0.9765768045005245,0.9953153609001049
703,Slovakia,2021,2979.12,78.56,149.39,18.852638356164384,21.191769863013697,2533.0,2533.0,63.325,42.21666666666667,11.9,21.549999999999997,1.0,1.0,1.0,1.0,0.9833767917871786,0.9966753583574357
703,Slovakia,2022,2980.6200000000003,84.11,152.37,19.169175342465753,20.696161643835616,2532.0,2532.0,63.300000000000004,42.2,11.9,21.549999999999997,1.0,1.0,1.0,1.0,0.9603787305724185,0.9920757461144838
703,Slovakia,2023,2979.94,81.29,139.38,17.978961643835618,19.71564383561644,2533.0,2533.0,63.325,42.21666666666667,11.9,21.549999999999997,1.0,1.0,1.0,1.0,0.9148790642977468,0.9829758128595494
704,Viet Nam,2010,2729.48,79.67,51.53,15.247290410958904,15.960293150684931,2301.0,2301.0,57.525000000000006,38.349999999999994,11.9,21.549999999999997,1.0,1.0,1.0,1.0,0.7406168515399041,0.9481233703079809
704,Viet Nam,2011,2757.65,82.41,53.32,15.570487671232877,16.29803561643836,2302.0,2302.0,57.550000000000004,38.36666666666667,11.9,21.549999999999997,1.0,1.0,1.0,1.0,0.7562893557512,0.95125787115024
704,Viet Nam,2012,2815.84,86.64,55.21,16.657616438356165,18.408156164383563,2302.0,2302.0,57.550000000000004,38.36666666666667,11.9,21.549999999999997,1.0,1.0,1.0,1.0,0.854206782570003,0.9708413565140006
704,Viet Nam,2013,2800.42,86.23,54.95,16.592805479452057,18.44841095890411,2301.0,2301.0,57.525000000000006,38.349999999999994,11.9,21.549999999999997,1.0,1.0,1.0,1.0,0.8560747544735087,0.9712149508947018
704,Viet Nam,2014,2833.52,85.04,53.93,16.881794520547945,19.0446301369863,2299.0,2299.0,57.475,38.31666666666666,11.9,21.549999999999997,1.0,1.0,1.0,1.0,0.8837415376791787,0.9767483075358359
704,Viet Nam,2015,2822.9,86.02,54.0,16.966624657534247,18.89234794520548,2296.0,2296.0,57.400000000000006,38.266666666666666,11.9,21.549999999999997,1.0,1.0,1.0,1.0,0.8766750786638274,0.9753350157327654
704,Viet Nam,2016,2847.3500000000004,87.27,55.620000000000005,17.388652054794523,19.331986301369867,2293.0,2293.0,57.325,38.21666666666667,11.9,21.549999999999997,1.0,1.0,1.0,1.0,0.8970759304579986,0.9794151860915997
704,Viet Nam,2017,2862.38,88.79,56.63,17.693956164383565,19.836772602739725,2289.0,2289.0,57.225,38.15,11.9,21.549999999999997,1.0,1.0,1.0,1.0,0.920499888758224,0.9840999777516448
704,Viet Nam,2018,2885.84,90.62,59.96,18.16651780821918,20.608838356164384,2287.0,2287.0,57.175000000000004,38.11666666666667,11.9,21.549999999999997,1.0,1.0,1.0,1.0,0.9563266058544959,0.9912653211708993
704,Viet Nam,2019,2922.08,92.12,59.83,17.988756164383563,20.727712328767122,2288.0,2288.0,57.2,38.13333333333333,11.9,21.549999999999997,1.0,1.0,1.0,1.0,0.961842799478753,0.9923685598957507
704,Viet Nam,2020,2966.18,93.43,57.82,17.947098630136985,20.440386301369863,2290.0,2290.0,57.25,38.166666666666664,11.9,21.549999999999997,1.0,1.0,1.0,1.0,0.9485098051679752,0.9897019610335951
704,Viet Nam,2021,3004.1,96.15,64.61,18.62861917808219,20.935802739726025,2293.0,2293.0,57.325,38.21666666666667,11.9,21.549999999999997,1.0,1.0,1.0,1.0,0.971498967040651,0.9942997934081301
704,Viet Nam,2022,3030.61,98.81,67.85,18.90736712328767,21.877758904109587,2296.0,2296.0,57.400000000000006,38.266666666666666,11.9,21.549999999999997,1.0,1.0,1.0,1.0,1.0,1.0
704,Viet Nam,2023,3086.08,102.21000000000001,73.74000000000001,19.37429589041096,22.54370684931507,2299.0,2299.0,57.475,38.31666666666666,11.9,21.549999999999997,1.0,1.0,1.0,1.0,1.0,1.0
705,Slovenia,2010,3241.13,109.74,124.38,23.092917808219177,26.467569863013697,2518.0,2518.0,62.95,41.96666666666667,11.9,21.549999999999997,1.0,1.0,1.0,1.0,1.0,1.0
705,Slovenia,2011,3231.22,107.83,122.16,23.03578630136986,26.820621917808218,2512.0,2512.0,62.800000000000004,41.86666666666667,11.9,21.549999999999997,1.0,1.0,1.0,1.0,1.0,1.0
705,Slovenia,2012,3221.6299999999997,106.52000000000001,121.82000000000001,23.33450684931507,27.03645205479452,2507.0,2507.0,62.675000000000004,41.78333333333333,11.9,21.549999999999997,1.0,1.0,1.0,1.0,1.0,1.0
705,Slovenia,2013,3231.42,103.95,122.36,23.53715890410959,27.674142465753427,2503.0,2503.0,62.575,41.71666666666667,11.9,21.549999999999997,1.0,1.0,1.0,1.0,1.0,1.0
705,Slovenia,2014,3262.5,106.9,116.47,24.245465753424657,28.328380821917808,2499.0,2499.0,62.475,41.65,11.9,21.549999999999997,1.0,1.0,1.0,1.0,1.0,1.0
705,Slovenia,2015,3229.94,105.38,114.58,24.069838356164386,28.241857534246574,2496.0,2496.0,62.400000000000006,41.599999999999994,11.9,21.549999999999997,1.0,1.0,1.0,1.0,1.0,1.0
705,Slovenia,2016,3227.72,106.99,117.54,24.398879452054793,28.495646575342466,2494.0,2494.0,62.35,41.56666666666666,11.9,21.549999999999997,1.0,1.0,1.0,1.0,1.0,1.0
705,Slovenia,2017,3259.5899999999997,106.11,118.31,24.11084383561644,28.0388301369863,2492.0,2492.0,62.300000000000004,41.53333333333333,11.9,21.549999999999997,1.0,1.0,1.0,1.0,1.0,1.0
705,Slovenia,2018,3250.14,105.13,116.56,23.946613698630134,28.38040821917808,2492.0,2492.0,62.300000000000004,41.53333333333333,11.9,21.549999999999997,1.0,1.0,1.0,1.0,1.0,1.0
705,Slovenia,2019,3192.73,106.61,114.67,24.036446575342463,27.89404109589041,2494.0,2494.0,62.35,41.56666666666666,11.9,21.549999999999997,1.0,1.0,1.0,1.0,1.0,1.0
705,Slovenia,2020,3147.55,104.26,113.39,24.03557808219178,28.213821917808218,2496.0,2496.0,62.400000000000006,41.599999999999994,11.9,21.549999999999997,1.0,1.0,1.0,1.0,1.0,1.0
705,Slovenia,2021,3089.06,101.45,111.76,23.089364383561644,27.214775342465753,2497.0,2497.0,62.425000000000004,41.61666666666667,11.9,21.549999999999997,1.0,1.0,1.0,1.0,1.0,1.0
705,Slovenia,2022,3130.69,100.25,110.79,22.924438356164384,26.804575342465753,2497.0,2497.0,62.425000000000004,41.61666666666667,11.9,21.549999999999997,1.0,1.0,1.0,1.0,1.0,1.0
705,Slovenia,2023,3200.29,101.47,110.69,23.471323287671233,27.85189315068493,2498.0,2498.0,62.45,41.63333333333333,11.9,21.549999999999997,1.0,1.0,1.0,1.0,1.0,1.0
710,South Africa,2010,2867.48,78.92,86.92,16.78325205479452,19.319564383561644,2386.0,2386.0,59.650000000000006,39.766666666666666,11.9,21.549999999999997,1.0,1.0,1.0,1.0,0.896499507357849,0.9792999014715698
710,South Africa,2011,2871.83,79.21000000000001,85.94,16.790405479452055,19.120304109589043,2383.0,2383.0,59.575,39.71666666666667,11.9,21.549999999999997,1.0,1.0,1.0,1.0,0.8872530909322063,0.9774506181864412
710,South Africa,2012,2890.96,79.7,88.7,16.816769863013697,19.10553698630137,2380.0,2380.0,59.5,39.666666666666664,11.9,21.549999999999997,1.0,1.0,1.0,1.0,0.886567841591711,0.9773135683183423
710,South Africa,2013,2870.74,79.84,87.9,16.85181369863014,19.044093150684933,2378.0,2378.0,59.45,39.63333333333333,11.9,21.549999999999997,1.0,1.0,1.0,1.0,0.8837166195213427,0.9767433239042684
710,South Africa,2014,2838.52,81.23,83.57,17.039367123287672,19.18244383561644,2375.0,2375.0,59.375,39.583333333333336,11.9,21.549999999999997,1.0,1.0,1.0,1.0,0.890136604900995,0.9780273209801991
710,South Africa,2015,2801.2400000000002,79.87,83.49,16.823594520547942,18.78941095890411,2374.0,2374.0,59.35,39.56666666666666,11.9,21.549999999999997,1.0,1.0,1.0,1.0,0.8718984203667801,0.9743796840733561
710,South Africa,2016,2818.75,80.74,85.52,16.9892602739726,18.838238356164382,2369.0,2369.0,59.225,39.48333333333333,11.9,21.549999999999997,1.0,1.0,1.0,1.0,0.8741641928614564,0.9748328385722912
710,South Africa,2017,2835.27,79.48,86.5,16.74161095890411,18.65214520547945,2370.0,2370.0,59.25,39.5,11.9,21.549999999999997,1.0,1.0,1.0,1.0,0.8655287798366335,0.9731057559673267
710,South Africa,2018,2826.04,80.62,85.1,16.90236712328767,18.854802739726026,2376.0,2376.0,59.400000000000006,39.599999999999994,11.9,21.549999999999997,1.0,1.0,1.0,1.0,0.8749328417506278,0.9749865683501255
710,South Africa,2019,2789.53,79.88,88.75999999999999,16.449572602739728,18.38630410958904,2382.0,2382.0,59.550000000000004,39.7,11.9,21.549999999999997,1.0,1.0,1.0,1.0,0.8531927661062201,0.970638553221244
710,South Africa,2020,2760.2000000000003,81.89,96.16,16.23270684931507,18.20684383561644,2386.0,2386.0,59.650000000000006,39.766666666666666,11.9,21.549999999999997,1.0,1.0,1.0,1.0,0.8448651431840576,0.9689730286368116
710,South Africa,2021,2686.5099999999998,79.62,93.68,15.796745205479452,17.762520547945204,2388.0,2388.0,59.7,39.8,11.9,21.549999999999997,1.0,1.0,1.0,1.0,0.8242468931761117,0.9648493786352222
710,South Africa,2022,2724.23,78.84,99.7,15.784449315068493,17.67504383561644,2389.0,2389.0,59.725,39.81666666666666,11.9,21.549999999999997,1.0,1.0,1.0,1.0,0.8201876489845217,0.9640375297969044
710,South Africa,2023,2693.97,79.18,95.57,15.81366301369863,17.684460273972604,2391.0,2391.0,59.775000000000006,39.849999999999994,11.9,21.549999999999997,1.0,1.0,1.0,1.0,0.8206246066808635,0.9641249213361727
716,Zimbabwe,2010,2156.65,61.120000000000005,74.52,15.464698630136986,15.735493150684931,2210.0,2210.0,55.25,36.833333333333336,11.9,21.549999999999997,0.9758597285067874,1.0,1.0,1.0,0.7301852970155421,0.9412090051044659
716,Zimbabwe,2011,2154.39,59.88,76.36,14.784030136986301,14.532835616438355,2206.0,2206.0,55.150000000000006,36.766666666666666,11.9,21.549999999999997,0.9766047144152311,1.0,1.0,1.0,0.6743775228045641,0.930196447443959
716,Zimbabwe,2012,2189.7999999999997,60.75,74.01,15.233224657534246,15.108624657534246,2205.0,2205.0,55.125,36.75,11.9,21.549999999999997,0.9931065759637187,1.0,1.0,1.0,0.701096271811334,0.9388405695550105
716,Zimbabwe,2013,2176.46,60.04,71.55,15.10866301369863,15.115134246575343,2204.0,2204.0,55.1,36.73333333333333,11.9,21.549999999999997,0.9875045372050817,1.0,1.0,1.0,0.7013983409083686,0.93778057562269
716,Zimbabwe,2014,2072.73,55.27,65.66000000000001,13.41218904109589,14.102923287671233,2205.0,2205.0,55.125,36.75,11.9,21.549999999999997,0.9400136054421768,1.0,1.0,1.0,0.6544279947875283,0.918888320045941
716,Zimbabwe,2015,2075.4700000000003,56.34,67.18,13.65124383561644,14.024038356164382,2208.0,2208.0,55.2,36.8,11.9,21.549999999999997,0.9399773550724639,1.0,1.0,1.0,0.6507674411213171,0.9181489592387562
716,Zimbabwe,2016,2140.77,57.53,68.75,13.51124109589041,13.85278904109589,2212.0,2212.0,55.300000000000004,36.86666666666667,11.9,21.549999999999997,0.9677983725135624,1.0,1.0,1.0,0.6428208371738233,0.9221238419374771
716,Zimbabwe,2017,2180.82,57.739999999999995,65.49,13.838550684931507,14.73721095890411,2217.0,2217.0,55.425000000000004,36.95,11.9,21.549999999999997,0.9836806495263871,1.0,1.0,1.0,0.6838612973969425,0.9335083893846658
716,Zimbabwe,2018,2204.99,57.63,67.59,13.920660273972603,15.110183561643836,2224.0,2224.0,55.6,37.06666666666666,11.9,21.549999999999997,0.9914523381294963,1.0,1.0,1.0,0.7011686107491341,0.9385241897757262
716,Zimbabwe,2019,2144.18,59.25,66.33,14.045673972602739,15.42254794520548,2230.0,2230.0,55.75,37.166666666666664,11.9,21.549999999999997,0.9615156950672645,1.0,1.0,1.0,0.7156634777357532,0.9354358345606035
716,Zimbabwe,2020,2240.2000000000003,63.76,72.48,15.476060273972601,17.622424657534246,2237.0,2237.0,55.925000000000004,37.28333333333333,11.9,21.549999999999997,1.0,1.0,1.0,1.0,0.8177459237834919,0.9635491847566984
716,Zimbabwe,2021,2310.2000000000003,66.14,76.66,15.980597260273973,17.79098082191781,2244.0,2244.0,56.1,37.4,11.9,21.549999999999997,1.0,1.0,1.0,1.0,0.8255675555414298,0.965113511108286
716,Zimbabwe,2022,2319.39,67.16,83.26,16.13860273972603,18.44610684931507,2250.0,2250.0,56.25,37.5,11.9,21.549999999999997,1.0,1.0,1.0,1.0,0.855967835235038,0.9711935670470077
716,Zimbabwe,2023,2393.43,69.1,85.31,16.713912328767123,19.24593698630137,2256.0,2256.0,56.400000000000006,37.599999999999994,11.9,21.549999999999997,1.0,1.0,1.0,1.0,0.8930829227982076,0.9786165845596415
722,Small Island Developing States (SIDS),2010,2603.3599999999997,70.46,71.41,14.046284931506849,18.308772602739726,2363.0,2363.0,59.075,39.38333333333333,11.9,21.549999999999997,1.0,1.0,1.0,1.0,0.8495950163684328,0.9699190032736865
722,Small Island Developing States (SIDS),2011,2624.9,71.57,71.86,14.152443835616438,18.714323287671235,2366.0,2366.0,59.150000000000006,39.43333333333333,11.9,21.549999999999997,1.0,1.0,1.0,1.0,0.8684140736738393,0.9736828147347678
722,Small Island Developing States (SIDS),2012,2631.59,70.96,74.07,14.065208219178082,18.92998904109589,2369.0,2369.0,59.225,39.48333333333333,11.9,21.549999999999997,1.0,1.0,1.0,1.0,0.8784217652480693,0.9756843530496138
722,Small Island Developing States (SIDS),2013,2642.35,71.56,74.62,14.055120547945206,18.904753424657535,2371.0,2371.0,59.275000000000006,39.516666666666666,11.9,21.549999999999997,1.0,1.0,1.0,1.0,0.8772507389632268,0.9754501477926454
722,Small Island Developing States (SIDS),2014,2671.73,72.67999999999999,76.39,14.500731506849315,19.337471232876712,2373.0,2373.0,59.325,39.55,11.9,21.549999999999997,1.0,1.0,1.0,1.0,0.8973304516416108,0.9794660903283221
722,Small Island Developing States (SIDS),2015,2675.45,72.62,75.12,14.522139726027397,19.018331506849314,2375.0,2375.0,59.375,39.583333333333336,11.9,21.549999999999997,1.0,1.0,1.0,1.0,0.8825211836124973,0.9765042367224994
722,Small Island Developing States (SIDS),2016,2707.2599999999998,74.67999999999999,76.95,14.822301369863014,19.546558904109588,2376.0,2376.0,59.400000000000006,39.599999999999994,11.9,21.549999999999997,1.0,1.0,1.0,1.0,0.9070328957823476,0.9814065791564696
722,Small Island Developing States (SIDS),2017,2729.06,75.21,77.7,14.99685205479452,19.60062191780822,2377.0,2377.0,59.425000000000004,39.61666666666667,11.9,21.549999999999997,1.0,1.0,1.0,1.0,0.9095416203159268,0.9819083240631853
722,Small Island Developing States (SIDS),2018,2725.58,75.65,77.35000000000001,15.086854794520548,19.673243835616436,2378.0,2378.0,59.45,39.63333333333333,11.9,21.549999999999997,1.0,1.0,1.0,1.0,0.9129115468963545,0.9825823093792708
722,Small Island Developing States (SIDS),2019,2720.82,74.73,77.35000000000001,14.971353424657533,19.58891780821918,2380.0,2380.0,59.5,39.666666666666664,11.9,21.549999999999997,1.0,1.0,1.0,1.0,0.9089985061818646,0.981799701236373
722,Small Island Developing States (SIDS),2020,2686.3,73.67,75.88,14.753279452054795,19.20045205479452,2381.0,2381.0,59.525000000000006,39.68333333333333,11.9,21.549999999999997,1.0,1.0,1.0,1.0,0.8909722531227158,0.978194450624543
722,Small Island Developing States (SIDS),2021,2651.62,72.46,75.67,14.537476712328766,18.961378082191782,2383.0,2383.0,59.575,39.71666666666667,11.9,21.549999999999997,1.0,1.0,1.0,1.0,0.8798783332803612,0.9759756666560723
722,Small Island Developing States (SIDS),2022,2606.7400000000002,72.18,76.81,14.409739726027398,18.783117808219178,2384.0,2384.0,59.6,39.73333333333333,11.9,21.549999999999997,1.0,1.0,1.0,1.0,0.871606394812955,0.9743212789625909
722,Small Island Developing States (SIDS),2023,2577.96,71.36,75.31,14.55721917808219,19.009104109589043,2386.0,2386.0,59.650000000000006,39.766666666666666,11.9,21.549999999999997,1.0,1.0,1.0,1.0,0.8820929981247817,0.9764185996249564
724,Spain,2010,3181.4700000000003,109.69,144.46,19.9054301369863,22.615208219178083,2506.0,2506.0,62.650000000000006,41.766666666666666,11.9,21.549999999999997,1.0,1.0,1.0,1.0,1.0,1.0
724,Spain,2011,3200.73,108.99,145.33,19.934027397260273,22.854369863013698,2504.0,2504.0,62.6,41.73333333333333,11.9,21.549999999999997,1.0,1.0,1.0,1.0,1.0,1.0
724,Spain,2012,3195.82,108.43,145.16,19.82728493150685,22.66786301369863,2502.0,2502.0,62.550000000000004,41.7,11.9,21.549999999999997,1.0,1.0,1.0,1.0,1.0,1.0
724,Spain,2013,3219.67,109.44,146.14,20.02097808219178,23.045586301369863,2501.0,2501.0,62.525000000000006,41.68333333333333,11.9,21.549999999999997,1.0,1.0,1.0,1.0,1.0,1.0
724,Spain,2014,3175.4700000000003,108.46000000000001,141.55,20.28119726027397,22.94250684931507,2501.0,2501.0,62.525000000000006,41.68333333333333,11.9,21.549999999999997,1.0,1.0,1.0,1.0,1.0,1.0
724,Spain,2015,3203.08,109.05,147.15,20.265953424657532,22.89305205479452,2501.0,2501.0,62.525000000000006,41.68333333333333,11.9,21.549999999999997,1.0,1.0,1.0,1.0,1.0,1.0
724,Spain,2016,3280.57,110.68,149.79,20.688912328767124,23.66012054794521,2502.0,2502.0,62.550000000000004,41.7,11.9,21.549999999999997,1.0,1.0,1.0,1.0,1.0,1.0
724,Spain,2017,3297.48,110.22,151.72,20.482208219178084,23.534383561643835,2503.0,2503.0,62.575,41.71666666666667,11.9,21.549999999999997,1.0,1.0,1.0,1.0,1.0,1.0
724,Spain,2018,3346.39,114.12,153.0,21.375512328767122,24.205868493150685,2504.0,2504.0,62.6,41.73333333333333,11.9,21.549999999999997,1.0,1.0,1.0,1.0,1.0,1.0
724,Spain,2019,3349.23,115.66,153.43,21.05676712328767,23.55468493150685,2506.0,2506.0,62.650000000000006,41.766666666666666,11.9,21.549999999999997,1.0,1.0,1.0,1.0,1.0,1.0
724,Spain,2020,3345.92,113.3,155.17,20.879049315068492,23.519616438356163,2509.0,2509.0,62.725,41.81666666666666,11.9,21.549999999999997,1.0,1.0,1.0,1.0,1.0,1.0
724,Spain,2021,3375.67,113.29,157.92,20.864750684931504,23.575279452054794,2512.0,2512.0,62.800000000000004,41.86666666666667,11.9,21.549999999999997,1.0,1.0,1.0,1.0,1.0,1.0
724,Spain,2022,3355.27,114.96,152.99,20.83363287671233,23.17235890410959,2514.0,2514.0,62.85,41.9,11.9,21.549999999999997,1.0,1.0,1.0,1.0,1.0,1.0
724,Spain,2023,3377.12,117.64,152.78,21.25303835616438,23.42078082191781,2515.0,2515.0,62.875,41.916666666666664,11.9,21.549999999999997,1.0,1.0,1.0,1.0,1.0,1.0
740,Suriname,2010,2667.31,70.56,77.41,14.169435616438356,16.29354794520548,2357.0,2357.0,58.925000000000004,39.28333333333333,11.9,21.549999999999997,1.0,1.0,1.0,1.0,0.7560811111464261,0.9512162222292853
740,Suriname,2011,2620.53,69.08,75.45,13.834389041095891,15.757794520547945,2361.0,2361.0,59.025000000000006,39.349999999999994,11.9,21.549999999999997,1.0,1.0,1.0,1.0,0.7312201633664941,0.9462440326732988
740,Suriname,2012,2645.48,70.84,77.65,14.260134246575342,16.473142465753423,2364.0,2364.0,59.1,39.4,11.9,21.549999999999997,1.0,1.0,1.0,1.0,0.7644149636080475,0.9528829927216094
740,Suriname,2013,2676.37,71.49000000000001,78.16,14.748493150684933,17.38294794520548,2367.0,2367.0,59.175000000000004,39.45,11.9,21.549999999999997,1.0,1.0,1.0,1.0,0.8066333153227602,0.9613266630645521
740,Suriname,2014,2665.16,69.89,76.0,14.371068493150686,17.199901369863014,2369.0,2369.0,59.225,39.48333333333333,11.9,21.549999999999997,1.0,1.0,1.0,1.0,0.7981392747036202,0.9596278549407241
740,Suriname,2015,2623.48,68.35,74.99,14.043868493150685,16.788550684931508,2372.0,2372.0,59.300000000000004,39.53333333333333,11.9,21.549999999999997,1.0,1.0,1.0,1.0,0.7790510758668914,0.9558102151733783
740,Suriname,2016,2607.54,68.74,74.5,14.048660273972603,17.00038904109589,2375.0,2375.0,59.375,39.583333333333336,11.9,21.549999999999997,1.0,1.0,1.0,1.0,0.7888811619998094,0.9577762323999618
740,Suriname,2017,2606.13,68.46000000000001,73.86,14.079879452054794,16.836901369863014,2377.0,2377.0,59.425000000000004,39.61666666666667,11.9,21.549999999999997,1.0,1.0,1.0,1.0,0.7812947271398152,0.956258945427963
740,Suriname,2018,2631.37,73.39,71.1,15.13370684931507,17.66091780821918,2380.0,2380.0,59.5,39.666666666666664,11.9,21.549999999999997,1.0,1.0,1.0,1.0,0.8195321488732799,0.9639064297746559
740,Suriname,2019,2664.73,76.83,74.33,15.1326,17.764591780821917,2383.0,2383.0,59.575,39.71666666666667,11.9,21.549999999999997,1.0,1.0,1.0,1.0,0.8243430060706227,0.9648686012141245
740,Suriname,2020,2647.45,76.11,74.52,14.875049315068495,17.564421917808218,2386.0,2386.0,59.650000000000006,39.766666666666666,11.9,21.549999999999997,1.0,1.0,1.0,1.0,0.8150543813368084,0.9630108762673617
740,Suriname,2021,2610.81,73.74,72.27,14.396517808219178,16.679016438356165,2388.0,2388.0,59.7,39.8,11.9,21.549999999999997,1.0,1.0,1.0,1.0,0.7739682802021423,0.9547936560404284
740,Suriname,2022,2587.95,72.71000000000001,67.34,14.828764383561644,17.837780821917807,2390.0,2390.0,59.75,39.833333333333336,11.9,21.549999999999997,1.0,1.0,1.0,1.0,0.8277392492769285,0.9655478498553857
740,Suriname,2023,2539.03,68.31,69.47,14.2614,17.288986301369864,2392.0,2392.0,59.800000000000004,39.86666666666667,11.9,21.549999999999997,1.0,1.0,1.0,1.0,0.8022731462352606,0.9604546292470522
748,Eswatini,2010,2141.46,50.51,47.75,11.351942465753426,12.987345205479453,2273.0,2273.0,56.825,37.88333333333333,11.9,21.549999999999997,0.9421293444786626,0.8888693356797184,1.0,0.9539447450212963,0.6026610304166801,0.8775208911192716
748,Eswatini,2011,2198.46,50.92,47.64,11.525599999999999,13.284786301369863,2279.0,2279.0,56.975,37.98333333333333,11.9,21.549999999999997,0.964659938569548,0.8937253181219833,1.0,0.9685378151260503,0.6164634014556781,0.888677294654652
748,Eswatini,2012,2270.65,53.87,49.0,12.46384109589041,14.596060273972602,2284.0,2284.0,57.1,38.06666666666666,11.9,21.549999999999997,0.9941549912434327,0.9434325744308231,1.0,1.0,0.6773113816228586,0.9229797894594227
748,Eswatini,2013,2367.01,57.89,49.13,13.152405479452053,15.4788,2289.0,2289.0,57.225,38.15,11.9,21.549999999999997,1.0,1.0,1.0,1.0,0.7182737819025523,0.9436547563805104
748,Eswatini,2014,2403.91,58.47,59.45,13.487786301369864,16.530465753424657,2294.0,2294.0,57.35,38.23333333333333,11.9,21.549999999999997,1.0,1.0,1.0,1.0,0.7670749769570607,0.9534149953914122
748,Eswatini,2015,2387.15,56.83,57.35,13.361383561643835,15.741827397260273,2299.0,2299.0,57.475,38.31666666666666,11.9,21.549999999999997,1.0,0.9887777294475859,1.0,1.0,0.7304792295712424,0.9438513918037656
748,Eswatini,2016,2387.1,58.730000000000004,52.36,13.711621917808218,16.01325205479452,2304.0,2304.0,57.6,38.4,11.9,21.549999999999997,1.0,1.0,1.0,1.0,0.743074341289769,0.9486148682579538
748,Eswatini,2017,2412.59,58.32,52.39,13.375775342465753,15.770010958904109,2308.0,2308.0,57.7,38.46666666666667,11.9,21.549999999999997,1.0,1.0,1.0,1.0,0.7317870514572673,0.9463574102914535
748,Eswatini,2018,2475.14,58.75,55.370000000000005,14.021063013698631,16.692175342465756,2313.0,2313.0,57.825,38.55,11.9,21.549999999999997,1.0,1.0,1.0,1.0,0.7745789022025874,0.9549157804405175
748,Eswatini,2019,2461.16,58.6,54.47,13.533536986301371,16.316693150684934,2318.0,2318.0,57.95,38.63333333333333,11.9,21.549999999999997,1.0,1.0,1.0,1.0,0.7571551346025492,0.95143102692051
748,Eswatini,2020,2506.81,61.1,57.160000000000004,14.659139726027396,17.440473972602742,2322.0,2322.0,58.050000000000004,38.7,11.9,21.549999999999997,1.0,1.0,1.0,1.0,0.8093027365476911,0.9618605473095382
748,Eswatini,2021,2514.06,59.99,60.8,13.967416438356164,16.782986301369863,2327.0,2327.0,58.175000000000004,38.78333333333333,11.9,21.549999999999997,1.0,1.0,1.0,1.0,0.7787928678129868,0.9557585735625974
748,Eswatini,2022,2554.06,58.47,58.3,13.46164109589041,16.42445479452055,2330.0,2330.0,58.25,38.833333333333336,11.9,21.549999999999997,1.0,1.0,1.0,1.0,0.7621556749197472,0.9524311349839495
748,Eswatini,2023,2573.8199999999997,58.75,57.99,14.417221917808218,17.730060273972605,2333.0,2333.0,58.325,38.88333333333333,11.9,21.549999999999997,1.0,1.0,1.0,1.0,0.8227406159616059,0.9645481231923212
752,Sweden,2010,3203.93,113.93,133.31,21.417994520547946,23.174479452054797,2542.0,2542.0,63.550000000000004,42.36666666666667,11.9,21.549999999999997,1.0,1.0,1.0,1.0,1.0,1.0
752,Sweden,2011,3221.45,113.3,135.82,21.111632876712328,23.058827397260274,2540.0,2540.0,63.5,42.333333333333336,11.9,21.549999999999997,1.0,1.0,1.0,1.0,1.0,1.0
752,Sweden,2012,3230.41,111.19,137.51,21.057947945205477,23.10573698630137,2538.0,2538.0,63.45,42.3,11.9,21.549999999999997,1.0,1.0,1.0,1.0,1.0,1.0
752,Sweden,2013,3230.1,113.75,133.11,21.41419726027397,23.301169863013698,2536.0,2536.0,63.400000000000006,42.266666666666666,11.9,21.549999999999997,1.0,1.0,1.0,1.0,1.0,1.0
752,Sweden,2014,3258.2200000000003,112.94,138.1,20.778580821917807,23.15667123287671,2535.0,2535.0,63.375,42.25,11.9,21.549999999999997,1.0,1.0,1.0,1.0,1.0,1.0
752,Sweden,2015,3229.36,112.31,139.07,20.732054794520547,23.07514794520548,2534.0,2534.0,63.35,42.23333333333333,11.9,21.549999999999997,1.0,1.0,1.0,1.0,1.0,1.0
752,Sweden,2016,3223.13,110.42999999999999,139.91,20.631068493150686,23.14591232876712,2533.0,2533.0,63.325,42.21666666666667,11.9,21.549999999999997,1.0,1.0,1.0,1.0,1.0,1.0
752,Sweden,2017,3200.75,109.88,135.74,20.607298630136984,23.22881095890411,2533.0,2533.0,63.325,42.21666666666667,11.9,21.549999999999997,1.0,1.0,1.0,1.0,1.0,1.0
752,Sweden,2018,3166.39,107.84,132.82999999999998,20.73071506849315,23.44049315068493,2533.0,2533.0,63.325,42.21666666666667,11.9,21.549999999999997,1.0,1.0,1.0,1.0,1.0,1.0
752,Sweden,2019,3233.4700000000003,113.13,132.12,22.031676712328768,24.85332328767123,2533.0,2533.0,63.325,42.21666666666667,11.9,21.549999999999997,1.0,1.0,1.0,1.0,1.0,1.0
752,Sweden,2020,3265.38,112.34,136.49,21.623038356164383,24.27292602739726,2535.0,2535.0,63.375,42.25,11.9,21.549999999999997,1.0,1.0,1.0,1.0,1.0,1.0
752,Sweden,2021,3298.23,112.08,137.98,21.898413698630137,24.618249315068493,2536.0,2536.0,63.400000000000006,42.266666666666666,11.9,21.549999999999997,1.0,1.0,1.0,1.0,1.0,1.0
752,Sweden,2022,3327.35,113.02,137.69,22.313452054794517,25.15827397260274,2538.0,2538.0,63.45,42.3,11.9,21.549999999999997,1.0,1.0,1.0,1.0,1.0,1.0
752,Sweden,2023,3366.79,112.79,146.54999999999998,22.35766575342466,25.03804109589041,2541.0,2541.0,63.525000000000006,42.349999999999994,11.9,21.549999999999997,1.0,1.0,1.0,1.0,1.0,1.0
756,Switzerland,2010,3456.14,98.64999999999999,153.5,22.258276712328765,24.24307671232877,2569.0,2569.0,64.22500000000001,42.81666666666666,11.9,21.549999999999997,1.0,1.0,1.0,1.0,1.0,1.0
756,Switzerland,2011,3498.7,99.43,155.51,22.652008219178082,24.631254794520547,2569.0,2569.0,64.22500000000001,42.81666666666666,11.9,21.549999999999997,1.0,1.0,1.0,1.0,1.0,1.0
756,Switzerland,2012,3406.18,95.92,150.59,21.49789315068493,23.329879452054794,2568.0,2568.0,64.2,42.8,11.9,21.549999999999997,1.0,1.0,1.0,1.0,1.0,1.0
756,Switzerland,2013,3421.39,96.73,153.37,21.844819178082194,23.709394520547946,2568.0,2568.0,64.2,42.8,11.9,21.549999999999997,1.0,1.0,1.0,1.0,1.0,1.0
756,Switzerland,2014,3454.3,100.58,157.48,22.80590684931507,24.373980821917808,2567.0,2567.0,64.175,42.78333333333333,11.9,21.549999999999997,1.0,1.0,1.0,1.0,1.0,1.0
756,Switzerland,2015,3418.89,100.5,159.01,22.781709589041096,24.288268493150685,2566.0,2566.0,64.15,42.766666666666666,11.9,21.549999999999997,1.0,1.0,1.0,1.0,1.0,1.0
756,Switzerland,2016,3382.63,99.43,155.31,22.752038356164384,24.41471506849315,2565.0,2565.0,64.125,42.75,11.9,21.549999999999997,1.0,1.0,1.0,1.0,1.0,1.0
756,Switzerland,2017,3410.7,99.64,155.66,22.976430136986302,24.710821917808218,2563.0,2563.0,64.075,42.71666666666667,11.9,21.549999999999997,1.0,1.0,1.0,1.0,1.0,1.0
756,Switzerland,2018,3416.61,100.48,159.52,23.195482191780822,24.790416438356164,2562.0,2562.0,64.05,42.7,11.9,21.549999999999997,1.0,1.0,1.0,1.0,1.0,1.0
756,Switzerland,2019,3417.54,99.8,158.8,22.971989041095892,24.717421917808217,2560.0,2560.0,64.0,42.666666666666664,11.9,21.549999999999997,1.0,1.0,1.0,1.0,1.0,1.0
756,Switzerland,2020,3483.36,103.52,163.18,23.419860273972603,25.245235616438357,2559.0,2559.0,63.975,42.65,11.9,21.549999999999997,1.0,1.0,1.0,1.0,1.0,1.0
756,Switzerland,2021,3440.02,103.1,163.98,23.412249315068493,25.061106849315067,2558.0,2558.0,63.95,42.63333333333333,11.9,21.549999999999997,1.0,1.0,1.0,1.0,1.0,1.0
756,Switzerland,2022,3460.6,104.49,164.37,24.02909863013699,25.905923287671232,2557.0,2557.0,63.925000000000004,42.61666666666667,11.9,21.549999999999997,1.0,1.0,1.0,1.0,1.0,1.0
756,Switzerland,2023,3402.39,101.47,162.32999999999998,23.354120547945204,25.143095890410958,2556.0,2556.0,63.900000000000006,42.599999999999994,11.9,21.549999999999997,1.0,1.0,1.0,1.0,1.0,1.0
760,Syrian Arab Republic,2010,3089.28,79.41,103.52000000000001,18.945227397260272,24.640895890410956,2293.0,2293.0,57.325,38.21666666666667,11.9,21.549999999999997,1.0,1.0,1.0,1.0,1.0,1.0
760,Syrian Arab Republic,2011,3056.88,81.5,105.62,19.213723287671232,25.43315890410959,2293.0,2293.0,57.325,38.21666666666667,11.9,21.549999999999997,1.0,1.0,1.0,1.0,1.0,1.0
760,Syrian Arab Republic,2012,2937.61,79.3,97.07,18.73846301369863,24.75829315068493,2288.0,2288.0,57.2,38.13333333333333,11.9,21.549999999999997,1.0,1.0,1.0,1.0,1.0,1.0
760,Syrian Arab Republic,2013,2881.8100000000004,78.6,92.33,18.397383561643835,23.389769863013697,2271.0,2271.0,56.775000000000006,37.849999999999994,11.9,21.549999999999997,1.0,1.0,1.0,1.0,1.0,1.0
760,Syrian Arab Republic,2014,2844.46,77.04,94.17,18.101331506849313,23.015284931506848,2254.0,2254.0,56.35,37.56666666666666,11.9,21.549999999999997,1.0,1.0,1.0,1.0,1.0,1.0
760,Syrian Arab Republic,2015,2798.4700000000003,76.15,95.69,17.657652054794518,22.9516602739726,2250.0,2250.0,56.25,37.5,11.9,21.549999999999997,1.0,1.0,1.0,1.0,1.0,1.0
760,Syrian Arab Republic,2016,2683.9,73.61,86.62,16.889463013698627,21.940013698630136,2261.0,2261.0,56.525000000000006,37.68333333333333,11.9,21.549999999999997,1.0,1.0,1.0,1.0,1.0,1.0
760,Syrian Arab Republic,2017,2623.52,70.96,89.4,16.07195616438356,21.75670410958904,2277.0,2277.0,56.925000000000004,37.95,11.9,21.549999999999997,1.0,1.0,1.0,1.0,1.0,1.0
760,Syrian Arab Republic,2018,2525.84,72.2,78.74,16.86405205479452,23.595717808219177,2297.0,2297.0,57.425000000000004,38.28333333333333,11.9,21.549999999999997,1.0,1.0,1.0,1.0,1.0,1.0
760,Syrian Arab Republic,2019,2486.63,72.75,77.33,17.1754301369863,22.81388219178082,2322.0,2322.0,58.050000000000004,38.7,11.9,21.549999999999997,1.0,1.0,1.0,1.0,1.0,1.0
760,Syrian Arab Republic,2020,2421.3500000000004,76.48,71.84,18.220586301369863,24.18109589041096,2340.0,2340.0,58.5,39.0,11.9,21.549999999999997,1.0,1.0,1.0,1.0,1.0,1.0
760,Syrian Arab Republic,2021,2390.09,73.03999999999999,67.92999999999999,17.145331506849317,22.321835616438356,2354.0,2354.0,58.85,39.23333333333333,11.9,21.549999999999997,1.0,1.0,1.0,1.0,1.0,1.0
760,Syrian Arab Republic,2022,2348.62,69.13,72.63,16.53219726027397,21.435156164383564,2368.0,2368.0,59.2,39.46666666666667,11.9,21.549999999999997,0.9918158783783784,1.0,1.0,1.0,0.9946708196929729,0.9972973396142703
760,Syrian Arab Republic,2023,2259.32,70.56,65.45,17.187646575342463,21.742117808219177,2381.0,2381.0,59.525000000000006,39.68333333333333,11.9,21.549999999999997,0.9488954220915582,1.0,1.0,1.0,1.0,0.9897790844183116
762,Tajikistan,2010,2255.8199999999997,60.68,60.23,16.018531506849314,19.735361643835617,2279.0,2279.0,56.975,37.98333333333333,11.9,21.549999999999997,0.9898288723124176,1.0,1.0,1.0,0.9157940437974765,0.9811245832219788
762,Tajikistan,2011,2293.4900000000002,62.019999999999996,60.6,16.21819178082192,19.98202191780822,2277.0,2277.0,56.925000000000004,37.95,11.9,21.549999999999997,1.0,1.0,1.0,1.0,0.9272399961859963,0.9854479992371992
762,Tajikistan,2012,2306.0699999999997,64.32,60.86,16.761794520547944,20.405665753424657,2275.0,2275.0,56.875,37.916666666666664,11.9,21.549999999999997,1.0,1.0,1.0,1.0,0.9468986428503322,0.9893797285700664
762,Tajikistan,2013,2308.84,65.98,62.28,16.913054794520548,20.407928767123288,2276.0,2276.0,56.900000000000006,37.93333333333333,11.9,21.549999999999997,1.0,1.0,1.0,1.0,0.9470036550869276,0.9894007310173855
762,Tajikistan,2014,2358.5,66.62,64.35,17.360216438356165,21.508835616438358,2276.0,2276.0,56.900000000000006,37.93333333333333,11.9,21.549999999999997,1.0,1.0,1.0,1.0,0.998089819788323,0.9996179639576646
762,Tajikistan,2015,2421.43,71.18,66.34,18.35906301369863,22.503161643835618,2275.0,2275.0,56.875,37.916666666666664,11.9,21.549999999999997,1.0,1.0,1.0,1.0,1.0,1.0
762,Tajikistan,2016,2482.31,73.36,69.69,18.907350684931505,22.996739726027396,2274.0,2274.0,56.85,37.9,11.9,21.549999999999997,1.0,1.0,1.0,1.0,1.0,1.0
762,Tajikistan,2017,2554.45,76.50999999999999,77.52,19.41930410958904,23.479361643835617,2273.0,2273.0,56.825,37.88333333333333,11.9,21.549999999999997,1.0,1.0,1.0,1.0,1.0,1.0
762,Tajikistan,2018,2628.53,81.02,76.56,20.43014794520548,25.32336712328767,2273.0,2273.0,56.825,37.88333333333333,11.9,21.549999999999997,1.0,1.0,1.0,1.0,1.0,1.0
762,Tajikistan,2019,2710.6,82.42,81.81,20.858841095890412,26.086309589041097,2273.0,2273.0,56.825,37.88333333333333,11.9,21.549999999999997,1.0,1.0,1.0,1.0,1.0,1.0
762,Tajikistan,2020,2702.98,81.87,81.99,20.72654794520548,25.552964383561644,2273.0,2273.0,56.825,37.88333333333333,11.9,21.549999999999997,1.0,1.0,1.0,1.0,1.0,1.0
762,Tajikistan,2021,2710.86,81.88,80.67,20.87510410958904,25.54369589041096,2275.0,2275.0,56.875,37.916666666666664,11.9,21.549999999999997,1.0,1.0,1.0,1.0,1.0,1.0
762,Tajikistan,2022,2734.79,83.22,84.82,20.827684931506848,25.534731506849315,2277.0,2277.0,56.925000000000004,37.95,11.9,21.549999999999997,1.0,1.0,1.0,1.0,1.0,1.0
762,Tajikistan,2023,2711.7000000000003,83.11,86.21000000000001,20.867030136986298,25.64542739726027,2281.0,2281.0,57.025000000000006,38.016666666666666,11.9,21.549999999999997,1.0,1.0,1.0,1.0,1.0,1.0
764,Thailand,2010,2742.88,64.33,52.13,12.421178082191782,15.258375342465753,2447.0,2447.0,61.175000000000004,40.78333333333333,11.9,21.549999999999997,1.0,1.0,1.0,1.0,0.7080452595111719,0.9416090519022344
764,Thailand,2011,2730.79,63.87,53.98,12.165098630136987,14.51954794520548,2449.0,2449.0,61.225,40.81666666666666,11.9,21.549999999999997,1.0,1.0,1.0,1.0,0.6737609255315768,0.9347521851063153
764,Thailand,2012,2752.7400000000002,66.26,52.6,12.551246575342466,15.246038356164384,2450.0,2450.0,61.25,40.833333333333336,11.9,21.549999999999997,1.0,1.0,1.0,1.0,0.7074727775482313,0.9414945555096462
764,Thailand,2013,2722.87,65.68,50.75,12.279969863013699,14.645142465753425,2451.0,2451.0,61.275000000000006,40.849999999999994,11.9,21.549999999999997,1.0,1.0,1.0,1.0,0.6795889775291614,0.9359177955058323
764,Thailand,2014,2760.69,66.5,53.05,12.049265753424658,14.510742465753426,2452.0,2452.0,61.300000000000004,40.86666666666667,11.9,21.549999999999997,1.0,1.0,1.0,1.0,0.6733523185964467,0.9346704637192893
764,Thailand,2015,2775.67,67.27,56.22,12.497049315068493,15.456728767123288,2453.0,2453.0,61.325,40.88333333333333,11.9,21.549999999999997,1.0,1.0,1.0,1.0,0.7172495947621016,0.9434499189524204
764,Thailand,2016,2763.18,66.9,56.97,12.318772602739726,15.235594520547945,2454.0,2454.0,61.35,40.9,11.9,21.549999999999997,1.0,1.0,1.0,1.0,0.7069881448050092,0.9413976289610018
764,Thailand,2017,2751.92,66.38,59.48,12.123865753424658,14.80550684931507,2455.0,2455.0,61.375,40.916666666666664,11.9,21.549999999999997,1.0,1.0,1.0,1.0,0.687030480246639,0.9374060960493278
764,Thailand,2018,2777.11,67.29,57.75,12.158523287671233,14.799161643835616,2456.0,2456.0,61.400000000000006,40.93333333333333,11.9,21.549999999999997,1.0,1.0,1.0,1.0,0.6867360391571052,0.937347207831421
764,Thailand,2019,2800.58,66.83,61.08,12.259668493150686,15.100983561643837,2457.0,2457.0,61.425000000000004,40.95,11.9,21.549999999999997,1.0,1.0,1.0,1.0,0.7007416965960018,0.9401483393192004
764,Thailand,2020,2850.47,68.34,62.85,12.679202739726028,15.79452602739726,2457.0,2457.0,61.425000000000004,40.95,11.9,21.549999999999997,1.0,1.0,1.0,1.0,0.7329246416425644,0.9465849283285129
764,Thailand,2021,2858.27,68.1,63.44,12.32874794520548,14.811939726027397,2458.0,2458.0,61.45,40.96666666666667,11.9,21.549999999999997,1.0,1.0,1.0,1.0,0.6873289896068399,0.937465797921368
764,Thailand,2022,2861.81,67.53,61.07,12.141945205479454,14.484865753424659,2459.0,2459.0,61.475,40.98333333333333,11.9,21.549999999999997,1.0,1.0,1.0,1.0,0.6721515430823508,0.9344303086164703
764,Thailand,2023,2855.25,68.58,57.28,12.571687671232878,15.046339726027398,2459.0,2459.0,61.475,40.98333333333333,11.9,21.549999999999997,1.0,1.0,1.0,1.0,0.6982060197692529,0.9396412039538505
776,Tonga,2019,2897.87,130.65,117.0,24.475942465753423,31.363679452054797,2362.0,2362.0,59.050000000000004,39.36666666666667,11.9,21.549999999999997,1.0,1.0,1.0,1.0,1.0,1.0
776,Tonga,2020,2923.33,123.35,115.78999999999999,24.53241095890411,32.336438356164386,2365.0,2365.0,59.125,39.416666666666664,11.9,21.549999999999997,1.0,1.0,1.0,1.0,1.0,1.0
776,Tonga,2021,3032.84,139.62,128.16,25.85596438356164,33.251164383561644,2365.0,2365.0,59.125,39.416666666666664,11.9,21.549999999999997,1.0,1.0,1.0,1.0,1.0,1.0
776,Tonga,2022,2969.23,125.08,122.5,24.46884109589041,32.41901095890411,2364.0,2364.0,59.1,39.4,11.9,21.549999999999997,1.0,1.0,1.0,1.0,1.0,1.0
776,Tonga,2023,3059.02,129.26,124.09,25.60664931506849,32.995915068493154,2364.0,2364.0,59.1,39.4,11.9,21.549999999999997,1.0,1.0,1.0,1.0,1.0,1.0
780,Trinidad and Tobago,2010,2961.52,91.62,92.45,16.155630136986304,20.779997260273973,2454.0,2454.0,61.35,40.9,11.9,21.549999999999997,1.0,1.0,1.0,1.0,0.9642690143978643,0.9928538028795728
780,Trinidad and Tobago,2011,3023.67,93.59,98.26,17.229975342465753,22.644402739726026,2452.0,2452.0,61.300000000000004,40.86666666666667,11.9,21.549999999999997,1.0,1.0,1.0,1.0,1.0,1.0
780,Trinidad and Tobago,2012,3046.82,94.95,97.14,17.264093150684932,22.628635616438356,2451.0,2451.0,61.275000000000006,40.849999999999994,11.9,21.549999999999997,1.0,1.0,1.0,1.0,1.0,1.0
780,Trinidad and Tobago,2013,3075.19,98.29,97.98,17.772002739726027,23.012800000000002,2450.0,2450.0,61.25,40.833333333333336,11.9,21.549999999999997,1.0,1.0,1.0,1.0,1.0,1.0
780,Trinidad and Tobago,2014,3044.6,99.33,100.21,17.884452054794522,22.51741095890411,2449.0,2449.0,61.225,40.81666666666666,11.9,21.549999999999997,1.0,1.0,1.0,1.0,1.0,1.0
780,Trinidad and Tobago,2015,3046.5499999999997,95.96,96.01,17.908487671232876,22.63067397260274,2447.0,2447.0,61.175000000000004,40.78333333333333,11.9,21.549999999999997,1.0,1.0,1.0,1.0,1.0,1.0
780,Trinidad and Tobago,2016,3031.18,94.28,98.47,17.36444109589041,21.830131506849316,2446.0,2446.0,61.150000000000006,40.766666666666666,11.9,21.549999999999997,1.0,1.0,1.0,1.0,1.0,1.0
780,Trinidad and Tobago,2017,3048.37,94.35,97.94,17.335498630136986,21.985016438356165,2446.0,2446.0,61.150000000000006,40.766666666666666,11.9,21.549999999999997,1.0,1.0,1.0,1.0,1.0,1.0
780,Trinidad and Tobago,2018,3033.38,94.22,96.78999999999999,17.446098630136987,21.8975698630137,2449.0,2449.0,61.225,40.81666666666666,11.9,21.549999999999997,1.0,1.0,1.0,1.0,1.0,1.0
780,Trinidad and Tobago,2019,3023.02,94.71,96.86,17.321764383561646,21.53640273972603,2450.0,2450.0,61.25,40.833333333333336,11.9,21.549999999999997,1.0,1.0,1.0,1.0,0.9993690366462196,0.999873807329244
780,Trinidad and Tobago,2020,3029.94,89.75,98.55,17.316142465753426,21.816564383561644,2448.0,2448.0,61.2,40.8,11.9,21.549999999999997,1.0,1.0,1.0,1.0,1.0,1.0
780,Trinidad and Tobago,2021,2999.16,87.32,99.99,16.87426575342466,21.23526301369863,2449.0,2449.0,61.225,40.81666666666666,11.9,21.549999999999997,1.0,1.0,1.0,1.0,0.9853950354384517,0.9970790070876904
780,Trinidad and Tobago,2022,2965.09,88.12,105.43,16.19041095890411,20.46181095890411,2450.0,2450.0,61.25,40.833333333333336,11.9,21.549999999999997,1.0,1.0,1.0,1.0,0.9495039888122558,0.9899007977624512
780,Trinidad and Tobago,2023,2945.73,87.42999999999999,107.36999999999999,16.543561643835616,20.837578082191783,2451.0,2451.0,61.275000000000006,40.849999999999994,11.9,21.549999999999997,1.0,1.0,1.0,1.0,0.9669409782919622,0.9933881956583924
784,United Arab Emirates,2010,3659.2400000000002,93.36000000000001,137.08,21.293558904109588,26.32932054794521,2624.0,2624.0,65.60000000000001,43.73333333333333,11.9,21.549999999999997,1.0,1.0,1.0,1.0,1.0,1.0
784,United Arab Emirates,2011,3695.21,103.41,135.46,24.522216438356164,30.833646575342467,2622.0,2622.0,65.55,43.7,11.9,21.549999999999997,1.0,1.0,1.0,1.0,1.0,1.0
784,United Arab Emirates,2012,3664.62,98.95,136.0,22.26345205479452,28.31544383561644,2621.0,2621.0,65.525,43.68333333333333,11.9,21.549999999999997,1.0,1.0,1.0,1.0,1.0,1.0
784,United Arab Emirates,2013,3590.77,101.05,127.39999999999999,23.178545205479452,28.624345205479454,2619.0,2619.0,65.47500000000001,43.65,11.9,21.549999999999997,1.0,1.0,1.0,1.0,1.0,1.0
784,United Arab Emirates,2014,3407.45,94.04,122.22,19.972175342465754,25.36369315068493,2618.0,2618.0,65.45,43.63333333333333,11.9,21.549999999999997,1.0,1.0,1.0,1.0,1.0,1.0
784,United Arab Emirates,2015,3278.77,92.94,120.01,18.847265753424658,23.80821095890411,2617.0,2617.0,65.425,43.61666666666667,11.9,21.549999999999997,1.0,1.0,1.0,1.0,1.0,1.0
784,United Arab Emirates,2016,3160.53,91.49,111.13,18.732002739726028,23.65428493150685,2617.0,2617.0,65.425,43.61666666666667,11.9,21.549999999999997,1.0,1.0,1.0,1.0,1.0,1.0
784,United Arab Emirates,2017,3161.2,89.8,114.79,18.79046575342466,23.98850684931507,2616.0,2616.0,65.4,43.599999999999994,11.9,21.549999999999997,1.0,1.0,1.0,1.0,1.0,1.0
784,United Arab Emirates,2018,3157.2599999999998,91.03,124.02,18.363249315068494,22.06611780821918,2616.0,2616.0,65.4,43.599999999999994,11.9,21.549999999999997,1.0,1.0,1.0,1.0,1.0,1.0
784,United Arab Emirates,2019,3246.7799999999997,92.93,132.46,18.986794520547946,23.50893424657534,2616.0,2616.0,65.4,43.599999999999994,11.9,21.549999999999997,1.0,1.0,1.0,1.0,1.0,1.0
784,United Arab Emirates,2020,3243.93,110.84,137.0,23.530673972602738,29.219928767123285,2615.0,2615.0,65.375,43.583333333333336,11.9,21.549999999999997,1.0,1.0,1.0,1.0,1.0,1.0
784,United Arab Emirates,2021,3171.16,113.42,131.47,24.89655068493151,30.566473972602743,2615.0,2615.0,65.375,43.583333333333336,11.9,21.549999999999997,1.0,1.0,1.0,1.0,1.0,1.0
784,United Arab Emirates,2022,3129.54,100.8,125.97,20.702509589041096,25.471079452054795,2615.0,2615.0,65.375,43.583333333333336,11.9,21.549999999999997,1.0,1.0,1.0,1.0,1.0,1.0
784,United Arab Emirates,2023,3125.07,96.72,125.87,19.466446575342466,23.633561643835616,2616.0,2616.0,65.4,43.599999999999994,11.9,21.549999999999997,1.0,1.0,1.0,1.0,1.0,1.0
788,Tunisia,2010,3299.85,97.64,94.86,22.5456602739726,30.032202739726028,2377.0,2377.0,59.425000000000004,39.61666666666667,11.9,21.549999999999997,1.0,1.0,1.0,1.0,1.0,1.0
788,Tunisia,2011,3314.81,99.35,89.38,23.132638356164385,30.78254520547945,2374.0,2374.0,59.35,39.56666666666666,11.9,21.549999999999997,1.0,1.0,1.0,1.0,1.0,1.0
788,Tunisia,2012,3341.71,99.86,98.06,22.90047397260274,30.609764383561647,2370.0,2370.0,59.25,39.5,11.9,21.549999999999997,1.0,1.0,1.0,1.0,1.0,1.0
788,Tunisia,2013,3335.31,100.07000000000001,95.87,23.00721917808219,30.806,2364.0,2364.0,59.1,39.4,11.9,21.549999999999997,1.0,1.0,1.0,1.0,1.0,1.0
788,Tunisia,2014,3370.11,101.92,95.55,23.40607123287671,31.23028219178082,2359.0,2359.0,58.975,39.31666666666666,11.9,21.549999999999997,1.0,1.0,1.0,1.0,1.0,1.0
788,Tunisia,2015,3389.09,101.75,98.38,23.342043835616437,31.256345205479448,2354.0,2354.0,58.85,39.23333333333333,11.9,21.549999999999997,1.0,1.0,1.0,1.0,1.0,1.0
788,Tunisia,2016,3380.65,102.07000000000001,95.96000000000001,23.47482739726027,31.280545205479452,2351.0,2351.0,58.775000000000006,39.18333333333333,11.9,21.549999999999997,1.0,1.0,1.0,1.0,1.0,1.0
788,Tunisia,2017,3394.86,101.25,98.61,23.258630136986298,30.993087671232875,2348.0,2348.0,58.7,39.13333333333333,11.9,21.549999999999997,1.0,1.0,1.0,1.0,1.0,1.0
788,Tunisia,2018,3445.36,102.06,103.39,23.25281917808219,30.937608219178077,2347.0,2347.0,58.675000000000004,39.11666666666667,11.9,21.549999999999997,1.0,1.0,1.0,1.0,1.0,1.0
788,Tunisia,2019,3500.15,103.52,105.67,23.46449315068493,31.547471232876713,2347.0,2347.0,58.675000000000004,39.11666666666667,11.9,21.549999999999997,1.0,1.0,1.0,1.0,1.0,1.0
788,Tunisia,2020,3527.4,103.59,102.03999999999999,23.77354520547945,32.105657534246575,2348.0,2348.0,58.7,39.13333333333333,11.9,21.549999999999997,1.0,1.0,1.0,1.0,1.0,1.0
788,Tunisia,2021,3531.3,106.58,97.37,24.231668493150686,32.504479452054795,2351.0,2351.0,58.775000000000006,39.18333333333333,11.9,21.549999999999997,1.0,1.0,1.0,1.0,1.0,1.0
788,Tunisia,2022,3468.0099999999998,104.12,101.09,23.34523287671233,31.61322739726027,2356.0,2356.0,58.900000000000006,39.266666666666666,11.9,21.549999999999997,1.0,1.0,1.0,1.0,1.0,1.0
788,Tunisia,2023,3431.5499999999997,105.04,99.95,23.715109589041095,32.35174520547945,2361.0,2361.0,59.025000000000006,39.349999999999994,11.9,21.549999999999997,1.0,1.0,1.0,1.0,1.0,1.0
792,TÃ¼rkiye,2010,3643.04,102.21,114.28999999999999,23.8599397260274,31.16518904109589,2397.0,2397.0,59.925000000000004,39.95,11.9,21.549999999999997,1.0,1.0,1.0,1.0,1.0,1.0
792,TÃ¼rkiye,2011,3650.86,103.43,117.55,23.976454794520546,31.713506849315067,2402.0,2402.0,60.050000000000004,40.03333333333333,11.9,21.549999999999997,1.0,1.0,1.0,1.0,1.0,1.0
792,TÃ¼rkiye,2012,3694.08,105.84,124.05,24.127846575342463,31.610109589041095,2407.0,2407.0,60.175000000000004,40.11666666666667,11.9,21.549999999999997,1.0,1.0,1.0,1.0,1.0,1.0
792,TÃ¼rkiye,2013,3708.43,105.61,124.78,24.039594520547947,31.28952602739726,2411.0,2411.0,60.275000000000006,40.18333333333333,11.9,21.549999999999997,1.0,1.0,1.0,1.0,1.0,1.0
792,TÃ¼rkiye,2014,3666.29,105.56,122.13,23.81434520547945,30.73005479452055,2413.0,2413.0,60.325,40.21666666666667,11.9,21.549999999999997,1.0,1.0,1.0,1.0,1.0,1.0
792,TÃ¼rkiye,2015,3698.83,107.50999999999999,124.47,24.284353424657535,31.17551506849315,2414.0,2414.0,60.35,40.23333333333333,11.9,21.549999999999997,1.0,1.0,1.0,1.0,1.0,1.0
792,TÃ¼rkiye,2016,3651.68,105.45,122.24,23.927821917808217,30.79641917808219,2414.0,2414.0,60.35,40.23333333333333,11.9,21.549999999999997,1.0,1.0,1.0,1.0,1.0,1.0
792,TÃ¼rkiye,2017,3699.0600000000004,107.28,125.99,24.125235616438353,30.943101369863015,2414.0,2414.0,60.35,40.23333333333333,11.9,21.549999999999997,1.0,1.0,1.0,1.0,1.0,1.0
792,TÃ¼rkiye,2018,3715.96,107.62,129.34,24.20972602739726,30.540997260273972,2414.0,2414.0,60.35,40.23333333333333,11.9,21.549999999999997,1.0,1.0,1.0,1.0,1.0,1.0
792,TÃ¼rkiye,2019,3718.12,106.49000000000001,130.25,23.841158904109587,30.768142465753424,2414.0,2414.0,60.35,40.23333333333333,11.9,21.549999999999997,1.0,1.0,1.0,1.0,1.0,1.0
792,TÃ¼rkiye,2020,3743.5899999999997,113.06,135.51,24.780427397260276,31.203021917808222,2417.0,2417.0,60.425000000000004,40.28333333333333,11.9,21.549999999999997,1.0,1.0,1.0,1.0,1.0,1.0
792,TÃ¼rkiye,2021,3745.5,113.47,135.58,25.341583561643837,33.165983561643834,2420.0,2420.0,60.5,40.333333333333336,11.9,21.549999999999997,1.0,1.0,1.0,1.0,1.0,1.0
792,TÃ¼rkiye,2022,3825.39,114.84,140.86,25.543016438356165,35.0708794520548,2423.0,2423.0,60.575,40.38333333333333,11.9,21.549999999999997,1.0,1.0,1.0,1.0,1.0,1.0
792,TÃ¼rkiye,2023,3892.21,119.66000000000001,141.29,26.61851232876712,34.59992328767123,2428.0,2428.0,60.7,40.46666666666667,11.9,21.549999999999997,1.0,1.0,1.0,1.0,1.0,1.0
795,Turkmenistan,2010,2832.18,96.43,83.56,23.3532301369863,25.05788493150685,2339.0,2339.0,58.475,38.98333333333333,11.9,21.549999999999997,1.0,1.0,1.0,1.0,1.0,1.0
795,Turkmenistan,2011,2803.57,96.72,82.47,23.523241095890413,25.363720547945206,2338.0,2338.0,58.45,38.96666666666667,11.9,21.549999999999997,1.0,1.0,1.0,1.0,1.0,1.0
795,Turkmenistan,2012,2823.9,97.42,85.12,23.296084931506847,24.58208493150685,2335.0,2335.0,58.375,38.916666666666664,11.9,21.549999999999997,1.0,1.0,1.0,1.0,1.0,1.0
795,Turkmenistan,2013,2829.96,97.3,84.16,23.32562465753425,24.59686575342466,2331.0,2331.0,58.275000000000006,38.849999999999994,11.9,21.549999999999997,1.0,1.0,1.0,1.0,1.0,1.0
795,Turkmenistan,2014,2914.47,103.91,91.68,24.213712328767123,25.388682191780823,2326.0,2326.0,58.150000000000006,38.766666666666666,11.9,21.549999999999997,1.0,1.0,1.0,1.0,1.0,1.0
795,Turkmenistan,2015,2912.18,102.33,93.25,24.048865753424657,25.317482191780822,2320.0,2320.0,58.0,38.666666666666664,11.9,21.549999999999997,1.0,1.0,1.0,1.0,1.0,1.0
795,Turkmenistan,2016,2889.5,103.16,88.78,23.857353424657532,24.944172602739723,2314.0,2314.0,57.85,38.56666666666666,11.9,21.549999999999997,1.0,1.0,1.0,1.0,1.0,1.0
795,Turkmenistan,2017,2896.32,104.26,85.67,23.930265753424656,24.87380821917808,2308.0,2308.0,57.7,38.46666666666667,11.9,21.549999999999997,1.0,1.0,1.0,1.0,1.0,1.0
795,Turkmenistan,2018,2878.51,104.22,87.5,23.54729315068493,24.400476712328764,2303.0,2303.0,57.575,38.38333333333333,11.9,21.549999999999997,1.0,1.0,1.0,1.0,1.0,1.0
795,Turkmenistan,2019,2847.3,102.25,85.82000000000001,23.10661917808219,23.919690410958903,2299.0,2299.0,57.475,38.31666666666666,11.9,21.549999999999997,1.0,1.0,1.0,1.0,1.0,1.0
795,Turkmenistan,2020,2863.28,102.34,91.63,22.79657808219178,23.569838356164382,2296.0,2296.0,57.400000000000006,38.266666666666666,11.9,21.549999999999997,1.0,1.0,1.0,1.0,1.0,1.0
795,Turkmenistan,2021,2871.1800000000003,102.93,91.25999999999999,22.99985479452055,24.17335890410959,2296.0,2296.0,57.400000000000006,38.266666666666666,11.9,21.549999999999997,1.0,1.0,1.0,1.0,1.0,1.0
795,Turkmenistan,2022,2827.3900000000003,103.29,84.62,23.079841095890412,24.428534246575342,2297.0,2297.0,57.425000000000004,38.28333333333333,11.9,21.549999999999997,1.0,1.0,1.0,1.0,1.0,1.0
795,Turkmenistan,2023,2814.15,104.63000000000001,80.83,23.338693150684932,24.67029589041096,2301.0,2301.0,57.525000000000006,38.349999999999994,11.9,21.549999999999997,1.0,1.0,1.0,1.0,1.0,1.0
798,Tuvalu,2019,2993.29,92.87,109.55,21.728904109589042,30.868052054794518,2251.0,2251.0,56.275000000000006,37.516666666666666,11.9,21.549999999999997,1.0,1.0,1.0,1.0,1.0,1.0
798,Tuvalu,2020,3136.61,102.08,115.41999999999999,23.34257260273973,32.60067671232877,2250.0,2250.0,56.25,37.5,11.9,21.549999999999997,1.0,1.0,1.0,1.0,1.0,1.0
798,Tuvalu,2021,3212.3700000000003,100.66,112.85,21.861364383561643,31.320473972602738,2249.0,2249.0,56.225,37.48333333333333,11.9,21.549999999999997,1.0,1.0,1.0,1.0,1.0,1.0
798,Tuvalu,2022,3269.31,99.86,112.98,22.50970410958904,32.34726575342466,2244.0,2244.0,56.1,37.4,11.9,21.549999999999997,1.0,1.0,1.0,1.0,1.0,1.0
798,Tuvalu,2023,3300.9,103.1,116.98,22.882605479452057,31.986249315068495,2237.0,2237.0,55.925000000000004,37.28333333333333,11.9,21.549999999999997,1.0,1.0,1.0,1.0,1.0,1.0
800,Uganda,2010,2440.74,61.32,58.629999999999995,12.539728767123288,20.342128767123288,2140.0,2140.0,53.5,35.666666666666664,11.9,21.549999999999997,1.0,1.0,1.0,1.0,0.9439502908177861,0.9887900581635571
800,Uganda,2011,2434.04,61.76,57.93,12.811183561643835,20.454161643835615,2147.0,2147.0,53.675000000000004,35.78333333333333,11.9,21.549999999999997,1.0,1.0,1.0,1.0,0.9491490321965483,0.9898298064393096
800,Uganda,2012,2363.94,58.71,55.61,12.306180821917808,19.351931506849315,2150.0,2150.0,53.75,35.833333333333336,11.9,21.549999999999997,1.0,1.0,1.0,1.0,0.8980014620347712,0.9796002924069542
800,Uganda,2013,2336.12,57.92,54.68,12.047252054794521,19.086389041095888,2154.0,2154.0,53.85,35.9,11.9,21.549999999999997,1.0,1.0,1.0,1.0,0.8856793058513174,0.9771358611702634
800,Uganda,2014,2379.23,59.91,58.35,12.554583561643835,19.717016438356165,2160.0,2160.0,54.0,36.0,11.9,21.549999999999997,1.0,1.0,1.0,1.0,0.914942758160379,0.9829885516320758
800,Uganda,2015,2265.1099999999997,55.5,55.57,11.537016438356163,18.308780821917807,2166.0,2166.0,54.150000000000006,36.099999999999994,11.9,21.549999999999997,1.0,1.0,1.0,0.9694971796937952,0.8495953977688079,0.9638185154925207
800,Uganda,2016,1996.4499999999998,47.42,54.69,10.096841095890412,15.04014794520548,2174.0,2174.0,54.35,36.23333333333333,11.9,21.549999999999997,0.9183302667893284,0.8724931002759889,1.0,0.8484740416714631,0.6979186981533866,0.8674432213780333
800,Uganda,2017,2121.36,49.769999999999996,56.28,10.607347945205479,16.353090410958902,2182.0,2182.0,54.550000000000004,36.36666666666667,11.9,21.549999999999997,0.9722089825847846,0.9123739688359302,1.0,0.8913737769080234,0.7588441025967009,0.9069601661850879
800,Uganda,2018,2317.85,51.769999999999996,56.45,11.373753424657535,17.301901369863014,2189.0,2189.0,54.725,36.48333333333333,11.9,21.549999999999997,1.0,0.9460027409776153,1.0,0.9557775987107172,0.8028724533579126,0.940930558609249
800,Uganda,2019,2050.14,43.43,51.28,9.586495890410959,14.95689315068493,2196.0,2196.0,54.900000000000006,36.599999999999994,11.9,21.549999999999997,0.9335792349726776,0.7910746812386156,1.0,0.8055878899505007,0.6940553666211106,0.8448594345565809
800,Uganda,2020,2348.96,53.61,57.71,11.351682191780823,18.421558904109588,2202.0,2202.0,55.050000000000004,36.7,11.9,21.549999999999997,1.0,0.973841961852861,1.0,0.9539228732588926,0.8548287194482409,0.9565187109119989
800,Uganda,2021,2295.23,51.66,52.809999999999995,11.27508493150685,17.099038356164385,2208.0,2208.0,55.2,36.8,11.9,21.549999999999997,1.0,0.9358695652173912,1.0,0.9474861286980546,0.7934588564345424,0.9353629100699976
800,Uganda,2022,2495.37,57.85,54.26,12.731065753424657,19.35060821917808,2212.0,2212.0,55.300000000000004,36.86666666666667,11.9,21.549999999999997,1.0,1.0,1.0,1.0,0.897940056574389,0.9795880113148778
800,Uganda,2023,2377.68,56.37,52.379999999999995,12.326928767123286,19.324331506849315,2216.0,2216.0,55.400000000000006,36.93333333333333,11.9,21.549999999999997,1.0,1.0,1.0,1.0,0.8967207195753744,0.979344143915075
804,Ukraine,2010,3097.0099999999998,93.15,94.61999999999999,18.811799999999998,22.78938082191781,2512.0,2512.0,62.800000000000004,41.86666666666667,11.9,21.549999999999997,1.0,1.0,1.0,1.0,1.0,1.0
804,Ukraine,2011,3139.94,95.61,88.95,19.111235616438357,23.619923287671234,2508.0,2508.0,62.7,41.8,11.9,21.549999999999997,1.0,1.0,1.0,1.0,1.0,1.0
804,Ukraine,2012,3121.92,96.94,90.32000000000001,18.79775890410959,23.009194520547947,2503.0,2503.0,62.575,41.71666666666667,11.9,21.549999999999997,1.0,1.0,1.0,1.0,1.0,1.0
804,Ukraine,2013,3111.19,97.97999999999999,91.26,19.327682191780823,23.632323287671234,2497.0,2497.0,62.425000000000004,41.61666666666667,11.9,21.549999999999997,1.0,1.0,1.0,1.0,1.0,1.0
804,Ukraine,2014,3085.38,90.73,93.36,18.46193698630137,22.83418082191781,2493.0,2493.0,62.325,41.55,11.9,21.549999999999997,1.0,1.0,1.0,1.0,1.0,1.0
804,Ukraine,2015,3023.27,91.06,82.23,18.994057534246572,23.13862191780822,2490.0,2490.0,62.25,41.5,11.9,21.549999999999997,1.0,1.0,1.0,1.0,1.0,1.0
804,Ukraine,2016,3012.31,93.05,79.83,19.590071232876713,24.115854794520548,2488.0,2488.0,62.2,41.46666666666667,11.9,21.549999999999997,1.0,1.0,1.0,1.0,1.0,1.0
804,Ukraine,2017,2982.77,92.98,81.92,19.598613698630135,24.100380821917806,2487.0,2487.0,62.175000000000004,41.45,11.9,21.549999999999997,1.0,1.0,1.0,1.0,1.0,1.0
804,Ukraine,2018,2939.0,91.55,88.63,18.547180821917806,22.685227397260274,2488.0,2488.0,62.2,41.46666666666667,11.9,21.549999999999997,1.0,1.0,1.0,1.0,1.0,1.0
804,Ukraine,2019,2894.46,93.32,87.02000000000001,18.3892301369863,22.43365479452055,2489.0,2489.0,62.225,41.48333333333333,11.9,21.549999999999997,1.0,1.0,1.0,1.0,1.0,1.0
804,Ukraine,2020,2874.89,90.65,85.17,17.784424657534245,21.621380821917807,2491.0,2491.0,62.275000000000006,41.516666666666666,11.9,21.549999999999997,1.0,1.0,1.0,1.0,1.0,1.0
804,Ukraine,2021,2885.68,89.12,85.01,17.938320547945207,22.453731506849312,2494.0,2494.0,62.35,41.56666666666666,11.9,21.549999999999997,1.0,1.0,1.0,1.0,1.0,1.0
804,Ukraine,2022,2767.29,88.01,79.17999999999999,17.765394520547947,21.96672876712329,2498.0,2498.0,62.45,41.63333333333333,11.9,21.549999999999997,1.0,1.0,1.0,1.0,1.0,1.0
804,Ukraine,2023,2785.77,90.52,78.38,17.831202739726024,22.401799999999998,2503.0,2503.0,62.575,41.71666666666667,11.9,21.549999999999997,1.0,1.0,1.0,1.0,1.0,1.0
807,North Macedonia,2010,3037.12,83.7,106.78,18.38914794520548,25.613649315068493,2495.0,2495.0,62.375,41.583333333333336,11.9,21.549999999999997,1.0,1.0,1.0,1.0,1.0,1.0
807,North Macedonia,2011,3008.51,83.25,104.78,18.50949589041096,25.80015616438356,2494.0,2494.0,62.35,41.56666666666666,11.9,21.549999999999997,1.0,1.0,1.0,1.0,1.0,1.0
807,North Macedonia,2012,3052.58,84.93,107.47,18.919961643835617,26.104520547945206,2495.0,2495.0,62.375,41.583333333333336,11.9,21.549999999999997,1.0,1.0,1.0,1.0,1.0,1.0
807,North Macedonia,2013,3103.27,86.57,107.96000000000001,19.074512328767124,26.46766301369863,2493.0,2493.0,62.325,41.55,11.9,21.549999999999997,1.0,1.0,1.0,1.0,1.0,1.0
807,North Macedonia,2014,3085.01,87.92,104.44,19.41611232876712,26.924698630136987,2492.0,2492.0,62.300000000000004,41.53333333333333,11.9,21.549999999999997,1.0,1.0,1.0,1.0,1.0,1.0
807,North Macedonia,2015,3171.69,91.07,106.51,20.104093150684932,28.18384383561644,2489.0,2489.0,62.225,41.48333333333333,11.9,21.549999999999997,1.0,1.0,1.0,1.0,1.0,1.0
807,North Macedonia,2016,3226.06,92.06,109.21000000000001,20.075597260273973,27.916175342465753,2489.0,2489.0,62.225,41.48333333333333,11.9,21.549999999999997,1.0,1.0,1.0,1.0,1.0,1.0
807,North Macedonia,2017,3248.4,94.17,111.0,20.36667671232877,28.094106849315068,2487.0,2487.0,62.175000000000004,41.45,11.9,21.549999999999997,1.0,1.0,1.0,1.0,1.0,1.0
807,North Macedonia,2018,3336.73,96.82000000000001,114.14,20.84411506849315,28.611942465753422,2484.0,2484.0,62.1,41.4,11.9,21.549999999999997,1.0,1.0,1.0,1.0,1.0,1.0
807,North Macedonia,2019,3434.19,100.85000000000001,120.53,22.51745205479452,30.996904109589043,2482.0,2482.0,62.050000000000004,41.36666666666667,11.9,21.549999999999997,1.0,1.0,1.0,1.0,1.0,1.0
807,North Macedonia,2020,3523.29,104.23,120.22999999999999,23.085468493150685,31.600534246575343,2480.0,2480.0,62.0,41.333333333333336,11.9,21.549999999999997,1.0,1.0,1.0,1.0,1.0,1.0
807,North Macedonia,2021,3569.89,104.4,122.52,23.428320547945205,32.283608219178085,2479.0,2479.0,61.975,41.31666666666666,11.9,21.549999999999997,1.0,1.0,1.0,1.0,1.0,1.0
807,North Macedonia,2022,3522.43,103.89999999999999,119.96000000000001,23.457008219178082,32.28826301369863,2479.0,2479.0,61.975,41.31666666666666,11.9,21.549999999999997,1.0,1.0,1.0,1.0,1.0,1.0
807,North Macedonia,2023,3475.6,103.11999999999999,116.02000000000001,23.677556164383564,32.73168493150685,2481.0,2481.0,62.025000000000006,41.349999999999994,11.9,21.549999999999997,1.0,1.0,1.0,1.0,1.0,1.0
818,Egypt,2010,3294.75,93.97999999999999,63.69,21.772336986301372,27.626813698630137,2334.0,2334.0,58.35,38.9,11.9,21.549999999999997,1.0,1.0,1.0,1.0,1.0,1.0
818,Egypt,2011,3247.63,91.58,60.870000000000005,21.510526027397262,27.175504109589042,2333.0,2333.0,58.325,38.88333333333333,11.9,21.549999999999997,1.0,1.0,1.0,1.0,1.0,1.0
818,Egypt,2012,3237.33,92.88,58.51,21.66515890410959,27.487438356164386,2333.0,2333.0,58.325,38.88333333333333,11.9,21.549999999999997,1.0,1.0,1.0,1.0,1.0,1.0
818,Egypt,2013,3158.74,91.87,53.32,21.463534246575342,27.117,2332.0,2332.0,58.300000000000004,38.86666666666667,11.9,21.549999999999997,1.0,1.0,1.0,1.0,1.0,1.0
818,Egypt,2014,3151.61,92.24,53.370000000000005,21.3576301369863,27.172345205479452,2330.0,2330.0,58.25,38.833333333333336,11.9,21.549999999999997,1.0,1.0,1.0,1.0,1.0,1.0
818,Egypt,2015,3143.81,92.14,52.01,21.31207123287671,27.06526301369863,2327.0,2327.0,58.175000000000004,38.78333333333333,11.9,21.549999999999997,1.0,1.0,1.0,1.0,1.0,1.0
818,Egypt,2016,3139.0,90.09,56.27,20.92675890410959,26.75003287671233,2325.0,2325.0,58.125,38.75,11.9,21.549999999999997,1.0,1.0,1.0,1.0,1.0,1.0
818,Egypt,2017,3149.9100000000003,91.86,55.88,21.000290410958904,27.11250136986301,2325.0,2325.0,58.125,38.75,11.9,21.549999999999997,1.0,1.0,1.0,1.0,1.0,1.0
818,Egypt,2018,3166.23,91.69,63.7,20.855734246575345,26.804490410958905,2328.0,2328.0,58.2,38.8,11.9,21.549999999999997,1.0,1.0,1.0,1.0,1.0,1.0
818,Egypt,2019,3162.49,91.0,62.39,21.03557808219178,26.979942465753425,2333.0,2333.0,58.325,38.88333333333333,11.9,21.549999999999997,1.0,1.0,1.0,1.0,1.0,1.0
818,Egypt,2020,3111.75,91.91,58.620000000000005,20.64835890410959,26.69120547945205,2339.0,2339.0,58.475,38.98333333333333,11.9,21.549999999999997,1.0,1.0,1.0,1.0,1.0,1.0
818,Egypt,2021,3081.44,90.58,59.4,20.2412,25.92903561643836,2346.0,2346.0,58.650000000000006,39.099999999999994,11.9,21.549999999999997,1.0,1.0,1.0,1.0,1.0,1.0
818,Egypt,2022,3107.9900000000002,90.30000000000001,58.38,20.558887671232874,26.0962301369863,2353.0,2353.0,58.825,39.21666666666667,11.9,21.549999999999997,1.0,1.0,1.0,1.0,1.0,1.0
818,Egypt,2023,3093.9700000000003,89.72,54.480000000000004,20.430471232876712,25.35891780821918,2360.0,2360.0,59.0,39.333333333333336,11.9,21.549999999999997,1.0,1.0,1.0,1.0,1.0,1.0
826,United Kingdom of Great Britain and Northern Ireland,2010,3304.42,105.87,130.28,21.645605479452055,24.816079452054794,2493.0,2493.0,62.325,41.55,11.9,21.549999999999997,1.0,1.0,1.0,1.0,1.0,1.0
826,United Kingdom of Great Britain and Northern Ireland,2011,3321.08,106.92,126.57000000000001,21.65751780821918,25.348808219178082,2492.0,2492.0,62.300000000000004,41.53333333333333,11.9,21.549999999999997,1.0,1.0,1.0,1.0,1.0,1.0
826,United Kingdom of Great Britain and Northern Ireland,2012,3303.73,107.23,127.18,22.010317808219177,25.908706849315067,2490.0,2490.0,62.25,41.5,11.9,21.549999999999997,1.0,1.0,1.0,1.0,1.0,1.0
826,United Kingdom of Great Britain and Northern Ireland,2013,3330.11,106.83,127.67,22.285958904109588,26.48832876712329,2488.0,2488.0,62.2,41.46666666666667,11.9,21.549999999999997,1.0,1.0,1.0,1.0,1.0,1.0
826,United Kingdom of Great Britain and Northern Ireland,2014,3351.7,107.71,129.77,22.99885753424657,26.57797808219178,2487.0,2487.0,62.175000000000004,41.45,11.9,21.549999999999997,1.0,1.0,1.0,1.0,1.0,1.0
826,United Kingdom of Great Britain and Northern Ireland,2015,3365.27,110.0,130.4,23.540512328767125,26.94195068493151,2486.0,2486.0,62.150000000000006,41.43333333333333,11.9,21.549999999999997,1.0,1.0,1.0,1.0,1.0,1.0
826,United Kingdom of Great Britain and Northern Ireland,2016,3345.29,111.03,129.35999999999999,23.77509315068493,27.31025205479452,2486.0,2486.0,62.150000000000006,41.43333333333333,11.9,21.549999999999997,1.0,1.0,1.0,1.0,1.0,1.0
826,United Kingdom of Great Britain and Northern Ireland,2017,3370.07,110.61,131.64,23.68516438356164,27.239331506849314,2486.0,2486.0,62.150000000000006,41.43333333333333,11.9,21.549999999999997,1.0,1.0,1.0,1.0,1.0,1.0
826,United Kingdom of Great Britain and Northern Ireland,2018,3323.68,110.63,130.63,23.86901917808219,26.991797260273973,2486.0,2486.0,62.150000000000006,41.43333333333333,11.9,21.549999999999997,1.0,1.0,1.0,1.0,1.0,1.0
826,United Kingdom of Great Britain and Northern Ireland,2019,3356.39,107.86,137.74,23.288238356164385,26.604252054794518,2488.0,2488.0,62.2,41.46666666666667,11.9,21.549999999999997,1.0,1.0,1.0,1.0,1.0,1.0
826,United Kingdom of Great Britain and Northern Ireland,2020,3355.24,111.13,139.3,23.98016712328767,27.821961643835618,2489.0,2489.0,62.225,41.48333333333333,11.9,21.549999999999997,1.0,1.0,1.0,1.0,1.0,1.0
826,United Kingdom of Great Britain and Northern Ireland,2021,3322.55,108.53999999999999,137.70000000000002,22.72064109589041,26.17080821917808,2492.0,2492.0,62.300000000000004,41.53333333333333,11.9,21.549999999999997,1.0,1.0,1.0,1.0,1.0,1.0
826,United Kingdom of Great Britain and Northern Ireland,2022,3337.83,108.9,140.53,23.352087671232876,26.78975890410959,2494.0,2494.0,62.35,41.56666666666666,11.9,21.549999999999997,1.0,1.0,1.0,1.0,1.0,1.0
826,United Kingdom of Great Britain and Northern Ireland,2023,3434.62,110.03,143.68,23.58496438356164,26.986350684931505,2496.0,2496.0,62.400000000000006,41.599999999999994,11.9,21.549999999999997,1.0,1.0,1.0,1.0,1.0,1.0
834,United Republic of Tanzania,2010,2245.98,55.08,45.64,12.353112328767123,17.697457534246574,2120.0,2120.0,53.0,35.333333333333336,11.9,21.549999999999997,1.0,1.0,1.0,1.0,0.8212277278072657,0.9642455455614531
834,United Republic of Tanzania,2011,2295.23,56.59,52.690000000000005,12.465876712328768,17.95088493150685,2124.0,2124.0,53.1,35.4,11.9,21.549999999999997,1.0,1.0,1.0,1.0,0.8329876998379049,0.966597539967581
834,United Republic of Tanzania,2012,2325.9900000000002,57.19,54.879999999999995,12.673709589041096,18.045386301369863,2129.0,2129.0,53.225,35.48333333333333,11.9,21.549999999999997,1.0,1.0,1.0,1.0,0.8373729142166991,0.9674745828433398
834,United Republic of Tanzania,2013,2364.08,58.32,55.4,12.944402739726028,18.41140821917808,2133.0,2133.0,53.325,35.55,11.9,21.549999999999997,1.0,1.0,1.0,1.0,0.8543576899850619,0.9708715379970124
834,United Republic of Tanzania,2014,2376.9500000000003,59.330000000000005,55.25,13.043824657534246,18.554945205479452,2137.0,2137.0,53.425000000000004,35.61666666666667,11.9,21.549999999999997,1.0,1.0,1.0,1.0,0.8610183390013668,0.9722036678002735
834,United Republic of Tanzania,2015,2378.77,58.66,55.91,12.886523287671233,18.168112328767123,2142.0,2142.0,53.550000000000004,35.7,11.9,21.549999999999997,1.0,1.0,1.0,1.0,0.8430678574833933,0.9686135714966786
834,United Republic of Tanzania,2016,2392.77,59.1,57.79,13.064956164383561,18.41668493150685,2148.0,2148.0,53.7,35.8,11.9,21.549999999999997,1.0,1.0,1.0,1.0,0.85460254902584,0.970920509805168
834,United Republic of Tanzania,2017,2379.67,58.73,58.93,12.980027397260274,18.366978082191782,2157.0,2157.0,53.925000000000004,35.95,11.9,21.549999999999997,1.0,1.0,1.0,1.0,0.852295966691034,0.9704591933382067
834,United Republic of Tanzania,2018,2363.0,58.52,53.0,12.86968493150685,18.1597698630137,2164.0,2164.0,54.1,36.06666666666666,11.9,21.549999999999997,1.0,1.0,1.0,1.0,0.842680736102724,0.9685361472205448
834,United Republic of Tanzania,2019,2387.1,56.94,58.08,12.666750684931507,17.571046575342468,2172.0,2172.0,54.300000000000004,36.2,11.9,21.549999999999997,1.0,1.0,1.0,1.0,0.8153617900390937,0.9630723580078188
834,United Republic of Tanzania,2020,2402.09,57.26,59.62,12.801772602739726,17.528605479452054,2179.0,2179.0,54.475,36.31666666666666,11.9,21.549999999999997,1.0,1.0,1.0,1.0,0.8133923656358263,0.9626784731271651
834,United Republic of Tanzania,2021,2417.58,58.19,59.29,12.900728767123288,17.739449315068494,2187.0,2187.0,54.675000000000004,36.45,11.9,21.549999999999997,1.0,1.0,1.0,1.0,0.8231763023233641,0.9646352604646727
834,United Republic of Tanzania,2022,2474.1,60.04,57.3,13.62207397260274,17.924986301369863,2195.0,2195.0,54.875,36.583333333333336,11.9,21.549999999999997,1.0,1.0,1.0,1.0,0.8317859072561422,0.9663571814512284
834,United Republic of Tanzania,2023,2518.29,60.43,54.410000000000004,13.966216438356163,18.30339726027397,2197.0,2197.0,54.925000000000004,36.61666666666667,11.9,21.549999999999997,1.0,1.0,1.0,1.0,0.8493455805231542,0.9698691161046309
840,United States of America,2010,3730.65,119.03999999999999,161.39,22.459194520547946,23.711,2557.0,2557.0,63.925000000000004,42.61666666666667,11.9,21.549999999999997,1.0,1.0,1.0,1.0,1.0,1.0
840,United States of America,2011,3724.26,116.89,162.64000000000001,21.977761643835613,23.29421917808219,2558.0,2558.0,63.95,42.63333333333333,11.9,21.549999999999997,1.0,1.0,1.0,1.0,1.0,1.0
840,United States of America,2012,3759.12,117.45,163.09,22.13935616438356,23.5639698630137,2559.0,2559.0,63.975,42.65,11.9,21.549999999999997,1.0,1.0,1.0,1.0,1.0,1.0
840,United States of America,2013,3745.37,117.27,162.03,22.072791780821916,23.414728767123286,2559.0,2559.0,63.975,42.65,11.9,21.549999999999997,1.0,1.0,1.0,1.0,1.0,1.0
840,United States of America,2014,3729.0,116.68,161.62,22.107257534246575,23.356712328767124,2560.0,2560.0,64.0,42.666666666666664,11.9,21.549999999999997,1.0,1.0,1.0,1.0,1.0,1.0
840,United States of America,2015,3736.73,117.57,162.43,22.0981698630137,23.382441095890414,2560.0,2560.0,64.0,42.666666666666664,11.9,21.549999999999997,1.0,1.0,1.0,1.0,1.0,1.0
840,United States of America,2016,3754.3,118.53,163.47,22.27353698630137,23.584038356164385,2561.0,2561.0,64.025,42.68333333333333,11.9,21.549999999999997,1.0,1.0,1.0,1.0,1.0,1.0
840,United States of America,2017,3763.3199999999997,119.23,164.43,22.476205479452055,23.770323287671232,2562.0,2562.0,64.05,42.7,11.9,21.549999999999997,1.0,1.0,1.0,1.0,1.0,1.0
840,United States of America,2018,3790.28,120.68,169.38,22.74880821917808,23.916613698630137,2563.0,2563.0,64.075,42.71666666666667,11.9,21.549999999999997,1.0,1.0,1.0,1.0,1.0,1.0
840,United States of America,2019,3819.78,122.03,172.59,23.086657534246577,24.232191780821918,2564.0,2564.0,64.10000000000001,42.73333333333333,11.9,21.549999999999997,1.0,1.0,1.0,1.0,1.0,1.0
840,United States of America,2020,3847.32,124.3,174.56,23.678509589041095,24.990002739726027,2566.0,2566.0,64.15,42.766666666666666,11.9,21.549999999999997,1.0,1.0,1.0,1.0,1.0,1.0
840,United States of America,2021,3875.38,121.03,178.68,23.51464109589041,24.79155890410959,2567.0,2567.0,64.175,42.78333333333333,11.9,21.549999999999997,1.0,1.0,1.0,1.0,1.0,1.0
840,United States of America,2022,3936.98,123.08,180.87,23.88795890410959,25.487298630136987,2568.0,2568.0,64.2,42.8,11.9,21.549999999999997,1.0,1.0,1.0,1.0,1.0,1.0
840,United States of America,2023,3947.32,123.11999999999999,183.82,23.84815890410959,25.320471232876713,2568.0,2568.0,64.2,42.8,11.9,21.549999999999997,1.0,1.0,1.0,1.0,1.0,1.0
854,Burkina Faso,2010,2595.2599999999998,77.05,58.79,16.26965205479452,24.652605479452053,2197.0,2197.0,54.925000000000004,36.61666666666667,11.9,21.549999999999997,1.0,1.0,1.0,1.0,1.0,1.0
854,Burkina Faso,2011,2572.9,74.52,58.54,15.76381095890411,23.09812876712329,2198.0,2198.0,54.95,36.63333333333333,11.9,21.549999999999997,1.0,1.0,1.0,1.0,1.0,1.0
854,Burkina Faso,2012,2632.5699999999997,76.83,61.269999999999996,16.42503287671233,24.23167397260274,2199.0,2199.0,54.975,36.65,11.9,21.549999999999997,1.0,1.0,1.0,1.0,1.0,1.0
854,Burkina Faso,2013,2652.28,75.94,61.339999999999996,16.378972602739726,24.14588219178082,2202.0,2202.0,55.050000000000004,36.7,11.9,21.549999999999997,1.0,1.0,1.0,1.0,1.0,1.0
854,Burkina Faso,2014,2639.18,75.66,61.33,16.336534246575344,23.892235616438356,2205.0,2205.0,55.125,36.75,11.9,21.549999999999997,1.0,1.0,1.0,1.0,1.0,1.0
854,Burkina Faso,2015,2645.42,75.14,61.89,16.337320547945204,23.51457534246575,2209.0,2209.0,55.225,36.81666666666666,11.9,21.549999999999997,1.0,1.0,1.0,1.0,1.0,1.0
854,Burkina Faso,2016,2636.41,74.79,60.75,16.229939726027396,23.49547397260274,2214.0,2214.0,55.35,36.9,11.9,21.549999999999997,1.0,1.0,1.0,1.0,1.0,1.0
854,Burkina Faso,2017,2610.0,73.02,61.43,16.045235616438354,22.767084931506847,2220.0,2220.0,55.5,37.0,11.9,21.549999999999997,1.0,1.0,1.0,1.0,1.0,1.0
854,Burkina Faso,2018,2648.65,75.72,61.87,16.43725205479452,24.38442739726027,2228.0,2228.0,55.7,37.13333333333333,11.9,21.549999999999997,1.0,1.0,1.0,1.0,1.0,1.0
854,Burkina Faso,2019,2628.11,93.42,61.43,18.68834520547945,28.919101369863014,2237.0,2237.0,55.925000000000004,37.28333333333333,11.9,21.549999999999997,1.0,1.0,1.0,1.0,1.0,1.0
854,Burkina Faso,2020,2683.58,93.52,68.03999999999999,18.85721917808219,29.62401643835616,2248.0,2248.0,56.2,37.46666666666667,11.9,21.549999999999997,1.0,1.0,1.0,1.0,1.0,1.0
854,Burkina Faso,2021,2664.2599999999998,89.23,58.53,18.567668493150684,29.106531506849315,2259.0,2259.0,56.475,37.65,11.9,21.549999999999997,1.0,1.0,1.0,1.0,1.0,1.0
854,Burkina Faso,2022,2758.85,94.94,58.69,19.235035616438356,30.90846301369863,2269.0,2269.0,56.725,37.81666666666666,11.9,21.549999999999997,1.0,1.0,1.0,1.0,1.0,1.0
854,Burkina Faso,2023,2790.86,92.53999999999999,64.08,18.947367123287673,29.69740273972603,2278.0,2278.0,56.95,37.96666666666667,11.9,21.549999999999997,1.0,1.0,1.0,1.0,1.0,1.0
858,Uruguay,2010,3138.48,94.68,106.3,21.903964383561643,24.353843835616438,2410.0,2410.0,60.25,40.166666666666664,11.9,21.549999999999997,1.0,1.0,1.0,1.0,1.0,1.0
858,Uruguay,2011,3151.23,95.07000000000001,109.24000000000001,21.607931506849315,24.21527397260274,2414.0,2414.0,60.35,40.23333333333333,11.9,21.549999999999997,1.0,1.0,1.0,1.0,1.0,1.0
858,Uruguay,2012,3183.95,96.54,101.44,21.725016438356164,24.377402739726026,2416.0,2416.0,60.400000000000006,40.266666666666666,11.9,21.549999999999997,1.0,1.0,1.0,1.0,1.0,1.0
858,Uruguay,2013,3190.08,91.47,110.35,20.925446575342466,23.434438356164385,2417.0,2417.0,60.425000000000004,40.28333333333333,11.9,21.549999999999997,1.0,1.0,1.0,1.0,1.0,1.0
858,Uruguay,2014,3210.92,97.5,110.16,21.602980821917807,23.858843835616437,2417.0,2417.0,60.425000000000004,40.28333333333333,11.9,21.549999999999997,1.0,1.0,1.0,1.0,1.0,1.0
858,Uruguay,2015,3176.7799999999997,93.38,107.39999999999999,21.339005479452055,23.556671232876713,2417.0,2417.0,60.425000000000004,40.28333333333333,11.9,21.549999999999997,1.0,1.0,1.0,1.0,1.0,1.0
858,Uruguay,2016,3198.92,89.94,107.69,20.753668493150684,23.713827397260275,2418.0,2418.0,60.45,40.3,11.9,21.549999999999997,1.0,1.0,1.0,1.0,1.0,1.0
858,Uruguay,2017,3222.3199999999997,92.52,110.55,21.37942191780822,23.977767123287673,2420.0,2420.0,60.5,40.333333333333336,11.9,21.549999999999997,1.0,1.0,1.0,1.0,1.0,1.0
858,Uruguay,2018,3272.26,96.27,110.88,21.850789041095894,24.538279452054795,2423.0,2423.0,60.575,40.38333333333333,11.9,21.549999999999997,1.0,1.0,1.0,1.0,1.0,1.0
858,Uruguay,2019,3307.75,100.83,121.05,22.138980821917805,24.20252328767123,2427.0,2427.0,60.675000000000004,40.45,11.9,21.549999999999997,1.0,1.0,1.0,1.0,1.0,1.0
858,Uruguay,2020,3286.15,99.09,119.11999999999999,21.479679452054796,23.958,2432.0,2432.0,60.800000000000004,40.53333333333333,11.9,21.549999999999997,1.0,1.0,1.0,1.0,1.0,1.0
858,Uruguay,2021,3317.71,102.19,122.86,21.074701369863014,23.845178082191783,2437.0,2437.0,60.925000000000004,40.61666666666667,11.9,21.549999999999997,1.0,1.0,1.0,1.0,1.0,1.0
858,Uruguay,2022,3325.28,102.97,119.30000000000001,21.331791780821916,23.91583287671233,2442.0,2442.0,61.050000000000004,40.7,11.9,21.549999999999997,1.0,1.0,1.0,1.0,1.0,1.0
858,Uruguay,2023,3322.72,104.49,122.65,21.69501095890411,23.692731506849317,2446.0,2446.0,61.150000000000006,40.766666666666666,11.9,21.549999999999997,1.0,1.0,1.0,1.0,1.0,1.0
860,Uzbekistan,2010,2938.49,89.63,80.45,22.304276712328768,25.455547945205474,2400.0,2400.0,60.0,40.0,11.9,21.549999999999997,1.0,1.0,1.0,1.0,1.0,1.0
860,Uzbekistan,2011,3017.55,92.85000000000001,86.14,22.821175342465754,26.09081095890411,2400.0,2400.0,60.0,40.0,11.9,21.549999999999997,1.0,1.0,1.0,1.0,1.0,1.0
860,Uzbekistan,2012,3100.69,96.37,87.95,23.485572602739726,26.996797260273972,2399.0,2399.0,59.975,39.98333333333333,11.9,21.549999999999997,1.0,1.0,1.0,1.0,1.0,1.0
860,Uzbekistan,2013,3157.0099999999998,99.02000000000001,89.47,23.83382191780822,27.525591780821916,2397.0,2397.0,59.925000000000004,39.95,11.9,21.549999999999997,1.0,1.0,1.0,1.0,1.0,1.0
860,Uzbekistan,2014,3227.47,101.69,97.07,24.08081095890411,27.866698630136984,2392.0,2392.0,59.800000000000004,39.86666666666667,11.9,21.549999999999997,1.0,1.0,1.0,1.0,1.0,1.0
860,Uzbekistan,2015,3247.04,103.71000000000001,92.81,24.553142465753425,28.554797260273972,2387.0,2387.0,59.675000000000004,39.78333333333333,11.9,21.549999999999997,1.0,1.0,1.0,1.0,1.0,1.0
860,Uzbekistan,2016,3262.86,104.58,95.21000000000001,24.544980821917807,28.747739726027397,2382.0,2382.0,59.550000000000004,39.7,11.9,21.549999999999997,1.0,1.0,1.0,1.0,1.0,1.0
860,Uzbekistan,2017,3196.87,102.16,97.13,23.845739726027393,27.619405479452052,2378.0,2378.0,59.45,39.63333333333333,11.9,21.549999999999997,1.0,1.0,1.0,1.0,1.0,1.0
860,Uzbekistan,2018,3218.43,102.50999999999999,92.85,24.035572602739727,27.42217808219178,2374.0,2374.0,59.35,39.56666666666666,11.9,21.549999999999997,1.0,1.0,1.0,1.0,1.0,1.0
860,Uzbekistan,2019,3236.31,105.38,95.37,24.490953424657537,28.108432876712328,2369.0,2369.0,59.225,39.48333333333333,11.9,21.549999999999997,1.0,1.0,1.0,1.0,1.0,1.0
860,Uzbekistan,2020,3242.29,105.39999999999999,96.81,24.422268493150685,28.149750684931504,2364.0,2364.0,59.1,39.4,11.9,21.549999999999997,1.0,1.0,1.0,1.0,1.0,1.0
860,Uzbekistan,2021,3241.79,103.67,104.05000000000001,23.743498630136983,27.254802739726028,2357.0,2357.0,58.925000000000004,39.28333333333333,11.9,21.549999999999997,1.0,1.0,1.0,1.0,1.0,1.0
860,Uzbekistan,2022,3276.95,109.31,103.9,24.373627397260275,27.834698630136984,2350.0,2350.0,58.75,39.166666666666664,11.9,21.549999999999997,1.0,1.0,1.0,1.0,1.0,1.0
860,Uzbekistan,2023,3297.27,111.37,105.53999999999999,24.78729589041096,28.137928767123288,2344.0,2344.0,58.6,39.06666666666666,11.9,21.549999999999997,1.0,1.0,1.0,1.0,1.0,1.0
862,Venezuela (Bolivarian Republic of),2010,2915.77,83.61,101.68,16.76872876712329,18.45817808219178,2337.0,2337.0,58.425000000000004,38.95,11.9,21.549999999999997,1.0,1.0,1.0,1.0,0.8565279852525188,0.9713055970505037
862,Venezuela (Bolivarian Republic of),2011,2914.13,84.19,105.02,16.886753424657535,18.654052054794523,2340.0,2340.0,58.5,39.0,11.9,21.549999999999997,1.0,1.0,1.0,1.0,0.8656172647236439,0.9731234529447288
862,Venezuela (Bolivarian Republic of),2012,2865.84,82.94,106.72999999999999,16.78811506849315,18.528668493150686,2342.0,2342.0,58.550000000000004,39.03333333333333,11.9,21.549999999999997,1.0,1.0,1.0,1.0,0.8597990020023522,0.9719598004004704
862,Venezuela (Bolivarian Republic of),2013,2831.35,81.9,105.95,16.650572602739725,18.265819178082193,2345.0,2345.0,58.625,39.083333333333336,11.9,21.549999999999997,1.0,1.0,1.0,1.0,0.8476018180084546,0.9695203636016909
862,Venezuela (Bolivarian Republic of),2014,2876.33,86.25,105.39,17.224890410958903,19.184279452054795,2348.0,2348.0,58.7,39.13333333333333,11.9,21.549999999999997,1.0,1.0,1.0,1.0,0.8902217843180881,0.9780443568636177
862,Venezuela (Bolivarian Republic of),2015,2616.0099999999998,69.82000000000001,101.27,14.439827397260274,15.934468493150685,2350.0,2350.0,58.75,39.166666666666664,11.9,21.549999999999997,1.0,1.0,1.0,1.0,0.7394184915615168,0.9478836983123033
862,Venezuela (Bolivarian Republic of),2016,2231.47,57.55,82.45,12.367906849315068,14.150076712328767,2353.0,2353.0,58.825,39.21666666666667,11.9,21.549999999999997,0.9483510412239693,0.9783255418614534,1.0,1.0,0.656616088739154,0.9166585343649153
862,Venezuela (Bolivarian Republic of),2017,2289.46,58.4,75.32000000000001,13.160956164383562,15.670013698630138,2353.0,2353.0,58.825,39.21666666666667,11.9,21.549999999999997,0.9729961750956226,0.9927751806204844,1.0,1.0,0.7271468073610273,0.9385836326154269
862,Venezuela (Bolivarian Republic of),2018,2189.75,52.559999999999995,85.83,11.170802739726028,12.610205479452055,2350.0,2350.0,58.75,39.166666666666664,11.9,21.549999999999997,0.9318085106382978,0.8946382978723404,1.0,0.9387229193047082,0.5851603470743414,0.8700660149779376
862,Venezuela (Bolivarian Republic of),2019,2234.66,57.269999999999996,83.64,12.002627397260275,14.247931506849316,2348.0,2348.0,58.7,39.13333333333333,11.9,21.549999999999997,0.9517291311754684,0.9756388415672912,1.0,1.0,0.661156914470966,0.917704977442745
862,Venezuela (Bolivarian Republic of),2020,2298.6,60.08,79.58,12.70668493150685,15.235350684931506,2350.0,2350.0,58.75,39.166666666666664,11.9,21.549999999999997,0.978127659574468,1.0,1.0,1.0,0.7069768299272161,0.9370208979003369
862,Venezuela (Bolivarian Republic of),2021,2596.14,71.29,84.18,16.053868493150684,19.807693150684933,2355.0,2355.0,58.875,39.25,11.9,21.549999999999997,1.0,1.0,1.0,1.0,0.9191504942313196,0.9838300988462638
862,Venezuela (Bolivarian Republic of),2022,2721.39,72.32000000000001,97.59,16.43048493150685,20.968306849315066,2361.0,2361.0,59.025000000000006,39.349999999999994,11.9,21.549999999999997,1.0,1.0,1.0,1.0,0.9730072783904904,0.994601455678098
862,Venezuela (Bolivarian Republic of),2023,2800.36,73.61,97.58,16.438309589041097,20.47407397260274,2367.0,2367.0,59.175000000000004,39.45,11.9,21.549999999999997,1.0,1.0,1.0,1.0,0.950073038171821,0.9900146076343642
882,Samoa,2010,2899.33,97.09,122.96,20.45475890410959,30.919605479452056,2309.0,2309.0,57.725,38.48333333333333,11.9,21.549999999999997,1.0,1.0,1.0,1.0,1.0,1.0
882,Samoa,2011,2868.23,95.29,123.65,19.976547945205482,30.362934246575342,2314.0,2314.0,57.85,38.56666666666666,11.9,21.549999999999997,1.0,1.0,1.0,1.0,1.0,1.0
882,Samoa,2012,2907.02,96.62,125.96,20.43885205479452,30.605641095890412,2320.0,2320.0,58.0,38.666666666666664,11.9,21.549999999999997,1.0,1.0,1.0,1.0,1.0,1.0
882,Samoa,2013,2946.68,97.59,123.03,20.98194520547945,31.34294794520548,2327.0,2327.0,58.175000000000004,38.78333333333333,11.9,21.549999999999997,1.0,1.0,1.0,1.0,1.0,1.0
882,Samoa,2014,3004.96,101.98,117.73,21.439956164383563,31.383427397260277,2333.0,2333.0,58.325,38.88333333333333,11.9,21.549999999999997,1.0,1.0,1.0,1.0,1.0,1.0
882,Samoa,2015,2990.14,105.41,106.69,19.641323287671234,26.040049315068494,2338.0,2338.0,58.45,38.96666666666667,11.9,21.549999999999997,1.0,1.0,1.0,1.0,1.0,1.0
882,Samoa,2016,3035.84,112.41,114.6,19.97644383561644,26.129734246575342,2336.0,2336.0,58.400000000000006,38.93333333333333,11.9,21.549999999999997,1.0,1.0,1.0,1.0,1.0,1.0
882,Samoa,2017,3016.92,106.89,112.88,19.24276712328767,24.882709589041095,2335.0,2335.0,58.375,38.916666666666664,11.9,21.549999999999997,1.0,1.0,1.0,1.0,1.0,1.0
882,Samoa,2018,3067.95,110.14,119.83,18.95253698630137,25.186079452054795,2333.0,2333.0,58.325,38.88333333333333,11.9,21.549999999999997,1.0,1.0,1.0,1.0,1.0,1.0
882,Samoa,2019,3084.08,104.23,117.2,19.044961643835617,24.523813698630136,2331.0,2331.0,58.275000000000006,38.849999999999994,11.9,21.549999999999997,1.0,1.0,1.0,1.0,1.0,1.0
882,Samoa,2020,3091.96,106.67,111.25,19.634920547945207,25.02713698630137,2330.0,2330.0,58.25,38.833333333333336,11.9,21.549999999999997,1.0,1.0,1.0,1.0,1.0,1.0
882,Samoa,2021,3154.87,108.69999999999999,108.95,19.62778082191781,25.14247671232877,2330.0,2330.0,58.25,38.833333333333336,11.9,21.549999999999997,1.0,1.0,1.0,1.0,1.0,1.0
882,Samoa,2022,3178.27,102.96,107.11,18.575265753424656,23.71515068493151,2334.0,2334.0,58.35,38.9,11.9,21.549999999999997,1.0,1.0,1.0,1.0,1.0,1.0
882,Samoa,2023,3116.48,105.29,111.04,19.496049315068493,24.64346301369863,2338.0,2338.0,58.45,38.96666666666667,11.9,21.549999999999997,1.0,1.0,1.0,1.0,1.0,1.0
887,Yemen,2010,2096.56,59.67,37.94,14.6454301369863,21.254057534246577,2151.0,2151.0,53.775000000000006,35.849999999999994,11.9,21.549999999999997,0.9746908414690841,1.0,1.0,1.0,0.9862671709627183,0.9921916024863604
887,Yemen,2011,2061.65,56.57,39.519999999999996,14.092252054794521,20.213139726027396,2156.0,2156.0,53.900000000000006,35.93333333333333,11.9,21.549999999999997,0.9562384044526903,1.0,1.0,1.0,0.9379647204653085,0.9788406249835997
887,Yemen,2012,2136.56,60.62,42.28,14.846835616438357,21.3889698630137,2161.0,2161.0,54.025000000000006,36.016666666666666,11.9,21.549999999999997,0.988690421101342,1.0,1.0,1.0,0.9925276038521439,0.9962436049906971
887,Yemen,2013,2126.2,58.53,46.58,14.285539726027398,20.508405479452055,2165.0,2165.0,54.125,36.083333333333336,11.9,21.549999999999997,0.9820785219399537,1.0,1.0,1.0,0.9516661475383785,0.9867489338956664
887,Yemen,2014,2149.83,58.019999999999996,53.410000000000004,13.779421917808218,19.974991780821917,2168.0,2168.0,54.2,36.13333333333333,11.9,21.549999999999997,0.9916190036900369,1.0,1.0,1.0,0.9269137717318756,0.9837065550843824
887,Yemen,2015,1960.93,52.87,40.1,13.117167123287672,18.635863013698632,2169.0,2169.0,54.225,36.15,11.9,21.549999999999997,0.9040710004610419,0.9750115260488704,1.0,1.0,0.8647732256936721,0.9487711504407169
887,Yemen,2016,1832.6799999999998,48.66,34.49,12.293898630136987,17.455964383561643,2170.0,2170.0,54.25,36.166666666666664,11.9,21.549999999999997,0.844552995391705,0.896958525345622,0.9536405529953919,1.0,0.8100215491211901,0.9010347245707818
887,Yemen,2017,1871.13,49.019999999999996,35.14,12.472523287671233,17.518293150684933,2171.0,2171.0,54.275000000000006,36.18333333333333,11.9,21.549999999999997,0.8618747121142332,0.9031782588668814,0.9711653615845234,1.0,0.8129138352986048,0.9098264335728485
887,Yemen,2018,1866.24,47.81,35.57,12.15869315068493,16.900547945205478,2171.0,2171.0,54.275000000000006,36.18333333333333,11.9,21.549999999999997,0.8596222938737909,0.8808843850760018,0.9830492860432981,1.0,0.7842481645106951,0.9015608259007571
887,Yemen,2019,1896.6100000000001,50.629999999999995,35.04,12.547208219178081,17.755638356164383,2171.0,2171.0,54.275000000000006,36.18333333333333,11.9,21.549999999999997,0.8736112390603409,0.9328420082911099,0.9684016582220175,1.0,0.8239275339287417,0.919756487900442
887,Yemen,2020,2025.57,54.07,42.78,13.447608219178083,18.777156164383562,2170.0,2170.0,54.25,36.166666666666664,11.9,21.549999999999997,0.933442396313364,0.9966820276497695,1.0,1.0,0.87132975240759,0.9602908352741448
887,Yemen,2021,2017.97,56.06,41.45,13.885068493150683,19.461739726027396,2169.0,2169.0,54.225,36.15,11.9,21.549999999999997,0.9303688335638544,1.0,1.0,1.0,0.9030969710453549,0.966693160921842
887,Yemen,2022,1838.48,51.09,30.89,12.843049315068493,18.203578082191783,2169.0,2169.0,54.225,36.15,11.9,21.549999999999997,0.8476164130935915,0.9421853388658368,0.8544951590594745,1.0,0.8447136001017069,0.8978021022241218
887,Yemen,2023,1810.56,44.97,49.160000000000004,11.020539726027398,15.76503287671233,2169.0,2169.0,54.225,36.15,11.9,21.549999999999997,0.8347441217150761,0.8293222683264176,1.0,0.92609577529642,0.7315560499634493,0.8643436430602727
894,Zambia,2010,1925.29,46.97,44.0,12.09949589041096,14.90376712328767,2154.0,2154.0,53.85,35.9,11.9,21.549999999999997,0.8938207985143918,0.8722376973073351,1.0,1.0,0.6915901217302864,0.8915297235104027
894,Zambia,2011,1961.35,49.46,48.949999999999996,12.585049315068494,15.632463013698631,2157.0,2157.0,53.925000000000004,35.95,11.9,21.549999999999997,0.9092953175707,0.9171998145572554,1.0,1.0,0.7254043161809111,0.9103798896617732
894,Zambia,2012,1990.84,50.75,50.83,12.776038356164383,15.953208219178082,2160.0,2160.0,54.0,36.0,11.9,21.549999999999997,0.9216851851851852,0.9398148148148148,1.0,1.0,0.7402880844166164,0.9203576168833234
894,Zambia,2013,2026.25,52.04,46.49,13.289687671232876,16.68216712328767,2164.0,2164.0,54.1,36.06666666666666,11.9,21.549999999999997,0.9363447319778189,0.9619223659889093,1.0,1.0,0.7741144836792423,0.934476316329194
894,Zambia,2014,2079.16,51.940000000000005,47.37,13.332967123287672,16.746432876712326,2168.0,2168.0,54.2,36.13333333333333,11.9,21.549999999999997,0.9590221402214022,0.9583025830258303,1.0,1.0,0.777096653211709,0.9388842752917883
894,Zambia,2015,2105.59,53.16,50.5,13.529016438356164,17.05272602739726,2173.0,2173.0,54.325,36.21666666666667,11.9,21.549999999999997,0.9689783709157846,0.9785549930971007,1.0,1.0,0.7913097924546293,0.947768631293503
894,Zambia,2016,2166.64,53.0,46.879999999999995,13.492301369863014,17.181323287671233,2179.0,2179.0,54.475,36.31666666666666,11.9,21.549999999999997,0.9943276732446076,0.9729233593391464,1.0,1.0,0.7972771827225631,0.9529056430612635
894,Zambia,2017,2214.64,52.17,48.29,13.506802739726025,16.452723287671233,2185.0,2185.0,54.625,36.416666666666664,11.9,21.549999999999997,1.0,0.9550572082379863,1.0,1.0,0.7634674379429808,0.9437049292361934
894,Zambia,2018,2244.16,51.93,49.69,13.343093150684929,16.26234794520548,2191.0,2191.0,54.775000000000006,36.516666666666666,11.9,21.549999999999997,1.0,0.9480602464628023,1.0,1.0,0.7546333153227602,0.9405387123571124
894,Zambia,2019,2226.0099999999998,46.35,45.21,12.287772602739725,14.556364383561643,2198.0,2198.0,54.95,36.63333333333333,11.9,21.549999999999997,1.0,0.8434940855323021,1.0,1.0,0.6754693449448559,0.9037926860954315
894,Zambia,2020,2206.89,45.62,44.56,11.987153424657533,14.054802739726028,2204.0,2204.0,55.1,36.73333333333333,11.9,21.549999999999997,1.0,0.8279491833030852,1.0,1.0,0.6521950227251058,0.8960288412056382
894,Zambia,2021,2183.83,47.4,48.33,12.18645205479452,14.806871232876713,2210.0,2210.0,55.25,36.833333333333336,11.9,21.549999999999997,0.9881583710407239,0.857918552036199,1.0,1.0,0.6870937927088963,0.9066341431571638
894,Zambia,2022,2119.14,47.37,53.410000000000004,12.314591780821916,15.15781095890411,2216.0,2216.0,55.400000000000006,36.93333333333333,11.9,21.549999999999997,0.9562906137184115,0.8550541516245486,1.0,1.0,0.7033786987890539,0.9029446928264028
894,Zambia,2023,2169.76,48.25,48.47,12.975786301369862,16.07552328767123,2221.0,2221.0,55.525000000000006,37.016666666666666,11.9,21.549999999999997,0.9769293111211167,0.8689779378658261,1.0,1.0,0.7459639576645584,0.9183742413303001
901,Low Income Food Deficit Countries (LIFDCs),2010,2323.75,61.2,47.9,13.85945205479452,18.519383561643835,2177.0,2177.0,54.425000000000004,36.28333333333333,11.9,21.549999999999997,1.0,1.0,1.0,1.0,0.859368146712011,0.9718736293424023
901,Low Income Food Deficit Countries (LIFDCs),2011,2332.91,61.44,48.4,13.877476712328766,18.55797808219178,2181.0,2181.0,54.525000000000006,36.349999999999994,11.9,21.549999999999997,1.0,1.0,1.0,1.0,0.8611590757397579,0.9722318151479517
901,Low Income Food Deficit Countries (LIFDCs),2012,2349.44,62.46,48.56,13.966339726027398,18.769323287671234,2184.0,2184.0,54.6,36.4,11.9,21.549999999999997,1.0,1.0,1.0,1.0,0.8709662778501734,0.9741932555700347
901,Low Income Food Deficit Countries (LIFDCs),2013,2355.65,62.51,49.23,13.922101369863014,18.72937808219178,2187.0,2187.0,54.675000000000004,36.45,11.9,21.549999999999997,1.0,1.0,1.0,1.0,0.8691126720274609,0.9738225344054922
901,Low Income Food Deficit Countries (LIFDCs),2014,2370.28,62.61,49.53,13.938158904109589,18.643101369863015,2190.0,2190.0,54.75,36.5,11.9,21.549999999999997,1.0,1.0,1.0,1.0,0.8651091122906273,0.9730218224581254
901,Low Income Food Deficit Countries (LIFDCs),2015,2362.76,62.54,49.14,13.878512328767123,18.605887671232875,2194.0,2194.0,54.85,36.56666666666666,11.9,21.549999999999997,1.0,1.0,1.0,1.0,0.8633822585258876,0.9726764517051775
901,Low Income Food Deficit Countries (LIFDCs),2016,2340.11,61.99,48.56,13.804471232876713,18.46266575342466,2198.0,2198.0,54.95,36.63333333333333,11.9,21.549999999999997,1.0,1.0,1.0,1.0,0.8567362298572929,0.9713472459714586
901,Low Income Food Deficit Countries (LIFDCs),2017,2361.9,62.23,49.35,13.862816438356164,18.580901369863014,2203.0,2203.0,55.075,36.71666666666667,11.9,21.549999999999997,1.0,1.0,1.0,1.0,0.8622228013857548,0.972444560277151
901,Low Income Food Deficit Countries (LIFDCs),2018,2371.54,62.05,48.92,13.855717808219179,18.575638356164383,2207.0,2207.0,55.175000000000004,36.78333333333333,11.9,21.549999999999997,1.0,1.0,1.0,1.0,0.8619785780122685,0.9723957156024537
901,Low Income Food Deficit Countries (LIFDCs),2019,2363.09,62.379999999999995,49.33,13.901304109589042,18.664728767123286,2212.0,2212.0,55.300000000000004,36.86666666666667,11.9,21.549999999999997,1.0,1.0,1.0,1.0,0.8661127038108255,0.9732225407621652
901,Low Income Food Deficit Countries (LIFDCs),2020,2394.19,63.12,51.54,14.051515068493151,18.930586301369864,2216.0,2216.0,55.400000000000006,36.93333333333333,11.9,21.549999999999997,1.0,1.0,1.0,1.0,0.8784494803419892,0.9756898960683978
901,Low Income Food Deficit Countries (LIFDCs),2021,2391.54,62.64,50.89,13.921271232876713,18.61408219178082,2220.0,2220.0,55.5,37.0,11.9,21.549999999999997,1.0,1.0,1.0,1.0,0.8637625146998061,0.9727525029399612
901,Low Income Food Deficit Countries (LIFDCs),2022,2410.14,63.25,50.95,14.060575342465754,18.76358904109589,2224.0,2224.0,55.6,37.06666666666666,11.9,21.549999999999997,1.0,1.0,1.0,1.0,0.8707001875218512,0.9741400375043703
901,Low Income Food Deficit Countries (LIFDCs),2023,2387.75,62.42,50.62,13.940457534246576,18.517378082191783,2228.0,2228.0,55.7,37.13333333333333,11.9,21.549999999999997,1.0,1.0,1.0,1.0,0.8592750850205005,0.9718550170041
