m49,Area,crop,sh_kcal,sh_protein,sh_fat,sh_zinc,sh_iron,ssr,I,years
1,World,maize,0.048614586297684816,0.03342580424118517,0.014192426469305033,0.057878904258912955,0.056329412669534416,0.9957349596866684,0.04208822678732448,2021-2023
1,World,rice,0.17080038574768,0.11416809456001664,0.018287218844571736,0.1305270887605631,0.07603148357371925,1.0034197519135564,0.10196285429731014,2021-2023
1,World,soybean,0.03703144797372837,0.017622199870887912,0.12481992877795116,0.012936065003989741,0.033031330482584685,0.987411955908402,0.045088194421828376,2021-2023
1,World,wheat,0.17815566288732412,0.18774617513928638,0.035183666031101235,0.2721495549860867,0.26000627141549265,0.9440627510237234,0.1866482660918582,2021-2023
2,Africa,maize,0.14225378820226417,0.12201556981487936,0.058032212260801797,0.1738334939290249,0.1577914911250552,0.8536106130595528,0.13078531106640506,2021-2023
2,Africa,rice,0.08985200108423679,0.0726432229095101,0.013775977473047818,0.07546986429330647,0.04100268930242903,0.6090717362009949,0.05854875101250604,2021-2023
2,Africa,soybean,0.01970709222274788,0.007854886176360104,0.09215833224659797,0.005150463128037099,0.012283755961754732,0.5551441748086988,0.02743090594709956,2021-2023
2,Africa,wheat,0.1351183068559004,0.1664940491940054,0.032584951766295785,0.22800445587283416,0.20316056631589718,0.347026678884786,0.1530724660009866,2021-2023
4,Afghanistan,maize,0.02216057354664394,0.016861335371312416,0.009852710232593842,0.02352404001959176,0.02362603086927348,0.5915903242078713,0.019204938007883088,2021-2023
4,Afghanistan,rice,0.08870824182208277,0.06624118984050222,0.012085891312081357,0.05970771868925786,0.035922618859736195,0.45442695083968526,0.05253313210473208,2021-2023
4,Afghanistan,soybean,0.0024450077901892906,0.0038958041132408122,0.01024511688374057,0.0022009324811459413,0.005755785911831132,0.1873015873015873,0.004908529436029549,2021-2023
4,Afghanistan,wheat,0.5878275192514271,0.6535028596100267,0.13824361823244383,0.7333119618806613,0.7235966064707343,0.5473433669323072,0.5672965130890586,2021-2023
5,South America,maize,0.07861944236530967,0.0543424473676051,0.018422362592526147,0.10225258042602586,0.11255222607543884,1.4977714402383029,0.07323781176538112,2021-2023
5,South America,rice,0.08143103688264668,0.05389079276831255,0.005615126588501184,0.06275037562426512,0.04133906384908623,1.0967170055529394,0.04900527914256236,2021-2023
5,South America,soybean,0.07072065218547231,0.0015025710837339751,0.2071950601470348,0.0012612518753708122,0.0038445999482730545,1.821398721930003,0.05690482704797699,2021-2023
5,South America,wheat,0.13319045655401798,0.13818709787442382,0.02281801075581374,0.24084132768378783,0.2602546785277548,0.972090512925731,0.15905831427915965,2021-2023
8,Albania,maize,0.007618887560873265,0.005255305380271027,0.0019460228280452551,0.007381696842548891,0.007007602483788069,0.7690898092364705,0.005841903019105301,2021-2023
8,Albania,rice,0.016523122387998055,0.009626354862119407,0.0011919579242022367,0.014542777308893376,0.00826514784110661,0.0,0.010029872064863936,2021-2023
8,Albania,soybean,0.0036572102650664455,0.0,0.011288942692347247,2.3337783542611334e-05,6.35778255378111e-05,0.3333333333333333,0.0030066137132988228,2021-2023
8,Albania,wheat,0.21938357806810005,0.19631999587813098,0.04683089511425021,0.33934589034919976,0.3156344661766181,0.49568876770662823,0.22350296511725984,2021-2023
9,Oceania,maize,0.009419729422584263,0.006083074158645493,0.0019318412509466917,0.010403359715476247,0.010853069199710262,0.9483370692961194,0.007738214749472591,2021-2023
9,Oceania,rice,0.04972280101545612,0.03074778541075553,0.0033943622159561767,0.03959535303264622,0.02472510517151662,0.3955941944390835,0.029637081369266134,2021-2023
9,Oceania,soybean,0.00730316731133706,0.0019846915421807003,0.018326293189809984,0.001911166263733846,0.005235768700468297,0.5100431147749375,0.006952217401505978,2021-2023
9,Oceania,wheat,0.1625568940063795,0.15713757988374402,0.03551382622501975,0.2717069249911033,0.2782905265037036,3.672237713606163,0.18104115032199006,2021-2023
11,Western Africa,maize,0.1021556291693843,0.0943356129839224,0.041719320469524514,0.1302677939935765,0.10917412395623545,0.9673356159464613,0.09553049611452863,2021-2023
11,Western Africa,rice,0.14216464672380505,0.12033076251743109,0.021583493341715426,0.13289084200915122,0.06665668468515577,0.6246776226249275,0.09672528585545172,2021-2023
11,Western Africa,soybean,0.010190251141556113,0.017650669472791865,0.03580404979700894,0.011727553593671445,0.02573297694536088,1.043797787211904,0.020221100190077848,2021-2023
11,Western Africa,wheat,0.059677852368415864,0.07568450544787755,0.01461707687839936,0.11565050491089406,0.09515759733842795,0.009344433934495154,0.07215750738880296,2021-2023
12,Algeria,maize,0.03568288232333131,0.030521334784750064,0.011791452630803617,0.03982656665932787,0.03668873606929735,0.0033003920492797596,0.03090219449350204,2021-2023
12,Algeria,rice,0.010792955834302476,0.007988343322659092,0.0009375197457121397,0.007632174772498355,0.004201245478707293,0.0,0.006310447830775871,2021-2023
12,Algeria,soybean,0.11618307765645808,0.00010600228128833162,0.4446189455936777,0.00018636753890045104,0.0006997715991023467,0.10794792474493052,0.1123588329338854,2021-2023
12,Algeria,wheat,0.39130708482762916,0.45805947695471133,0.06799200569015822,0.5816697685876339,0.5260865796032731,0.2473839286245159,0.40502298313268115,2021-2023
13,Central America,maize,0.28709557179774864,0.20025087287218998,0.07604343393527503,0.35283943824807174,0.3644301539540124,0.5874099378101943,0.25613189416145954,2021-2023
13,Central America,rice,0.032683132751663756,0.022558553346272412,0.0026574649537888903,0.027014084353832207,0.01670148681489222,0.44008354970868496,0.0203229444440899,2021-2023
13,Central America,soybean,0.053566370004372005,0.0014733570638749587,0.1855179365387848,0.001071950335753115,0.0030081678874572023,0.16370112655953495,0.04892755636604841,2021-2023
13,Central America,wheat,0.0787875587096341,0.08224389251557364,0.015049356306858547,0.14409432168299585,0.14611014925701113,0.4013306758415065,0.09325705569441464,2021-2023
14,Eastern Africa,maize,0.2175393349863265,0.1733298038282877,0.09095096223580328,0.2600635268683385,0.236933424911317,0.9841158555800819,0.1957634105660146,2021-2023
14,Eastern Africa,rice,0.08683391597047345,0.06947684453634277,0.016124363107487324,0.0682982652382294,0.03724215253096138,0.5978476647562038,0.05559510827669887,2021-2023
14,Eastern Africa,soybean,0.010477337319530175,0.005908075380922042,0.051486898663056134,0.003875290650954056,0.009263970442663272,1.0033499645831856,0.01620231449142514,2021-2023
14,Eastern Africa,wheat,0.09745215607730186,0.11712043296253738,0.028476105598740212,0.15676157930217194,0.14018994332306123,0.4546090384528753,0.10800004345276251,2021-2023
15,Northern Africa,maize,0.09942922574995676,0.07499578117572153,0.039316216876938,0.1041040645849642,0.09730008650303244,0.2965590395524613,0.08302907497812259,2021-2023
15,Northern Africa,rice,0.04501543498904404,0.03188385172960014,0.005352371222175072,0.031028697767050733,0.017365022636394657,0.8079865156863563,0.02612907566885293,2021-2023
15,Northern Africa,soybean,0.047664501027453836,0.0006782881065862476,0.2259293710223802,0.0004767992709813534,0.0012728018238806237,0.12868542568057528,0.05520435225025646,2021-2023
15,Northern Africa,wheat,0.3371070325091822,0.37068917834659637,0.07055515052123813,0.48867463046588383,0.4483365688890449,0.4001567550582923,0.34307251214638906,2021-2023
17,Middle Africa,maize,0.10352520281372664,0.1077420140473439,0.05001359782887426,0.1528684197581122,0.14981224562328718,0.9499336295116302,0.11279229601426884,2021-2023
17,Middle Africa,rice,0.06028287960070031,0.0617857776533452,0.01021610396133227,0.060503340706216435,0.03548059318683836,0.49259285339129194,0.04565373902168651,2021-2023
17,Middle Africa,soybean,0.007880603201578405,0.004303206698805409,0.045739843993178285,0.00266421646260708,0.006859205517030747,0.6666240814204164,0.013489415174639984,2021-2023
17,Middle Africa,wheat,0.04546760745343429,0.0711413198755677,0.01709084079666144,0.10059454524543461,0.09672269478484258,0.0069802888058133955,0.06620340163118812,2021-2023
18,Southern Africa,maize,0.22232590138636257,0.21910205394418134,0.07417509488939954,0.2965119781154601,0.3201867865294009,1.2253447829519883,0.2264603629729609,2021-2023
18,Southern Africa,rice,0.050360583730222265,0.03538828976567566,0.003826596976220217,0.04197639509723209,0.02713086051158123,0.0024375290445302145,0.03173654521618629,2021-2023
18,Southern Africa,soybean,0.039329160228058414,0.004315125708469182,0.12455999364336394,0.003154295112549972,0.009030102561288523,1.1240817900355942,0.03607773545074601,2021-2023
18,Southern Africa,wheat,0.15943211666701015,0.1779070828113455,0.026925020765495532,0.24564516477309686,0.26037304726253735,0.46274382159777944,0.17405648645589705,2021-2023
19,Americas,maize,0.08753791853794758,0.058590515675634204,0.018526333501091615,0.10970915015288248,0.12110190380136408,1.186725959281194,0.079093164333784,2021-2023
19,Americas,rice,0.05142322783865728,0.03412937898794274,0.0034318852533258624,0.04050216335308962,0.02675910884412241,0.9882685157112515,0.03124915285542758,2021-2023
19,Americas,soybean,0.0926986304416823,0.001369598666624108,0.2563862584585703,0.000986275082450417,0.003053299418609845,1.6959128991392642,0.07089881241358739,2021-2023
19,Americas,wheat,0.13262001020587846,0.13414201832609632,0.02236851211440223,0.23862103811917723,0.25856675267599544,1.2466737544212336,0.15726366628830993,2021-2023
21,Northern America,maize,0.023379629143665506,0.013389450672254952,0.0037439141984113126,0.03187811551844638,0.03656366744472599,1.1817056308500686,0.021790955395500827,2021-2023
21,Northern America,rice,0.022276333272929282,0.01453056619532135,0.0013575492430663793,0.01685083496746137,0.011566875577440934,1.2387019592295627,0.013316431851243862,2021-2023
21,Northern America,soybean,0.13007152908205957,0.001234194938123015,0.3126546514825877,0.0007637727980052109,0.0025292109121685205,1.6864116732133871,0.0894506718425888,2021-2023
21,Northern America,wheat,0.15347156598590103,0.1489452779975224,0.02375181496669489,0.2710545978329298,0.3051285042214033,1.6421956080848659,0.18047035220089028,2021-2023
24,Angola,maize,0.16564599177306097,0.16938263037450016,0.0669662228773707,0.24456496199379926,0.23637877864823606,0.9482353878373916,0.17658771713339344,2021-2023
24,Angola,rice,0.04656881887808586,0.04690418496021773,0.006370232136737114,0.045871182344940274,0.02651436285709755,0.03125429724936281,0.0344457562354157,2021-2023
24,Angola,soybean,0.03158720442036789,0.009846162046921217,0.15993165698317582,0.006121973312034794,0.015582509073354381,0.2993121653053497,0.044613901167170816,2021-2023
24,Angola,wheat,0.0634033814512263,0.09681561994950146,0.01971257427783859,0.14626843837461992,0.13868574298590322,0.01115495358499211,0.0929771514078179,2021-2023
28,Antigua and Barbuda,maize,0.009589678425573659,0.006063498871259111,0.002037741767795559,0.015458914298730302,0.015055286253461682,0.0,0.009641023923364063,2021-2023
28,Antigua and Barbuda,rice,0.05823573978951546,0.035869686427591106,0.009897948639130993,0.020197704675658474,0.011785413603513088,0.0,0.027197298627081822,2021-2023
28,Antigua and Barbuda,soybean,0.06001343325660635,0.0011614855227447664,0.16569616427901482,0.0009206977382134755,0.0024336963338222914,,0.046045095426080346,2021-2023
28,Antigua and Barbuda,wheat,0.17077024933266113,0.1267361688906842,0.04572481403630127,0.2923933985585279,0.27994515011678867,0.0,0.18311395618699264,2021-2023
29,Caribbean,maize,0.03260690412377758,0.026452914962639296,0.010256278943500981,0.03733447679923069,0.03566028535642125,0.15350373775360976,0.02846217203711396,2021-2023
29,Caribbean,rice,0.16902511716461832,0.12728788314408837,0.015912155701510024,0.18085210639872273,0.10338736181410713,0.3514433639534995,0.1192929248446093,2021-2023
29,Caribbean,soybean,0.06511303797525875,0.00041678284209596857,0.253676151039625,0.0005065880741274945,0.0014500936498349788,0.0486134017312507,0.06423253071618844,2021-2023
29,Caribbean,wheat,0.12185869575811527,0.13828416606955263,0.027868360814759418,0.24112454491419702,0.226093716213308,0.0,0.15104589675398644,2021-2023
30,Eastern Asia,maize,0.020340572557001887,0.010439892241132861,0.0053407312983263415,0.022120719609183128,0.020333306436958673,0.8366858974414556,0.015715044428520578,2021-2023
30,Eastern Asia,rice,0.24088550011290755,0.1357398613434523,0.03260364537646602,0.15487387265821578,0.0852051959564109,0.9493349398426009,0.1298616150894905,2021-2023
30,Eastern Asia,soybean,0.044683110052226915,0.04035840641139799,0.13293730030539583,0.030963058581322016,0.0745735107334219,0.26287168768119,0.06470307721675292,2021-2023
30,Eastern Asia,wheat,0.1729656824018858,0.16625082876214334,0.04055555253903487,0.21045421731559644,0.18990657863075466,0.8232726026421159,0.15602657192988303,2021-2023
31,Azerbaijan,maize,0.024708568298717617,0.017096510263649712,0.007149399732035846,0.0274609948859566,0.028240396727017836,0.822586024290938,0.020931173981475523,2021-2023
31,Azerbaijan,rice,0.015773438633965832,0.010729382794816092,0.0013937469568641233,0.00940999421970984,0.005791527821778992,0.14198285374755962,0.008619618085426975,2021-2023
31,Azerbaijan,soybean,0.0013999067865483994,0.0,0.005231471239483795,1.9483556556410946e-05,5.5665001910357794e-05,0.0,0.0013413053168997927,2021-2023
31,Azerbaijan,wheat,0.40382180911875204,0.4211401014074421,0.07682334606407713,0.5650951000366184,0.5704740656627917,0.5448751180486094,0.40747088445793633,2021-2023
32,Argentina,maize,0.02656703151310767,0.015246295734356319,0.0054885449175443015,0.02995395352116079,0.03512920251504539,2.511878764044125,0.02247700564024289,2021-2023
32,Argentina,rice,0.028042745661560217,0.016203147867195598,0.002451167371779202,0.018423734781596604,0.012916500067168442,1.5162820663966905,0.015607459149860009,2021-2023
32,Argentina,soybean,0.02010474905208848,0.0,0.05431734049053869,3.213804251373587e-05,0.000153788861888496,0.9732489537553172,0.01492160328940588,2021-2023
32,Argentina,wheat,0.252052665550363,0.2295124817392226,0.05729711483143369,0.36674958732271534,0.422764588395123,2.76882965647076,0.26567528756777153,2021-2023
34,Southern Asia,maize,0.018061046833146393,0.013672544692500713,0.006136818210481679,0.02326475072658118,0.02217522936906591,0.9341502745783318,0.016662077966355174,2021-2023
34,Southern Asia,rice,0.24641159228012088,0.17835442867584925,0.025883567152164572,0.20603269611738548,0.11755487587614087,1.160632989558543,0.15484743202033222,2021-2023
34,Southern Asia,soybean,0.02200486514271208,0.0024703582859755204,0.0966939450321249,0.0018299895916832453,0.0046252899328119365,0.6050857777121891,0.02552488959706154,2021-2023
34,Southern Asia,wheat,0.23142415234499436,0.26259505023789526,0.04529758185008428,0.3578090167062779,0.33482960833988157,0.8985154870576206,0.24639108189582667,2021-2023
35,South-eastern Asia,maize,0.024013156711152145,0.018067451664199166,0.008716272332947897,0.03870529195784892,0.03920225623844903,0.7128592891432272,0.02574088578091943,2021-2023
35,South-eastern Asia,rice,0.41490966856285055,0.30693178309579056,0.0518222635778823,0.3705657026886929,0.22464512598426103,1.0900942884376,0.2737749087818955,2021-2023
35,South-eastern Asia,soybean,0.02892029964458967,0.05881052965601128,0.08291709677868266,0.04337538159229772,0.11505310249236045,0.1468320705097432,0.06581528203278834,2021-2023
35,South-eastern Asia,wheat,0.06823443979347263,0.07869624011685562,0.01633978961580212,0.1299895635441408,0.1292421566614513,0.00785449934175803,0.0845004379463445,2021-2023
36,Australia,maize,0.010548452643947435,0.006512660426927539,0.0019509568927735931,0.011527154826278656,0.012725023958814361,1.1018972857448734,0.008652849749748318,2021-2023
36,Australia,rice,0.02426851133881504,0.014270776501439009,0.0015966675829458595,0.018047731875027978,0.011938630037758573,1.0190317752992761,0.014024463467197292,2021-2023
36,Australia,soybean,0.004269237490148135,0.0012719943395911374,0.009494107557634872,0.001303725016678405,0.003778659854529704,0.7161748469336544,0.00402354485171645,2021-2023
36,Australia,wheat,0.1639898523555838,0.15459288188996842,0.03468452760396334,0.27995676444543927,0.3036449883214522,4.407523390406504,0.18737380292328143,2021-2023
39,Southern Europe,maize,0.01116905228771709,0.007130764690306407,0.0022179416786464313,0.013216527291808,0.013846552306359195,0.5326558183483224,0.009516167650967425,2021-2023
39,Southern Europe,rice,0.01737988566987229,0.011006371421544986,0.0015314912249844766,0.012614342723036222,0.007911571786077756,1.1572001706731523,0.010088732565103146,2021-2023
39,Southern Europe,soybean,0.02581226358987339,0.00045993983378203357,0.06726101643351433,0.00043628851982063674,0.00126348254764849,0.32816232829171227,0.019046598184927776,2021-2023
39,Southern Europe,wheat,0.2376068260017373,0.22446337620210222,0.03261349632453206,0.3966217354450739,0.4079903144618095,0.6132904689504942,0.259859149687051,2021-2023
40,Austria,maize,0.027248731815361832,0.020328342886643178,0.004410898403004182,0.03375771345225627,0.035911734369649874,0.7754717324528827,0.024331484185383067,2021-2023
40,Austria,rice,0.009896641619926996,0.006834920037205284,0.0005733656579446079,0.012431386396311117,0.007907291375232718,0.0,0.007528721017324144,2021-2023
40,Austria,soybean,0.025064949524257436,0.026999456715061227,0.044808330839307194,0.020310329824031182,0.05635209891543489,0.8863979732942088,0.03470703316361838,2021-2023
40,Austria,wheat,0.17442272845004192,0.1971434952943345,0.02012504053262431,0.3108987279323499,0.3242244409885791,0.7879322108351309,0.20536288663958593,2021-2023
44,Bahamas,maize,0.028360107605724355,0.016343551297414386,0.005591836478620369,0.021826400362762125,0.022860399994770682,0.3333333333333333,0.018996459147858382,2021-2023
44,Bahamas,rice,0.0443415995150209,0.02491600386906026,0.004677111314473474,0.03106153281239675,0.019803665939121733,0.0,0.024959982690014624,2021-2023
44,Bahamas,soybean,0.03407420504242899,0.0013562443296238462,0.09043726787818268,0.0010784116190726571,0.0030718065132507126,0.0,0.026003587076511774,2021-2023
44,Bahamas,wheat,0.11765231292964057,0.07481680392411318,0.05557721394595535,0.23253667468985975,0.23655445421722684,0.0,0.14342749194135912,2021-2023
48,Bahrain,maize,0.01800807220261004,0.012324493667142942,0.003962139197117657,0.019685755762801,0.0209755943797309,0.0,0.014991211041880509,2021-2023
48,Bahrain,rice,0.12291810284269515,0.08294553106295673,0.008253497308226857,0.07733891725148617,0.0493044800777612,0.0,0.06815210570862522,2021-2023
48,Bahrain,soybean,0.012109671584326494,0.000511039314548721,0.03424586644308722,0.0004343820484133929,0.0012393338405147552,0.0,0.009708058646178118,2021-2023
48,Bahrain,wheat,0.16153509203029318,0.16700399131873475,0.025636067692993425,0.2501298160446544,0.26153196570944354,0.0,0.17316738655922387,2021-2023
50,Bangladesh,maize,0.0029567935989168663,0.002880912899925514,0.0021926327148974294,0.0036111199208330945,0.004001042978289046,0.7150152485400284,0.0031285004225723905,2021-2023
50,Bangladesh,rice,0.6294227472468559,0.47354084076675473,0.09679278904791684,0.5451281801064827,0.3615976940071726,1.0220894694302884,0.42129645023503653,2021-2023
50,Bangladesh,soybean,0.02479991059223635,0.00972180020604574,0.15692432048260335,0.007054289320945608,0.020544573368787445,0.14595421575434306,0.043808978794123696,2021-2023
50,Bangladesh,wheat,0.04879532083685154,0.05843437849369596,0.015046118101764693,0.08014526316813504,0.08716502133294624,0.11836428124346238,0.057917220386678694,2021-2023
51,Armenia,maize,0.01639635909777296,0.011805406594389146,0.00454660487006991,0.016513121653326343,0.017256606363747127,0.06244599282573967,0.013303619715861099,2021-2023
51,Armenia,rice,0.010646332422915997,0.006476077035887874,0.0007832186319734507,0.0071109324153324225,0.0044258281450435975,0.0,0.005888477730230669,2021-2023
51,Armenia,soybean,0.005097877888832314,0.00022405145386963538,0.015949708941068615,0.00013211974466698944,0.00036251883974837575,0.0,0.004353255373637186,2021-2023
51,Armenia,wheat,0.29843993210827013,0.2783319143467264,0.04767922828204719,0.4420383589560691,0.45173877358191605,0.23361549012911764,0.3036456414550058,2021-2023
52,Barbados,maize,0.047449957735141685,0.029493240365165537,0.011481164644437325,0.040101839153101226,0.038117312713571376,0.0,0.03332870292228343,2021-2023
52,Barbados,rice,0.053529588185834136,0.03334059747009341,0.008624537195953344,0.03763914225078691,0.021403210487950367,0.0,0.030907415118123636,2021-2023
52,Barbados,soybean,0.04573707326439497,0.0004583421327939317,0.1541035488489087,0.0006075623700540922,0.0016198315943551332,0.1565079365079365,0.04050527164210137,2021-2023
52,Barbados,wheat,0.1729648340436506,0.1491909273623535,0.04369116967390643,0.26175494138215954,0.24410659865759154,0.0,0.1743416942239323,2021-2023
53,Australia and New Zealand,maize,0.010770073688988191,0.006715694112225184,0.0020487855914895635,0.011407989900005985,0.01249344661370807,0.970168044865871,0.008687197981283399,2021-2023
53,Australia and New Zealand,rice,0.025356479849120667,0.015060466510236722,0.0016965971845403181,0.018420835019857865,0.012081146185834493,0.8785740299691676,0.01452310494991801,2021-2023
53,Australia and New Zealand,soybean,0.005930977465992161,0.001900692426223504,0.013681418651682339,0.0017358798215543307,0.0049913094145361625,0.6054849768098407,0.005648055555997699,2021-2023
53,Australia and New Zealand,wheat,0.17345883528750505,0.1636722211638076,0.03651660857936428,0.2828760525745485,0.3042218290143571,3.925293638332686,0.19214910932391652,2021-2023
54,Melanesia,maize,0.004676787648210494,0.003422899800907167,0.0013085440091029996,0.006807085729883418,0.005891274120751726,0.7822039072039072,0.004421318261771161,2021-2023
54,Melanesia,rice,0.13576155698976022,0.09782950977407379,0.011972666690097424,0.13500834339252055,0.06999147099171123,0.019580916426039093,0.09011270956763265,2021-2023
54,Melanesia,soybean,0.01289832591208473,0.002020104529431549,0.04574765354080129,0.0017200677514273765,0.003931723561541996,0.0,0.013263575059057389,2021-2023
54,Melanesia,wheat,0.12027670131676231,0.13001052089335918,0.02728687374315575,0.2164974217810256,0.18395431740324222,0.0,0.13560516702750902,2021-2023
56,Belgium,maize,0.0020883162602454586,0.001462818921249153,0.0003903525044631222,0.003290332864179535,0.0032865612661640647,0.16013282885281463,0.002103676363260267,2021-2023
56,Belgium,rice,0.02492508110269999,0.017009542778840432,0.0014005503220710742,0.05370492215752551,0.03213162771091132,0.0,0.025834344814409667,2021-2023
56,Belgium,soybean,0.02828952453147676,0.0003759374866225925,0.06823662982819428,0.00043836949031048284,0.0012284941426214302,0.07197070929005932,0.01971379109584511,2021-2023
56,Belgium,wheat,0.14437035249595484,0.1515615219178589,0.01642483289213474,0.27475858266759234,0.26938200362289416,0.35512112374334287,0.171299458719287,2021-2023
57,Micronesia,maize,0.0029296521768577143,0.0025029112034829584,0.0006827068073593208,0.0018749733566439362,0.0014975562365295984,0.0,0.0018975599561747059,2021-2023
57,Micronesia,rice,0.1632583774281753,0.11227292293921011,0.009921520860880622,0.09805664554449482,0.04706567817052623,0.0,0.08611502898865742,2021-2023
57,Micronesia,soybean,0.005151006612104704,0.010291576579667392,0.005738718674279289,0.016729542755875168,0.03493389563773868,0.0,0.014568948051933045,2021-2023
57,Micronesia,wheat,0.1229044859159721,0.10935305243219512,0.04304359585452361,0.21895063554255936,0.17207578822475555,0.0,0.13326551159400116,2021-2023
61,Polynesia,maize,0.006568223378809749,0.004570610489241042,0.0011902316138448293,0.001224523642193841,0.0012018536422974712,0.0,0.0029510885532773867,2021-2023
61,Polynesia,rice,0.09699177748328365,0.054691116724005895,0.00703017005287352,0.0534323045706713,0.03128292963732576,0.0,0.04868565969363202,2021-2023
61,Polynesia,soybean,0.002765806379234645,0.003739706507651265,0.004237481935057025,0.008024081918655635,0.020557723604158445,0.0,0.007864960068951403,2021-2023
61,Polynesia,wheat,0.19271395661758947,0.14507897362619143,0.06563389247215244,0.33130604794217106,0.31797632239647694,0.0,0.21054183861091627,2021-2023
64,Bhutan,maize,0.15361066510912094,0.16293503520139221,0.06692334242096787,0.1976676876033061,0.1921047142653507,0.372053872053872,0.15464828892002758,2021-2023
64,Bhutan,rice,0.3728014536658811,0.3246976701780862,0.03686725315701984,0.2833391753704529,0.16399651185788788,0.233758360307871,0.23634041284586557,2021-2023
64,Bhutan,soybean,0.11497415444276478,0.0012536305571272663,0.4876269400549635,0.0010054994613555293,0.0028496174443801117,0.0,0.12154196839211821,2021-2023
64,Bhutan,wheat,0.0676875495062228,0.07787653692919794,0.0368041024829851,0.10979385037418787,0.10420984027104903,0.0396589454560469,0.07927437591272854,2021-2023
68,Bolivia (Plurinational State of),maize,0.112962893129409,0.07017058022061246,0.041483049121601744,0.11275955826297407,0.12101615001147721,0.9969814364790515,0.09167844614921489,2021-2023
68,Bolivia (Plurinational State of),rice,0.13625016154889333,0.08143004448033046,0.014626074482716515,0.08960464247944995,0.0576129715344924,0.9926615200808749,0.07590477890517652,2021-2023
68,Bolivia (Plurinational State of),soybean,0.033478298867763774,0.006716444960783116,0.14719519779203313,0.00476182318277132,0.013436910893156026,1.2757982779083965,0.041117735139301476,2021-2023
68,Bolivia (Plurinational State of),wheat,0.15243661956836,0.1362466264528135,0.040726546742039925,0.23278784502218786,0.2450030850233813,0.41317206270792833,0.1614401445617565,2021-2023
70,Bosnia and Herzegovina,maize,0.037980157515173384,0.02476838961583072,0.011493883238250019,0.038535255150250323,0.035284659870950724,0.7864106113008655,0.029612469078091036,2021-2023
70,Bosnia and Herzegovina,rice,0.006403982159461021,0.0040665987418243505,0.0006679390608355963,0.004386220783933304,0.00240497223983397,0.0,0.0035859425971776484,2021-2023
70,Bosnia and Herzegovina,soybean,0.011910595546491787,0.007156854681473056,0.041516909604456836,0.00480172606002026,0.011543728216688457,1.0207570207570207,0.015385962821826079,2021-2023
70,Bosnia and Herzegovina,wheat,0.2928027881155503,0.28966089634322545,0.06921768971066132,0.4299209996003979,0.3865185078142488,0.3733846006895652,0.29362417631681675,2021-2023
72,Botswana,maize,0.23041712002454776,0.17563192908323547,0.07795875251266889,0.2721468152763297,0.28211325496538403,0.07325317241911099,0.20765357437243318,2021-2023
72,Botswana,rice,0.05278109597899864,0.03881767335244981,0.005648955157313565,0.04715647507955923,0.029220204170948585,0.0,0.034724880747853966,2021-2023
72,Botswana,soybean,0.014120589161711314,0.01790090715682157,0.04837033717203817,0.010610102722615386,0.0287780957129322,0.0,0.023956006385223726,2021-2023
72,Botswana,wheat,0.14225804885028692,0.15767972576059885,0.05176187781052919,0.2032759349738649,0.20684867126136822,0.01096281780085698,0.1523648517313296,2021-2023
76,Brazil,maize,0.07236161341012157,0.049773010767843656,0.015439949626194023,0.09220491163722687,0.10498717475180276,1.5478535641622375,0.06695333203863776,2021-2023
76,Brazil,rice,0.07827576230895852,0.05184049384991412,0.004861988740149689,0.05898160100157914,0.04019105802887716,1.0442912628896381,0.04683018078589572,2021-2023
76,Brazil,soybean,0.0984222383075067,0.0,0.26373593025942493,0.00019036093345505263,0.0008838259370197622,2.517996230758932,0.07264647108748128,2021-2023
76,Brazil,wheat,0.10935462624602905,0.11246445264480996,0.01232198755542893,0.2045157346299223,0.2286021815085002,0.6873329059853152,0.1334517965169381,2021-2023
84,Belize,maize,0.13863454310082396,0.0957202936332462,0.03204993053112862,0.16894688000716085,0.15628885075495128,1.1271493576954041,0.11832809960546217,2021-2023
84,Belize,rice,0.07672790929383544,0.05102475145336897,0.005562888506535763,0.060645619919049626,0.03355374506799861,1.0416666666666667,0.04550298284815768,2021-2023
84,Belize,soybean,0.11227042641853492,0.10592581650869147,0.27760039140556586,0.07599815457853595,0.18405060782221913,1.1791666666666667,0.15116907934670948,2021-2023
84,Belize,wheat,0.13550247930196677,0.12850845689963966,0.040843159471486784,0.26134628274686883,0.23711932943470512,0.0,0.16066394157093344,2021-2023
90,Solomon Islands,maize,0.0005675348796183643,0.000599466379987574,0.00024357569114602363,0.0006977098700316338,0.0005761102909502558,,0.0005368794223467703,2021-2023
90,Solomon Islands,rice,0.2147632838144544,0.17572313657596628,0.022343660643075445,0.23421681403367467,0.11586958827166143,0.041164161873544027,0.15258329666776643,2021-2023
90,Solomon Islands,soybean,0.021344242604098024,0.0012162709931314182,0.09401615163315548,0.0011557587018089493,0.0025535206024229953,0.0,0.024057188906923373,2021-2023
90,Solomon Islands,wheat,0.10513739474493437,0.1253229331200405,0.03817781126177713,0.24558781369469876,0.19928198447361534,0.0,0.14270158745901323,2021-2023
97,European Union (27),maize,0.014479402775115205,0.009566812832107861,0.00281066413224223,0.018034997539171985,0.01954119248400074,0.7553596986218953,0.012886613952527604,2021-2023
97,European Union (27),rice,0.01451028458135386,0.009390271436520081,0.0011764907610915308,0.012932806628659477,0.008387070631268393,0.4177634777936367,0.009279384807778669,2021-2023
97,European Union (27),soybean,0.024546759395945663,0.0022959276836963696,0.061869320070128464,0.001973459732202006,0.005664109892221346,0.2903605755477802,0.019269915354838768,2021-2023
97,European Union (27),wheat,0.19920558013096357,0.19338820329891449,0.02730290480177833,0.34285628076061075,0.3646784456988883,1.1496583126067037,0.2254862829382311,2021-2023
100,Bulgaria,maize,0.07220702396817885,0.05150935050254263,0.013295364301933876,0.10630799571565049,0.11072318105908159,1.6873508198008027,0.07080858310947749,2021-2023
100,Bulgaria,rice,0.0083897334580085,0.006463408151512257,0.0012244969609614526,0.006098703014241274,0.0038033095833510805,1.9470524067504513,0.005195930233614913,2021-2023
100,Bulgaria,soybean,0.03921977126676412,0.000500210892031207,0.09551280028277653,0.0003601118745155151,0.001068962619448401,0.2204130397678785,0.027332371387107153,2021-2023
100,Bulgaria,wheat,0.20124299136222493,0.21275632606724512,0.025599080210934242,0.3456552162560757,0.352700354681279,3.756053676055018,0.22759079371555183,2021-2023
104,Myanmar,maize,0.008231379390960919,0.006056766566665997,0.003363882803669137,0.009793393836703761,0.010361179477489631,1.763462276824683,0.007561320415097888,2021-2023
104,Myanmar,rice,0.5803490637228156,0.41949547673105475,0.07354363852794367,0.49172177364042663,0.3113220620864068,1.2206263479839663,0.3752864029417295,2021-2023
104,Myanmar,soybean,0.005089155035128394,0.006556743324109267,0.02038803028938971,0.0042021182823424735,0.011644115462630762,0.9129238459763208,0.00957603247872012,2021-2023
104,Myanmar,wheat,0.021275808354823036,0.023118322530675344,0.00640358511138453,0.03857843195113122,0.04003147523650005,0.17214023824602998,0.025881524636902836,2021-2023
112,Belarus,maize,0.0008960963350648898,0.0006283190731715253,0.000229661059372667,0.0011305165025139207,0.0011776236714509665,0.9964119548097772,0.0008124433283147939,2021-2023
112,Belarus,rice,0.005628411861228291,0.003382839989416889,0.00035546088202493154,0.003817536374368932,0.0023686184311910523,0.0,0.003110573507646019,2021-2023
112,Belarus,soybean,0.024361502795461596,0.0034412477926994076,0.06988601421431731,0.0027455459280669487,0.00750780285174868,0.19925599902979765,0.021588422716458788,2021-2023
112,Belarus,wheat,0.16489668746924357,0.122202443359967,0.07507945691988908,0.25003045124076023,0.25776142117861706,0.8981009987100513,0.1739940920336954,2021-2023
116,Cambodia,maize,0.0014527428032606482,0.0011152734819912808,0.000888591793723591,0.002027250089535011,0.0026927294994142613,0.7398796210726702,0.0016353175335849586,2021-2023
116,Cambodia,rice,0.5377265086292456,0.47011980698961575,0.10985457965757528,0.5508884052398767,0.43715879127763185,1.107596532361468,0.4211496183587891,2021-2023
116,Cambodia,soybean,0.011063369624880437,0.0006556566444181415,0.09463870687226787,0.0005180125923327242,0.001838539941130407,1.1865642728656427,0.021742857135005917,2021-2023
116,Cambodia,wheat,0.009500434582716549,0.0108736863313577,0.00917833628181968,0.017028730877416645,0.022140407238155052,0.0,0.013744319062293125,2021-2023
120,Cameroon,maize,0.12135350180187676,0.10051495551538504,0.04952658335364773,0.1779745223637942,0.1440171410405073,0.9914004623431553,0.11867734081504222,2021-2023
120,Cameroon,rice,0.10249078779147519,0.08575211754381111,0.018444327789089065,0.08972349375346922,0.04345678387659722,0.253679858862879,0.06797350215088836,2021-2023
120,Cameroon,soybean,0.005030629602453429,0.0,0.02683306149669112,1.0450296799116335e-05,3.447074490580622e-05,1.0106243386243385,0.006381722428169895,2021-2023
120,Cameroon,wheat,0.08074368294919532,0.10568075771862058,0.023355698629450014,0.15335374303397956,0.121804144323952,0.001058358787467507,0.09698760533103948,2021-2023
124,Canada,maize,0.04219295724197373,0.02745581850162714,0.007997638357478682,0.05910597002081963,0.06329480035142526,0.8844810850650336,0.04000943689466489,2021-2023
124,Canada,rice,0.03276124654750543,0.021114729784260305,0.0022758335794913864,0.029356894661681465,0.01886336438034158,0.0,0.02087441379065603,2021-2023
124,Canada,soybean,0.008424426268724063,0.006722556108619874,0.017109677410958608,0.005080331069576643,0.014261464558793074,2.7620685778958443,0.010319691083334453,2021-2023
124,Canada,wheat,0.15241871258206743,0.14647863063844194,0.016951971177283226,0.2630720091548913,0.27652007110693555,3.2411888697271785,0.1710882789319239,2021-2023
132,Cabo Verde,maize,0.15476409486842946,0.10642321899219408,0.04665797514383224,0.20111128237235742,0.19562858799166846,0.0,0.14091703187369634,2021-2023
132,Cabo Verde,rice,0.1986620356627579,0.1343541294282418,0.018160286242674236,0.1450140128748932,0.08448099110255741,0.0,0.1161342910622249,2021-2023
132,Cabo Verde,soybean,0.059130981168916526,0.00031713551228434685,0.233453773418791,0.0001541023973707865,0.0005047897288186971,0.0,0.05871215644523627,2021-2023
132,Cabo Verde,wheat,0.12455928812832834,0.12854004179322012,0.03888962686901135,0.22034944071084872,0.21049018508647807,0.0,0.14456571651757735,2021-2023
142,Asia,maize,0.020951074610601944,0.013339540227410586,0.006338167821158167,0.025695575399851123,0.024295919690076228,0.8096995471717198,0.01812405554981961,2021-2023
142,Asia,rice,0.2523453771726443,0.16335358674262435,0.029903248621312047,0.1882328184886979,0.1065225529286294,1.0519042079364274,0.14807151679078162,2021-2023
142,Asia,soybean,0.03090166885788531,0.026866025640741847,0.10345060809209805,0.019947253635984916,0.04943084768942202,0.30499021066744064,0.046119280783226434,2021-2023
142,Asia,wheat,0.19227567801956869,0.20040369595043164,0.04077679976073822,0.27199054331802724,0.25245588732954516,0.7576352479996368,0.19158052087566219,2021-2023
143,Central Asia,maize,0.015667030520418346,0.009850579842679391,0.00401267158684677,0.01795852705061528,0.018786263956351048,0.9748303514943827,0.013255014591382166,2021-2023
143,Central Asia,rice,0.022516786794335487,0.013989500303382044,0.0020228340848216183,0.014716959069727734,0.009215494439029095,1.0821861986654147,0.012492314938259193,2021-2023
143,Central Asia,soybean,0.0029675269298618818,0.0004216639880010628,0.00959241947261776,0.00031535099958392116,0.0008683867262158878,0.9434263240417139,0.0028330696232561027,2021-2023
143,Central Asia,wheat,0.32759509301735307,0.30906406954310134,0.055907004026362526,0.43199755203469326,0.4437426257908201,1.1506507043323608,0.31366126888246604,2021-2023
144,Sri Lanka,maize,0.015127173421309656,0.012287136088052658,0.008205811307805897,0.018522064004659944,0.01652582743203828,0.6611584031809657,0.014133602450773285,2021-2023
144,Sri Lanka,rice,0.4526859462478845,0.36173952500159096,0.07462874695304067,0.3725453692643636,0.19893598619345318,0.8918877012761056,0.2921071147320666,2021-2023
144,Sri Lanka,soybean,0.0006565432795103964,0.0,0.004663317519606452,1.3099324965921356e-06,4.765623617964976e-06,0.6686507936507936,0.001065187271046281,2021-2023
144,Sri Lanka,wheat,0.10420917514019412,0.13376353342061473,0.03554066490894025,0.19202053233452795,0.16822363727545367,0.0,0.12675150861594614,2021-2023
145,Western Asia,maize,0.03628897943066096,0.02511529409581567,0.009440151519416946,0.04003104631074828,0.03775403581312536,0.3740643138692333,0.029725901433953445,2021-2023
145,Western Asia,rice,0.0651382472584189,0.04502369724367003,0.0054372506174351605,0.04500457222455858,0.025407222539929695,0.11757734221922049,0.03720219797680247,2021-2023
145,Western Asia,soybean,0.009119211569451504,0.0008010315730863988,0.03081579719651333,0.00044951136920046527,0.0011261465022593719,0.1538310977304064,0.008462339642102214,2021-2023
145,Western Asia,wheat,0.31813958995243935,0.33540261886371453,0.05674768316143041,0.46199275619668123,0.4280646888951958,0.4249975328742506,0.32006946741389225,2021-2023
150,Europe,maize,0.013450446937075316,0.00875076331463945,0.002814643240689514,0.016442523462706332,0.017695617516746306,1.0682266628957515,0.011830798894371383,2021-2023
150,Europe,rice,0.014412848769432047,0.009160374842635802,0.0011347521649085958,0.012241679157148395,0.007888355377600962,0.38531152913657746,0.00896760206234516,2021-2023
150,Europe,soybean,0.020764397722631694,0.0016008638652893203,0.055827875181772846,0.0013723980874008196,0.003922061456160228,0.5852089612380328,0.016697519262650982,2021-2023
150,Europe,wheat,0.22620957246749493,0.21610529711709883,0.03446832576931685,0.37364203881979824,0.3948893374186924,1.327744896554818,0.24906291431848024,2021-2023
151,Eastern Europe,maize,0.013376824328592607,0.008671947995108769,0.0031831996255416335,0.017654785422110745,0.018926293772611943,1.9414339158421516,0.012362610228793139,2021-2023
151,Eastern Europe,rice,0.01141255711950992,0.007225544437603859,0.0009418866294597555,0.00943577870923779,0.006062795252852207,0.4595708970360482,0.007015712429732706,2021-2023
151,Eastern Europe,soybean,0.011228563787011384,0.0004865167963235845,0.03390730930572433,0.00040815354598933645,0.0011749955248721924,1.2256297965275114,0.009441107791984166,2021-2023
151,Eastern Europe,wheat,0.25921776699008686,0.25056058701820527,0.039627199835799716,0.42735917224736236,0.45026165663063095,1.8951298671217085,0.28540527654441705,2021-2023
152,Chile,maize,0.026104271600714084,0.016054623208864454,0.0071063116810672865,0.02677362303493694,0.029565835169649692,0.20191966264242708,0.021120932939046492,2021-2023
152,Chile,rice,0.023962121079471252,0.014537882327086027,0.001991236346466132,0.01793120365329526,0.011846090186903238,0.2691824790911484,0.014053706718644383,2021-2023
152,Chile,soybean,0.04503942304877812,0.0007992470585576856,0.158903153475256,0.0006050406349769648,0.0018243386043321661,0.046803651581811066,0.041434240564380186,2021-2023
152,Chile,wheat,0.28491951317545017,0.2650646369087126,0.055908718298944976,0.42207855476765793,0.4575469022096837,0.4531242889628934,0.29710366507208985,2021-2023
154,Northern Europe,maize,0.012373345926798382,0.007918936821383128,0.0025499711035819055,0.012802852374366265,0.013978197649227024,0.03163146980185419,0.00992466077507134,2021-2023
154,Northern Europe,rice,0.018570542611488987,0.011447660836635573,0.0013196976261025577,0.015412448213371906,0.010070242204249293,0.0,0.011364118298369663,2021-2023
154,Northern Europe,soybean,0.022194549054961866,0.0005548971273937279,0.059064981543595886,0.0005629827732974957,0.0016569609256028536,0.13513671753212794,0.01680687428497037,2021-2023
154,Northern Europe,wheat,0.22129422090256912,0.19506500444560546,0.049530888602000916,0.34355122538788807,0.36815075165122363,0.9157449354138864,0.23551841819785743,2021-2023
155,Western Europe,maize,0.015815545117880955,0.010531426913303506,0.00294059669721735,0.019449316543329785,0.02132687574583299,0.722818054155951,0.014012752203512918,2021-2023
155,Western Europe,rice,0.01419010023375506,0.009200387896513057,0.0010080479652382632,0.013995377253833133,0.009184976106087032,0.02548320355674401,0.00951577789108531,2021-2023
155,Western Europe,soybean,0.029461729399982012,0.004675299018785329,0.07100339910463765,0.0038559568270253347,0.011152373759322593,0.2479800908833992,0.024029751621950583,2021-2023
155,Western Europe,wheat,0.1743779260374905,0.17224589904279566,0.022667102123706123,0.2977439633325764,0.3205190699890939,1.1264002404376383,0.1975107921051325,2021-2023
156,"China, mainland",maize,0.016636276780148968,0.009473025244235432,0.004957792168260758,0.016783132490023736,0.015361805534861835,0.9237842633734882,0.012642406443506143,2021-2023
156,"China, mainland",rice,0.24776162386721926,0.13848805132361555,0.03541273995422911,0.15803560109981,0.08657649155443346,0.9526960272516352,0.13325490155986147,2021-2023
156,"China, mainland",soybean,0.03896166279583767,0.036545190816280736,0.11772125389833983,0.02839174888594807,0.06808601694399449,0.2686549129402358,0.05794117466808015,2021-2023
156,"China, mainland",wheat,0.18000907273076358,0.17308875234235074,0.04377064811195899,0.21327176748178578,0.19163592033964452,0.8991828851212093,0.1603552322013007,2021-2023
158,"China, Taiwan Province of",maize,0.02122022698221127,0.013081194098962773,0.004067587395212204,0.028171007677721294,0.02659738420585242,0.04867041701564547,0.01862748007199199,2021-2023
158,"China, Taiwan Province of",rice,0.12957214738520606,0.0778541502686807,0.007777528995725288,0.10251002390293344,0.057909782792161864,0.9767146935413448,0.07512472666894146,2021-2023
158,"China, Taiwan Province of",soybean,0.1774063482850363,0.09320556834157119,0.39698051705528864,0.07958085506658337,0.19661107178784543,0.1523425465070315,0.188756872107265,2021-2023
158,"China, Taiwan Province of",wheat,0.12605066486574315,0.12144730036404262,0.01674596848475622,0.21444789033663433,0.1986530521960007,0.01838820382296918,0.1354689752494354,2021-2023
159,China,maize,0.016670184166342705,0.0094836886025595,0.004924076958496157,0.01688136762263252,0.015468239952084758,0.9101247112399679,0.012685511460423127,2021-2023
159,China,rice,0.24552840853542227,0.13729918987912867,0.03465775773018385,0.15697021767211594,0.08608497189653928,0.9508996011682501,0.132108109142678,2021-2023
159,China,soybean,0.04095931932199203,0.03712776781985868,0.12400600042055793,0.02889317610969357,0.06936579587486795,0.26584749002570235,0.06007041190939403,2021-2023
159,China,wheat,0.17901258699624534,0.17192933135615307,0.04316452124019087,0.21310403988209678,0.19168995770426536,0.8881556467968007,0.15978008743579028,2021-2023
170,Colombia,maize,0.1241362800370106,0.09860048275065443,0.03262691552899014,0.19285553753429052,0.19730802347741447,0.2269680237596746,0.12910544786567205,2021-2023
170,Colombia,rice,0.08497390681704342,0.06519152769084798,0.006530856112379618,0.08778458248604681,0.053752058445963535,0.9010789761234683,0.05964658631045627,2021-2023
170,Colombia,soybean,0.048178021211883915,0.0038654010686552504,0.15724802088399628,0.0030773622021830357,0.008400545775429556,0.2811864664434511,0.04415387022842961,2021-2023
170,Colombia,wheat,0.07795838569205593,0.09233838893178924,0.011722336957625925,0.16971514068314594,0.17043814322775916,0.004886295451057715,0.10443447909847525,2021-2023
174,Comoros,maize,0.06391864896136305,0.04915438844609704,0.02274090862814379,0.05905760930073162,0.05612063444763935,0.9545454545454546,0.050198437956794975,2021-2023
174,Comoros,rice,0.27681163340133347,0.20738703489617902,0.030040577357682174,0.36852222879411345,0.20950343081609915,0.0,0.21845298105308145,2021-2023
174,Comoros,soybean,0.00016501921585704033,0.0,0.0007548407314474179,2.4764738287419273e-05,6.135517424798533e-05,,0.00020119597196797257,2021-2023
174,Comoros,wheat,0.06712170690027773,0.07548690225802746,0.024348869152483684,0.10638644128174905,0.09928929330859486,0.0,0.07452664258022657,2021-2023
178,Congo,maize,0.020274744295657073,0.01602259721172107,0.006946083838091353,0.02579239648594463,0.028705052279751203,0.46559586797682034,0.019548174822233068,2021-2023
178,Congo,rice,0.05166955141159655,0.04047648105078622,0.005416904505303715,0.04736156829724927,0.031353944045838404,0.006676281313962473,0.03525568986215483,2021-2023
178,Congo,soybean,0.0009214347341315613,0.00017316357826732665,0.003846094151633649,0.00012052894801817975,0.0003570025959627651,0.0,0.0010836448016026963,2021-2023
178,Congo,wheat,0.14995541588601743,0.17763373752704806,0.039377765560020934,0.3044616990602394,0.3302869280155096,0.0,0.20034310920976708,2021-2023
180,Democratic Republic of the Congo,maize,0.08509390320985459,0.12747282874026658,0.07081211628802421,0.1481368505491861,0.165190622709348,0.9091145819390997,0.11934126429933589,2021-2023
180,Democratic Republic of the Congo,rice,0.05090979067591317,0.07458104223393873,0.012821356948836187,0.0660775315357199,0.044114610228482266,0.8458454528297471,0.04970086632457805,2021-2023
180,Democratic Republic of the Congo,soybean,0.001455033297042225,0.007434884917530751,0.00813746580758619,0.0039026284023698492,0.01138385205257206,0.9252445085778419,0.006462772895420214,2021-2023
180,Democratic Republic of the Congo,wheat,0.020680242504150403,0.045707292395398,0.013668402574809377,0.05685821716525994,0.06201221482971473,0.014382740032052838,0.03978527389386649,2021-2023
188,Costa Rica,maize,0.051984836302419436,0.03734253143950778,0.011930399220519264,0.0631442132871504,0.06940778265943671,0.008931438766407543,0.04676195258180672,2021-2023
188,Costa Rica,rice,0.13296408068343465,0.09193151821822176,0.009619759964259518,0.13271390496024546,0.0873004339739412,0.36315330890523984,0.09090593956002052,2021-2023
188,Costa Rica,soybean,0.05182791121302408,0.003924533749909355,0.15497774071626133,0.003504699861386259,0.010278238818758681,0.14564487676275154,0.04490262487186795,2021-2023
188,Costa Rica,wheat,0.11016552961755761,0.11499854435655012,0.017879336446429733,0.21412254286179075,0.23103532955905504,0.0,0.13764025656827666,2021-2023
191,Croatia,maize,0.015706539642307223,0.010501639913996065,0.0030044511926409713,0.012680468946294973,0.012925560003241661,1.6172418809693394,0.010963731939696178,2021-2023
191,Croatia,rice,0.00883212497121349,0.005387002265288013,0.0005754935813377789,0.007464303277179284,0.00455416551441238,0.0,0.005362617921886189,2021-2023
191,Croatia,soybean,0.011881944733740898,8.834214928279002e-05,0.032340353663171464,7.020385937809538e-05,0.00020619580556685424,3.485772984078069,0.00891740804222802,2021-2023
191,Croatia,wheat,0.22870376750488586,0.20010002992219814,0.05664632697411202,0.33887532117448255,0.3384731989346695,1.3491493536698025,0.2325597289020696,2021-2023
196,Cyprus,maize,0.03578982842810436,0.025957373127931865,0.009932409601668897,0.029055413502107552,0.030998331432482606,0.0,0.026346671218459055,2021-2023
196,Cyprus,rice,0.018527537042465823,0.011098743226496469,0.0013062045334210294,0.01261046592710075,0.008055212006052253,0.0,0.010319632547107264,2021-2023
196,Cyprus,soybean,0.028344825509518824,0.0003762986992183937,0.08199108150670664,0.00038483160155030385,0.0011387087818591427,0.0,0.02244714921977066,2021-2023
196,Cyprus,wheat,0.22685480652908632,0.19253335479232492,0.06402692753041293,0.3837023543546396,0.4013939219190719,0.14020085400589435,0.2537022730251072,2021-2023
199,Least Developed Countries (LDCs),maize,0.11006366534775532,0.08970831345263088,0.04891366919966994,0.136029341285935,0.12942849424539737,0.9486894137029455,0.1028286967062777,2021-2023
199,Least Developed Countries (LDCs),rice,0.23078399857994833,0.1826228003846431,0.03403117280035772,0.19514256867469118,0.1111235707940018,0.9097691603035333,0.1507408222467284,2021-2023
199,Least Developed Countries (LDCs),soybean,0.011328086788581842,0.007736902260355262,0.057801939085527915,0.005098735938944848,0.012726870698270562,0.5311172264188596,0.018938506954336087,2021-2023
199,Least Developed Countries (LDCs),wheat,0.0973092441068832,0.11852876888733178,0.02690950411144287,0.16083572669300147,0.1502010923249237,0.31631730663442187,0.1107568672247166,2021-2023
203,Czechia,maize,0.00019997138996424236,0.00017330529353146474,2.0959087860496314e-05,0.0,0.0,1.2024067779190688,7.884715427124068e-05,2021-2023
203,Czechia,rice,0.012972630815411635,0.00929015887216299,0.000795373101179211,0.011798834602519771,0.007638269657399415,0.0,0.008499053409734603,2021-2023
203,Czechia,soybean,0.017683208556738328,0.004316185025203433,0.03976804748674568,0.003481777619644281,0.009905398750728857,0.8669705850428743,0.015030923487812115,2021-2023
203,Czechia,wheat,0.16483560302335462,0.17995846703831972,0.017894839011103027,0.33443764861164577,0.35509238966824214,1.9471222274516158,0.21044378947053305,2021-2023
208,Denmark,maize,0.011719926164970392,0.007232001162554493,0.002403793629495815,0.01494711551782562,0.018872589047334683,0.1941059699862084,0.011035085104436201,2021-2023
208,Denmark,rice,0.013444990069220536,0.00806778362087737,0.0008453375896064539,0.010904687778159151,0.008246939992617957,0.0,0.008301947810096294,2021-2023
208,Denmark,soybean,0.013157534499840329,0.000527527261596867,0.03428721115966837,0.0004052751759500869,0.0013389006448693765,0.01654893158161132,0.009943289748385004,2021-2023
208,Denmark,wheat,0.16671487438510665,0.14097764414306263,0.045196983426343706,0.24338403300110908,0.30162233120744497,0.960264168107945,0.1795791732326134,2021-2023
214,Dominican Republic,maize,0.010036783686294367,0.008718062695229338,0.002259088520566984,0.0074782092947791355,0.0065078584179855846,0.046571228892204275,0.007000000522971082,2021-2023
214,Dominican Republic,rice,0.14238779557578193,0.10863626839227834,0.010695236930227475,0.1368289902983628,0.07137582382616563,0.9741493972255082,0.09398482300456325,2021-2023
214,Dominican Republic,soybean,0.08418254553057379,0.00011537428803924161,0.27118774519612243,0.0003208998889217925,0.00096574816636056,0.02902848475151436,0.07135446261400356,2021-2023
214,Dominican Republic,wheat,0.0831171507742095,0.0955463259438414,0.014750581318811724,0.18922321861394634,0.16182205537611682,0.0,0.10889186640538515,2021-2023
218,Ecuador,maize,0.057815334707445896,0.04508827888509955,0.012471940564857476,0.0897219753270649,0.10738618198869349,0.8960431753279033,0.06249674229463227,2021-2023
218,Ecuador,rice,0.16409422886235456,0.12485954015953911,0.010617052848893742,0.14628483807862727,0.10481674866252705,1.0549296474029684,0.11013448172238834,2021-2023
218,Ecuador,soybean,0.056400962129830416,0.0,0.15715169370377022,0.00012536186830382752,0.0006119017089435321,0.16600083961919207,0.042857983882169604,2021-2023
218,Ecuador,wheat,0.13225961486086432,0.1545652239577525,0.017610900493308313,0.2697026093281372,0.31696653561673227,0.004485745389537942,0.17822097685135893,2021-2023
222,El Salvador,maize,0.2641450427348379,0.18028934883500627,0.086237275649492,0.2687318857356706,0.25868021894344845,0.554287227448837,0.21161675437969105,2021-2023
222,El Salvador,rice,0.03613364679848815,0.024259458492465618,0.0035666633315178946,0.026797569490746274,0.015438798560211131,0.1184635634797176,0.021239227334685813,2021-2023
222,El Salvador,soybean,0.03749944770411035,0.008659589643744919,0.15261398477444718,0.005643296672083798,0.014259705584167162,0.1899335232668566,0.043735204875710684,2021-2023
222,El Salvador,wheat,0.10980428315928596,0.10866298206897242,0.03225812996759778,0.16402428353068735,0.15499542872741856,0.0,0.11394902149079242,2021-2023
231,Ethiopia,maize,0.18451160435603708,0.1224806643767945,0.09043373389497507,0.1818626754966626,0.16363559196117428,1.00175568927843,0.1485848540171287,2021-2023
231,Ethiopia,rice,0.024075789244346227,0.01568199798825977,0.0036052994810135187,0.017335466110679775,0.00932770602511252,0.15963338275793593,0.014005251769882359,2021-2023
231,Ethiopia,soybean,0.0023006738938118054,0.0035133322349837474,0.009983886642021255,0.0023533822661199176,0.005518873886145448,1.7836504027672422,0.004734029784616435,2021-2023
231,Ethiopia,wheat,0.1887914202283509,0.19139653926555664,0.050590832217674964,0.24186058538584643,0.21363785219494322,0.76298471987249,0.17725544585847444,2021-2023
233,Estonia,maize,0.022608999449352993,0.01383633379427336,0.004552529843823612,0.03242291640277888,0.037426329408574016,0.0,0.022169421779760574,2021-2023
233,Estonia,rice,0.00826076604253065,0.005006492862783126,0.0005760459317990084,0.007009458858809399,0.004847870461973588,0.0,0.0051401268315791546,2021-2023
233,Estonia,soybean,0.002991267779949597,0.0003299325478540027,0.007511888271979277,0.0003830630663780765,0.001167894338931976,0.0,0.002476809201018586,2021-2023
233,Estonia,wheat,0.10561638214809099,0.09996098961337078,0.03356760730732902,0.17164240129892086,0.19464319107959172,3.2514639339227043,0.12108611428946067,2021-2023
242,Fiji,maize,0.008296321010635621,0.005985871976378735,0.002353691479972533,0.010829509347581852,0.009991787101338476,0.3833333333333333,0.007491436183181444,2021-2023
242,Fiji,rice,0.12847060563980517,0.09075976522390754,0.010783042024905704,0.10303847597292896,0.05689268450192316,0.16382961989191133,0.07798891467269412,2021-2023
242,Fiji,soybean,0.07357603527005747,0.003912949249754624,0.2602832479674671,0.0035735204337653975,0.00880296925245774,0.0,0.07002974443470046,2021-2023
242,Fiji,wheat,0.14041640369587427,0.1496441263025289,0.02549246956468518,0.25603499301324256,0.23187932779998452,0.0,0.1606934640752631,2021-2023
246,Finland,maize,0.0006628219090975012,0.0004773217512883919,0.00013320654287816492,0.0,0.0,0.0,0.00025467004065281166,2021-2023
246,Finland,rice,0.017522048479321886,0.00944555878391863,0.0012508593544180383,0.016534001091490943,0.011190767238046032,0.0,0.011188646989439105,2021-2023
246,Finland,soybean,0.0013041657593545989,0.0003716915720494702,0.0034688229330943174,0.0003492773841014952,0.0010340792578999315,0.14349376114081996,0.0013056073812999626,2021-2023
246,Finland,wheat,0.19502515231718479,0.14853422703976696,0.07708089039499387,0.28192604761394596,0.31307808526365993,0.745223434306363,0.2031288805259103,2021-2023
250,France,maize,0.025588418093553725,0.016185468409049757,0.0049182579061297456,0.031540822165734846,0.03444891617163614,1.4027204622369045,0.022536376549220843,2021-2023
250,France,rice,0.018922954671352955,0.011736198248311338,0.001564288785862425,0.01303827864914584,0.00852291132992678,0.07689055351490183,0.010756926336919869,2021-2023
250,France,soybean,0.012642338889636345,0.0005114461872840755,0.03254633060216253,0.000542395037847121,0.0015858047690329527,0.6355002636759383,0.009565663097192607,2021-2023
250,France,wheat,0.20684744201616653,0.1940151135280496,0.025505059366229838,0.3306645321965787,0.3545351118001429,1.9433807878494942,0.22231345178143352,2021-2023
258,French Polynesia,maize,0.005314369453654703,0.003850851422502658,0.0008853066436406305,3.351062174693443e-05,3.4201656433334386e-05,0.0,0.002023647959595652,2021-2023
258,French Polynesia,rice,0.10624071989420904,0.05957687513026543,0.006764983100611122,0.04985073091157494,0.03010221618769032,0.0,0.050507105044870174,2021-2023
258,French Polynesia,soybean,0.0024122030469040413,0.0038551458415950358,0.0030166071640011015,0.003502310780057059,0.00923914029466869,,0.004405081425445186,2021-2023
258,French Polynesia,wheat,0.19202473414705945,0.13756980646780811,0.07321966374135959,0.3300782919992212,0.32600146481830433,0.0,0.21177879223475055,2021-2023
262,Djibouti,maize,0.002306133554724553,0.0017287918139175674,0.0008402077275284041,0.0030919274035052825,0.003004015382482461,0.0,0.0021942151764316534,2021-2023
262,Djibouti,rice,0.19205748318977275,0.14189224934163477,0.021177360183223356,0.10881469922380875,0.06318958093301642,0.0,0.10542627457429121,2021-2023
262,Djibouti,soybean,0.002056670163667803,0.0,0.009426474353178347,8.581586494505437e-05,0.00022284224593885273,0.0,0.0023583605255460115,2021-2023
262,Djibouti,wheat,0.31392960713931206,0.35433937386213205,0.08597428186710192,0.5189412861195158,0.4942955784340657,0.0,0.3534960254844255,2021-2023
266,Gabon,maize,0.05139739618414563,0.033104385757109805,0.018050029476055728,0.059068915646873964,0.056325297384934116,0.8033492822966507,0.043589204889823846,2021-2023
266,Gabon,rice,0.13601764062196828,0.08621317781937189,0.014477812816177419,0.10622843194387023,0.06068401669599712,0.014864597006166528,0.08072421597947699,2021-2023
266,Gabon,soybean,0.004163552654575934,0.0,0.019077242142904575,7.683524421593938e-06,2.9851205795624688e-05,0.8333333333333334,0.004655665905539545,2021-2023
266,Gabon,wheat,0.15913172204751783,0.1510291807739418,0.047893543556277,0.29215865050400364,0.2733662872566673,0.0,0.18471587682768154,2021-2023
268,Georgia,maize,0.06393862286534774,0.044863255664996604,0.018172049911114988,0.06569539156207842,0.06909109686092149,0.6840102461230725,0.05235208337289186,2021-2023
268,Georgia,rice,0.008832504402717491,0.0061464826196489354,0.0008551651431088622,0.006096629783026791,0.0038427885513927693,0.0,0.00515471409997897,2021-2023
268,Georgia,soybean,0.004114735454311308,0.0001874477068681177,0.014919897068595393,0.00018477097554338114,0.0005198826964148674,0.8380952380952381,0.003985346780346613,2021-2023
268,Georgia,wheat,0.32150030233622684,0.332286071383203,0.07115963131269441,0.49511379934545685,0.5112281977565468,0.1873704309265837,0.3462576004268255,2021-2023
270,Gambia,maize,0.03322210376735563,0.030379344616414238,0.01482902259576286,0.03362906262689672,0.04191174822174607,0.9495590828924162,0.030794256365635105,2021-2023
270,Gambia,rice,0.361465556354635,0.3000454148331874,0.0462240576265554,0.5715960931883242,0.4265495197896038,0.05487912753930446,0.3411761283584612,2021-2023
270,Gambia,soybean,0.00045961342572859424,0.0,0.0025125877399465265,7.844443915729946e-07,3.99396830085554e-06,,0.0005953959156735098,2021-2023
270,Gambia,wheat,0.1094385255180944,0.15697651734145435,0.035111409555758276,0.14644041020471302,0.17926603314823084,0.0,0.12544657915365018,2021-2023
276,Germany,maize,0.012667627524229173,0.008556929891759697,0.002362686354630291,0.014827538818770062,0.016438925025708147,0.5915710188681713,0.010970741523019472,2021-2023
276,Germany,rice,0.011560549121754535,0.0076099850499612084,0.0007734553179679459,0.011130311377953254,0.007385037337448255,0.0,0.007691867641017039,2021-2023
276,Germany,soybean,0.04667291011866628,0.00770203610203764,0.10952234504036489,0.006197263042945188,0.018129151470935155,0.18241326538550462,0.03764474115498983,2021-2023
276,Germany,wheat,0.15235359352437775,0.1561285821203899,0.018401116582276725,0.26825329299611766,0.2919637204843764,1.1273854164687196,0.17742006114150768,2021-2023
288,Ghana,maize,0.08677207103475877,0.08672612233787096,0.049793080425357426,0.1350395590023701,0.11355310272299944,0.9842563707097188,0.09437678710467134,2021-2023
288,Ghana,rice,0.1127579070625598,0.1035572647544493,0.01864355641619967,0.13234503591156066,0.0666133123067211,0.5109406654500609,0.0867834152902981,2021-2023
288,Ghana,soybean,0.005156125332825513,0.0001935419577815032,0.03624341220588148,0.00014196355189223387,0.00032789447314792493,1.2433336227753744,0.008412587504305732,2021-2023
288,Ghana,wheat,0.04142788040112868,0.05950766150927572,0.01273860390135139,0.1024673376110853,0.08461718883383529,0.0,0.06015173445133528,2021-2023
296,Kiribati,maize,0.00011762564757035223,7.805455818160828e-05,2.5930247633864902e-05,0.00014590518935989188,0.00010781907152945282,,9.506694285503402e-05,2021-2023
296,Kiribati,rice,0.20251353078652534,0.15083772540348275,0.0127425461074343,0.11102503899703141,0.04865145382139288,0.0,0.10515405902317335,2021-2023
296,Kiribati,soybean,0.0023055307405537777,0.008313626379696726,0.00030735309159843436,0.02487730360053257,0.047400815176384566,0.0,0.016640925797753215,2021-2023
296,Kiribati,wheat,0.11460864300779544,0.12146439055044551,0.02966026320996579,0.18419074858545018,0.1323603096311398,0.0,0.11645687099695934,2021-2023
300,Greece,maize,0.0037220154576552713,0.002381403977348044,0.0007107299910597201,0.00474252936072358,0.0042342646508081,0.6609098391103371,0.003158188687518943,2021-2023
300,Greece,rice,0.012300589077752283,0.007852250073585192,0.0009300678648107583,0.008782330904155292,0.004691383963445256,2.3496204278812978,0.0069113243767497555,2021-2023
300,Greece,soybean,0.007063486669523159,0.00021287219967597117,0.01743750254061083,7.286636501936379e-05,0.00018588262547241286,0.1422669813666622,0.004994522080060347,2021-2023
300,Greece,wheat,0.22877042365439823,0.21439825980450009,0.035472074687289114,0.35348473696446253,0.3099768555144005,0.6092347207123342,0.2284204701250101,2021-2023
308,Grenada,maize,0.02124892191804544,0.01476745080610786,0.004553730682558852,0.013126339753835389,0.012209901053714398,0.0,0.013181268842852386,2021-2023
308,Grenada,rice,0.036348942413452164,0.02216503157112835,0.005066984230303208,0.027699874969979454,0.015521582989948284,0.0,0.021360483234962292,2021-2023
308,Grenada,soybean,0.026846189415691918,0.00030185052468471066,0.07408583993686646,0.00033554592625656903,0.0008840331241335926,,0.02049069178552665,2021-2023
308,Grenada,wheat,0.12233562289662751,0.08990826135184819,0.0521928634299896,0.21818745725974956,0.20039804027388755,0.0,0.13660444904242047,2021-2023
320,Guatemala,maize,0.27468577611809025,0.2202736793644873,0.08927164600966153,0.3311004822507941,0.3214616887913833,0.5541360626277299,0.24735865450688327,2021-2023
320,Guatemala,rice,0.023259134261739884,0.01837554200292763,0.002373740387231238,0.018892869642440937,0.01099594660311888,0.19573743475884978,0.014779446579491715,2021-2023
320,Guatemala,soybean,0.05098792394368806,0.0012201629917198765,0.21656058447625015,0.0009335265858734437,0.002508056346497907,0.3182435509255191,0.054442050868805894,2021-2023
320,Guatemala,wheat,0.10202045354882124,0.11965362106149713,0.024843994636799607,0.17311419302913753,0.16508354768547687,0.0,0.11694316199234647,2021-2023
324,Guinea,maize,0.030965406522982002,0.032297622391862985,0.012014651575005404,0.04745096534829237,0.053081829358279965,1.000985070198978,0.035162095039284545,2021-2023
324,Guinea,rice,0.3311684981202329,0.3392766352379035,0.03939342987837589,0.37974041001464687,0.2542948055378571,0.7008920256939679,0.26877475575780324,2021-2023
324,Guinea,soybean,0.0003105110971689565,0.0,0.001577532689808778,7.647129801280488e-07,3.4915130600026964e-06,0.0,0.000378460002603573,2021-2023
324,Guinea,wheat,0.04876117813344847,0.07610511935096292,0.013810013200441671,0.11317820198113643,0.12429173417555889,0.0,0.07522924936830967,2021-2023
328,Guyana,maize,0.0073389268160004364,0.004993241870849839,0.0025519149182586863,0.004385412384521426,0.0032729538039314044,0.08395061728395063,0.004508489958712359,2021-2023
328,Guyana,rice,0.18073289835422013,0.10919276932444359,0.021520818161053296,0.11726153689881856,0.05238017046785313,3.0264980666716164,0.09621763864127775,2021-2023
328,Guyana,soybean,0.0096442663624219,0.0009144336034428569,0.046201583304022874,0.0006318895413576654,0.001252990036445599,0.0,0.011729032569538179,2021-2023
328,Guyana,wheat,0.13201184230936688,0.10836906216759473,0.06980675860416265,0.21595448093732017,0.15821059198313883,0.0,0.13687054720031663,2021-2023
332,Haiti,maize,0.09697433540709811,0.09206528434875032,0.045316395989083345,0.12539659602370468,0.12671427360844625,0.6590796927812675,0.09729337707541655,2021-2023
332,Haiti,rice,0.2417124831664611,0.21274898109100104,0.031033170916727,0.2229003385029448,0.1349493725306946,0.1646081265333246,0.1686688692415657,2021-2023
332,Haiti,soybean,0.02567040427647077,0.0,0.13849227722674487,0.0001461592222076989,0.00046786034576061503,0.0,0.03295534021423679,2021-2023
332,Haiti,wheat,0.1458538324130119,0.1918689180312718,0.054200734363738366,0.2944099919740832,0.2922059823207564,0.0,0.1957078918205723,2021-2023
340,Honduras,maize,0.2810084657677417,0.24351170837124902,0.07140100742910904,0.38535075041382943,0.36505772345770543,0.4391593752514018,0.26926593108792696,2021-2023
340,Honduras,rice,0.04595546197784014,0.03918124573506142,0.0036642755913872485,0.04789049696176115,0.0271552750807882,0.19275681275681275,0.032769351069367625,2021-2023
340,Honduras,soybean,0.006749730315718412,0.0009003239551528155,0.021806017515307193,0.0008514905449050246,0.002127603650569776,0.19528619528619529,0.006487033196330644,2021-2023
340,Honduras,wheat,0.08145931461773644,0.1021602324844834,0.018276383868030068,0.1590560714200466,0.14795647607571868,0.002541214928517189,0.10178169569320303,2021-2023
344,"China, Hong Kong SAR",maize,0.011159609970787293,0.0039045704142133242,0.0014989763346270311,0.011477590477367799,0.012272952259358557,0.0,0.008062739891270801,2021-2023
344,"China, Hong Kong SAR",rice,0.11740636272334282,0.055593063394620196,0.007773290368726139,0.07452142869732237,0.04763293785040307,0.0,0.060585416606882915,2021-2023
344,"China, Hong Kong SAR",soybean,0.057193635355373786,0.01615537903810686,0.1457602968019789,0.014314434077463958,0.040115541253475724,0.0,0.05470785730527985,2021-2023
344,"China, Hong Kong SAR",wheat,0.12775683908976343,0.07919727500262384,0.04511824511740675,0.17106362350697832,0.1792095686215908,0.0,0.12046911026767262,2021-2023
348,Hungary,maize,0.002119246541346203,0.002125003800637297,0.0002982750751780277,0.0,0.0,1.1250614702307815,0.0009085050834323055,2021-2023
348,Hungary,rice,0.012054401478261428,0.009221843755129739,0.0007029294246245899,0.01105828508359521,0.0073181592554668546,0.13393331814384446,0.008071123799415564,2021-2023
348,Hungary,soybean,0.006493705750764345,0.00010803100014800137,0.015973267267552733,0.0001352441455997136,0.0004139590592412536,0.9206720672067207,0.004624841444661209,2021-2023
348,Hungary,wheat,0.24850089095283812,0.2817487062731261,0.04202493617164979,0.49688579214625084,0.5394640322268205,1.6719232990784956,0.3217248715541371,2021-2023
352,Iceland,maize,0.009947439571175816,0.009100482592327245,0.0026965351960934977,0.0,0.0,0.0,0.0043488914719193115,2021-2023
352,Iceland,rice,0.011534708728396063,0.005740284419311819,0.0007409537653515998,0.006699584930450644,0.0041065661657286165,0.0,0.005764419601847749,2021-2023
352,Iceland,soybean,0.0265447120530851,0.0006186120746150799,0.06632324334888712,0.000695070836333672,0.0019186962129250022,0.0,0.019220066905169194,2021-2023
352,Iceland,wheat,0.17841696424223807,0.1186679116845077,0.08416428283310702,0.3382465001110089,0.3400972429195164,0.0,0.2119185803580756,2021-2023
356,India,maize,0.0176771439688173,0.013420146391539331,0.006082681533483407,0.02268593731430012,0.020916371317008506,1.1542080082261255,0.016156456105029735,2021-2023
356,India,rice,0.24714735863458714,0.1798170199888215,0.026591532993045314,0.20882834674702222,0.11524752066095327,1.1948539892862249,0.15552635580488589,2021-2023
356,India,soybean,0.020813145981829623,0.0022866996874075893,0.09314716822264378,0.0017124085037395764,0.004187123319506925,0.8157807117182515,0.024429309143025497,2021-2023
356,India,wheat,0.2109690798487359,0.2381484256484463,0.040508485830907846,0.32572051981379946,0.29481291222336076,1.0072482664314355,0.22203188467305007,2021-2023
360,Indonesia,maize,0.0019193779043779572,0.001456460451142662,0.0006325086081093741,0.003353528974190804,0.0031393378715014555,1.1192158074251826,0.0021002427618644504,2021-2023
360,Indonesia,rice,0.3852093050714451,0.295175294035744,0.05055396317971652,0.3627023585875086,0.203248901368317,0.955058128555167,0.2593779644485462,2021-2023
360,Indonesia,soybean,0.03781214237117842,0.11489896928303568,0.06915799062653653,0.08514058144241506,0.20867466662113687,0.10046749996395148,0.10313687006886049,2021-2023
360,Indonesia,wheat,0.08106999376852712,0.09897645770919157,0.016435946243529984,0.15979525276791648,0.1467630282082467,0.0,0.10060813573948238,2021-2023
364,Iran (Islamic Republic of),maize,0.007529708774871582,0.00547561513527418,0.0022624295438951874,0.00834117063138829,0.008210706726448894,0.05439199704407205,0.0063639261623756275,2021-2023
364,Iran (Islamic Republic of),rice,0.07524204966626251,0.05447298177028114,0.006959990273591611,0.05937257295143367,0.0349688952798369,0.6717893199845862,0.04620329798828117,2021-2023
364,Iran (Islamic Republic of),soybean,0.0559617218735213,0.0,0.22286522088336938,9.86409343021362e-05,0.0003957981319132333,0.18464146702329073,0.05586427636462121,2021-2023
364,Iran (Islamic Republic of),wheat,0.42259810738484854,0.47076309549832834,0.08134289952023853,0.620635698699723,0.5994351026154026,0.7936031218594156,0.4389549807437082,2021-2023
368,Iraq,maize,0.005721980619115229,0.004488762699498629,0.002099892301925342,0.006469102251335662,0.006296290235952862,0.3292386503091638,0.005015205621565545,2021-2023
368,Iraq,rice,0.16680564995341948,0.12953409360369958,0.018593523592430463,0.12757310924470508,0.07428709144889616,0.06325248173252188,0.10335869356863014,2021-2023
368,Iraq,soybean,0.013951034010758588,0.0,0.06627094756731877,2.5393416758656667e-05,0.00010063321881715198,0.07346885807080676,0.016069601642730632,2021-2023
368,Iraq,wheat,0.3809040451389703,0.44463681371216707,0.10099144501452144,0.5599764084487306,0.5357831595679944,0.5019228371065995,0.40445837437647675,2021-2023
372,Ireland,maize,0.03233409677921103,0.02101094690765418,0.006339738388656387,0.024023735738723895,0.028375824924241535,0.0,0.022416868547697408,2021-2023
372,Ireland,rice,0.01115005456300186,0.006551506080329602,0.000828838451951444,0.008737599933396255,0.006211736711865084,0.0,0.00669594714810885,2021-2023
372,Ireland,soybean,0.019835227382488874,0.0006067615063891225,0.054497469333366265,0.0007114089328467754,0.002259677268725169,0.029311603429250488,0.01558210888476324,2021-2023
372,Ireland,wheat,0.15731730300098415,0.13399473390341624,0.028449986628964252,0.25479604828659735,0.29547796579602664,0.2247727446539695,0.1740072075231977,2021-2023
376,Israel,maize,0.023864240415677012,0.00768016287601008,0.0024243297427938367,0.029062025666203636,0.03073338697342155,0.019295197475272353,0.018752829134821222,2021-2023
376,Israel,rice,0.04843745767226424,0.028042607620655514,0.00300279066387746,0.0310479858582705,0.019655313845203224,0.0,0.026037231132054188,2021-2023
376,Israel,soybean,0.03470944493520333,0.0016769190243271538,0.09001994494497452,0.0006333053718058155,0.0018336403414618522,0.1535122009002606,0.02577465092355453,2021-2023
376,Israel,wheat,0.21397895611484485,0.1936703779007627,0.029875497859294928,0.3129721524160009,0.32495517419936876,0.07541271758275218,0.21509043169805442,2021-2023
380,Italy,maize,0.006232536465420539,0.004188258325212808,0.0012278723910318149,0.007942520899295253,0.008373163988106615,0.4297172451903941,0.005592870413813405,2021-2023
380,Italy,rice,0.016288365561365255,0.010786547105730558,0.0013319914090420912,0.011729302917902992,0.0074005634867605015,1.806201260537689,0.00950735409616028,2021-2023
380,Italy,soybean,0.03438396146184269,0.0002581696035762794,0.08854863903541453,0.0003157037742155103,0.0009664477464586726,0.4010585038900456,0.024894584324301534,2021-2023
380,Italy,wheat,0.25303809825504153,0.2533011357832282,0.029552719376716042,0.4366509663014899,0.45187205932641716,0.6494246562032101,0.28488299580857857,2021-2023
384,CÃ´te d'Ivoire,maize,0.061689774216314185,0.05688276944627844,0.02861982452085966,0.08753236688457185,0.07749191146307881,1.0544783072119557,0.06244332930622058,2021-2023
384,CÃ´te d'Ivoire,rice,0.23477944930816463,0.22270757641910235,0.057834692376959394,0.23382408397286492,0.12386124574248442,0.40278375166926117,0.17460140956391515,2021-2023
384,CÃ´te d'Ivoire,soybean,0.0001625245721362972,0.00020519134092541295,0.0007361497467804572,0.0001266478128151972,0.00029237987782592583,0.1111111111111111,0.0003045786700966581,2021-2023
384,CÃ´te d'Ivoire,wheat,0.05903481236066203,0.07700099463332001,0.03258565995290258,0.11194460431225713,0.09725426865018198,0.0,0.07556406798186474,2021-2023
388,Jamaica,maize,0.038696803251054304,0.02602940895972772,0.010837548806881661,0.04737228015402308,0.04392205764161,0.004137445768341248,0.03337161976265936,2021-2023
388,Jamaica,rice,0.08307297429524145,0.054101265383542894,0.008715782070473426,0.06963735923464827,0.038644422703147184,0.0,0.05083436073741064,2021-2023
388,Jamaica,soybean,0.043794118016149186,0.00014581937623867283,0.163267961051743,0.0001570879343717146,0.0004842545721584697,0.0,0.04156984819013221,2021-2023
388,Jamaica,wheat,0.17803672999744624,0.17356494385307641,0.03641879436255582,0.3050956777630653,0.27770122500402056,0.0,0.19416347419603283,2021-2023
398,Kazakhstan,maize,0.0029764251547011737,0.0019279456294129995,0.0006607820189406992,0.003375357407784095,0.003320278375811591,1.0453855407298667,0.0024521577173301115,2021-2023
398,Kazakhstan,rice,0.019336570075934843,0.012341339013002196,0.001985132765630664,0.0146459068162037,0.008620215909691467,1.6554663882908158,0.011385832916092575,2021-2023
398,Kazakhstan,soybean,0.004918972759242004,0.00016234767653928596,0.01409927712206935,0.00021174928545659747,0.000550217380889463,1.1355010740011344,0.0039885128448393405,2021-2023
398,Kazakhstan,wheat,0.2303415262365671,0.21758641894043698,0.03802723146662255,0.31993342073529174,0.309445864936614,2.377694022251817,0.22306689246310646,2021-2023
400,Jordan,maize,0.005916545547080585,0.004254729263664888,0.0013342335485506509,0.006086656547118186,0.005793564368226684,0.0,0.004677145854928199,2021-2023
400,Jordan,rice,0.0743113630703942,0.0539469485406833,0.005806364227628587,0.04458869231392707,0.02542182128280625,0.0,0.04081503788708788,2021-2023
400,Jordan,soybean,0.04822417026420101,0.015304795613200044,0.15260050037207987,0.010461196180205037,0.026118039309640118,0.03133903133903134,0.05054174034786522,2021-2023
400,Jordan,wheat,0.3155848305372984,0.35357639679033426,0.050462436706596704,0.4744128885618421,0.44340042538110813,0.021688970558385912,0.32748739559543594,2021-2023
404,Kenya,maize,0.2407614544083224,0.19103729393230365,0.08687791283127948,0.29607373065687365,0.2630686959136153,0.8428402280109809,0.21556381754847886,2021-2023
404,Kenya,rice,0.07096064576295129,0.05535189202461956,0.00773969397423424,0.06225354906065342,0.03307613941529067,0.14576369120948698,0.04587638404754983,2021-2023
404,Kenya,soybean,0.0020728725718059024,0.0021991771835515174,0.007993509959666986,0.0014780113713814193,0.003424878573788244,0.3960097873141351,0.0034336899320388144,2021-2023
404,Kenya,wheat,0.10506799594359428,0.11903578142196265,0.05342388921292857,0.18717025033370416,0.16349526969792502,0.16175375246605614,0.12563863732202293,2021-2023
410,Republic of Korea,maize,0.030070174261833813,0.005604606661624757,0.0020063613647293053,0.04832210315535782,0.045815934150627236,0.007642064922398703,0.026363835918834587,2021-2023
410,Republic of Korea,rice,0.17115922194925637,0.11041279991488306,0.014409438974558922,0.1116698299986248,0.06337593025999669,0.930155717799123,0.09420544421946397,2021-2023
410,Republic of Korea,soybean,0.09765728828623944,0.04243662938760162,0.26541538173106577,0.03656532158627964,0.09096023033465322,0.1620973119039272,0.10660697026516792,2021-2023
410,Republic of Korea,wheat,0.1162718119890065,0.1216094088907042,0.017946560894181212,0.1805382478248788,0.1680556686912729,0.0068792637658649574,0.12088433965800871,2021-2023
414,Kuwait,maize,0.012344070287606854,0.008367171191737834,0.002963785477633515,0.011244702122847653,0.011261820727045674,0.12885985038328396,0.009236309961374306,2021-2023
414,Kuwait,rice,0.1395861732057374,0.09113491173904685,0.010330295790836537,0.09269500469345526,0.05558544955954294,0.0,0.0778663669977238,2021-2023
414,Kuwait,soybean,0.025600367459875237,0.00039341662741947694,0.08096876225371674,0.00039024825262383753,0.0010816828637468807,0.0,0.021686895491476434,2021-2023
414,Kuwait,wheat,0.22386589374159008,0.21546955698984202,0.04993281203543654,0.33702777926841837,0.33148106810170685,0.0,0.23155542202739876,2021-2023
417,Kyrgyzstan,maize,0.07262203098711711,0.044178550327639066,0.020796563051593334,0.07848366325197081,0.08134908488643491,1.0375082790823928,0.05948597850095105,2021-2023
417,Kyrgyzstan,rice,0.018813120868485675,0.011241635591993976,0.001628494546289349,0.01220419846157284,0.007569754939353887,0.739019660894661,0.010291440881539144,2021-2023
417,Kyrgyzstan,soybean,6.898438211930381e-05,0.0001807881970208353,0.0,0.00019220869732015195,0.0005218151064828118,0.75,0.00019275927658862058,2021-2023
417,Kyrgyzstan,wheat,0.2870615160746252,0.257130753593831,0.06620799154730823,0.3832868899212298,0.3901769190072386,0.44837164368795607,0.27677281402884657,2021-2023
418,Lao People's Democratic Republic,maize,0.01838384270141986,0.01486532966962545,0.011523417819259162,0.022315172060011292,0.02473645702170588,1.4314872435766246,0.018364843854404327,2021-2023
418,Lao People's Democratic Republic,rice,0.4491267974478046,0.3557991237353537,0.08719385828751902,0.3816858954668431,0.25317747348841446,0.9988616156689293,0.305396629685187,2021-2023
418,Lao People's Democratic Republic,soybean,0.0029701735957350177,0.006148562161589336,0.014831732165775768,0.004417807156278065,0.012810551547192427,1.1075757575757577,0.008235765325314124,2021-2023
418,Lao People's Democratic Republic,wheat,0.009809351821441733,0.008986470931999864,0.01664216397221102,0.03204719378985802,0.03486987535851094,0.0,0.020471011174804314,2021-2023
422,Lebanon,maize,0.006334239371940345,0.00477373934341111,0.001694711815166581,0.007441007733909423,0.006993967016878249,0.006955864052638247,0.005447533056261142,2021-2023
422,Lebanon,rice,0.033323133769955014,0.0241497750715949,0.002689060098732488,0.023538346404731847,0.013222627359626387,0.0,0.019384588540928126,2021-2023
422,Lebanon,soybean,0.0488786707576365,0.00025114906373784106,0.16990744759469675,0.00026896289616516695,0.0007668225041193099,0.2098322738348369,0.04401461056327111,2021-2023
422,Lebanon,wheat,0.327951120321005,0.3715617102299768,0.06693801583893867,0.4905081866352397,0.45214266166447653,0.16493495567549746,0.34182033893792735,2021-2023
426,Lesotho,maize,0.45763435627210564,0.35468731290572236,0.18543875491263914,0.48432733902821634,0.47178540872553726,0.4207774025577253,0.3907746343688442,2021-2023
426,Lesotho,rice,0.02026788820611175,0.015506129759150824,0.0029760540580182748,0.02271867916583115,0.013240368191158059,0.0,0.014941823876054014,2021-2023
426,Lesotho,soybean,0.006887414849869311,0.0005368454078022487,0.03481569026022945,0.0007368014585869228,0.0019004045101635662,0.0,0.0089754312973303,2021-2023
426,Lesotho,wheat,0.11525067583250215,0.13375096520640958,0.035898177935350765,0.17071040814361646,0.16330002292770307,0.061387264457439895,0.12378205000911639,2021-2023
428,Latvia,maize,0.0038440531366312706,0.004902693332395662,0.0014084828926849877,0.025906485846673474,0.028150445785493985,0.0,0.012842432198775877,2021-2023
428,Latvia,rice,0.007350685675164732,0.004586463346869971,0.00047025927593383974,0.005796470548630366,0.0037365037686363767,0.0,0.0043880765230470565,2021-2023
428,Latvia,soybean,0.0002864863782804168,0.0003726370309318612,0.00042932031814895154,0.00038103099410274134,0.0010746474270913941,0.0,0.0005088244297110731,2021-2023
428,Latvia,wheat,0.1599870628751099,0.14664814036443363,0.021713256049892087,0.2636671771444559,0.2789080464913518,4.232746839666874,0.17418473658504868,2021-2023
430,Liberia,maize,0.0009557226323628241,0.001029622635227614,0.00039602414008884317,0.001214894000419298,0.0015059275041165244,0.0,0.0010204381824430206,2021-2023
430,Liberia,rice,0.5016155116830391,0.48823277820462474,0.10026726689124345,0.48068556062443246,0.3571519374246918,0.2805518763726737,0.3855906109656063,2021-2023
430,Liberia,soybean,0.0028404654864367736,0.010792691104183788,0.007152081939679956,0.00686870949201472,0.022322007371216996,0.8333333333333334,0.009995191078706448,2021-2023
430,Liberia,wheat,0.018711996607600236,0.024918745217379887,0.01129689947871832,0.05275762476028215,0.06428740834886788,0.0,0.034394534882569695,2021-2023
432,Land Locked Developing Countries (LLDCs),maize,0.1393843236063271,0.09809575058818226,0.050690525254410444,0.14836094299760874,0.1365896227605866,1.0178284629503085,0.11462423304142304,2021-2023
432,Land Locked Developing Countries (LLDCs),rice,0.07053552328675457,0.04904027548874449,0.009302267611148227,0.05190093081285819,0.028601465421103978,0.7696612606155927,0.04187609252412189,2021-2023
432,Land Locked Developing Countries (LLDCs),soybean,0.01117240396166525,0.006096410184011819,0.04709459091318993,0.00399081023428417,0.009640101210070291,1.684826849679946,0.015598863300644295,2021-2023
432,Land Locked Developing Countries (LLDCs),wheat,0.17482565221993496,0.18341404287396942,0.04003324248041712,0.2507046015352043,0.22658749085226315,0.8525907940241438,0.1751130059923578,2021-2023
434,Libya,maize,0.006905502512815084,0.004081104545330332,0.0011686443247535894,0.006744256532273296,0.006147024321706144,0.007055178203156845,0.005009306447375688,2021-2023
434,Libya,rice,0.04476285065359351,0.030611311951983373,0.006012053064015039,0.023647715502696787,0.01295981961372332,0.02040816326530612,0.023598750157202406,2021-2023
434,Libya,soybean,0.01255369936095732,0.00010852861033015987,0.03814366867222347,1.2683241267409058e-05,4.7241674492882916e-05,0.0,0.010173164311854247,2021-2023
434,Libya,wheat,0.28207045322206226,0.2816121753313498,0.05119392947599879,0.4080923126082115,0.36463250772552813,0.1313401220330691,0.2775202756726301,2021-2023
440,Lithuania,maize,0.011056903515999505,0.007503441214961122,0.003011212096322193,0.014469747175171114,0.016560665398555035,0.5816737832071834,0.010520393880201795,2021-2023
440,Lithuania,rice,0.010332231006661056,0.005614774367734859,0.000814362415064982,0.011580843182375032,0.007912381594415445,0.0,0.007250918513250275,2021-2023
440,Lithuania,soybean,0.02520213313441956,0.0002652058446288244,0.07395530711028969,0.0003449954724747282,0.0011062053645577395,0.2272727272727273,0.020174769385274106,2021-2023
440,Lithuania,wheat,0.19936558323862166,0.16096492552312866,0.02992937707434679,0.3049364950322895,0.34150904376392727,4.22039747785564,0.20734108492646275,2021-2023
442,Luxembourg,maize,0.0008459768794651827,0.0005316822069769798,0.00017638245673901108,0.0008706648540254257,0.0009014413222952746,0.07037037037037037,0.0006652295439003748,2021-2023
442,Luxembourg,rice,0.01595657665178928,0.00975598532866711,0.0016105757040824665,0.010207025227481374,0.00632336167875051,0.0,0.008770704918154149,2021-2023
442,Luxembourg,soybean,0.004620631880408974,0.0003631075226878236,0.01323441447992497,0.00031357775551554796,0.0008551351610077534,,0.0038773733599090135,2021-2023
442,Luxembourg,wheat,0.24156023779324634,0.18406787960778803,0.08230156992809916,0.346181538380826,0.3517381662839559,0.6295894047726792,0.24116987839878307,2021-2023
446,"China, Macao SAR",maize,0.0014464597745318074,0.0002913905385638367,8.173907416647994e-05,0.0016371990307161657,0.0016062948866568246,,0.0010126166609270228,2021-2023
446,"China, Macao SAR",rice,0.15701265418988664,0.0825143263219217,0.010560786123677182,0.06482120617975391,0.03802199769107784,0.0,0.07058619410126345,2021-2023
446,"China, Macao SAR",soybean,0.06947446526308586,0.012043672140947238,0.17361141117509912,0.011014676622081963,0.0284071449664674,0.0,0.05891027403353631,2021-2023
446,"China, Macao SAR",wheat,0.12285252054108259,0.07830420051486923,0.055632718114870645,0.2464526299806278,0.2372510539311228,0.0,0.14809862461651463,2021-2023
450,Madagascar,maize,0.028125129013473932,0.029651830904407,0.022450113458946177,0.056391349062278766,0.07177451547214403,0.9720094035472728,0.04167858758224998,2021-2023
450,Madagascar,rice,0.5722205489664083,0.6267143289412388,0.3016187860255159,0.5718859594610298,0.435753888440553,0.850663750095606,0.5016387023669492,2021-2023
450,Madagascar,soybean,0.015873181938664414,0.0,0.1591343543716863,4.454349272476186e-05,0.00023125685777721666,0.0,0.03505666733217054,2021-2023
450,Madagascar,wheat,0.040831500333301435,0.0655169086912896,0.019853453895406718,0.10419936119102581,0.13027614204387963,0.0038542209601172147,0.07213547323098064,2021-2023
454,Malawi,maize,0.4434124021141812,0.36549360092412275,0.21993576046341742,0.5127199575245589,0.45959391927399124,1.006997911808858,0.40023112806005423,2021-2023
454,Malawi,rice,0.015654997981160063,0.012702666981407491,0.002297428034524369,0.012315143538392583,0.006607382177810736,0.9779257298856403,0.009915523742659048,2021-2023
454,Malawi,soybean,0.015301902327381869,0.021257050987738935,0.07588077045585562,0.012747198881557181,0.02993210910769123,1.0979914106421595,0.031023806352044964,2021-2023
454,Malawi,wheat,0.012840482603567502,0.01583262281045254,0.004375356235414335,0.02163948418682807,0.019050234795573693,0.011181862926048973,0.014747636126367227,2021-2023
458,Malaysia,maize,0.027353808882299,0.019765577308262283,0.007782000327962166,0.03781675722863164,0.03559286545819803,0.0058039362563619785,0.025662201841070625,2021-2023
458,Malaysia,rice,0.23919601811592006,0.1552483035468124,0.018440066526067396,0.20516255773073722,0.11574610010287373,0.5385713330972274,0.14675860920448214,2021-2023
458,Malaysia,soybean,0.026029348209167066,0.019988576953632143,0.06479468638292611,0.021707988076236997,0.053612929279614856,0.13699194131405468,0.037226705780315436,2021-2023
458,Malaysia,wheat,0.10023402045899081,0.09747253461917667,0.016678176402428156,0.169600174274226,0.15700703108690062,0.015507236421870555,0.10819838736834445,2021-2023
462,Maldives,maize,0.009447075083804763,0.0063460819916241,0.002517812697408832,0.003966075205696655,0.0036234510757999507,0.0,0.005180099210866861,2021-2023
462,Maldives,rice,0.184829139525193,0.10119319461261794,0.016599445381042768,0.0843482709898591,0.0461821057759726,0.0,0.08663043125693708,2021-2023
462,Maldives,soybean,0.007501099983832881,0.0014831134807112214,0.02682248123083361,0.0015711743462791105,0.003774042501825206,,0.008230382308696407,2021-2023
462,Maldives,wheat,0.18768073490060247,0.15052406574305918,0.056462630452585615,0.3130061790212646,0.2810600130605379,0.0,0.19774672463560994,2021-2023
470,Malta,maize,0.04358497080495463,0.030742450339931365,0.009524598817718983,0.039388409487886064,0.04054439303018414,0.0,0.032756964496135035,2021-2023
470,Malta,rice,0.021776627816432827,0.014447035773047201,0.0015530707853915766,0.01444702201513586,0.00889335359123096,0.0,0.012223421996247685,2021-2023
470,Malta,soybean,0.03601855995585548,0.00048226587350433067,0.10648958042695834,0.0003735431086305632,0.0010728218556437037,0.0,0.02888735424411848,2021-2023
470,Malta,wheat,0.26304142225271226,0.24530802306842056,0.08037174110810695,0.4352321680901307,0.43962912815656985,0.0,0.29271649653518805,2021-2023
478,Mauritania,maize,0.02167304897268882,0.017500717774100644,0.008859109550713538,0.02177198509548839,0.023656989444004333,0.35645079041305455,0.018692370167399143,2021-2023
478,Mauritania,rice,0.16236550755904658,0.11388215412024931,0.017902296737756288,0.1367991473213331,0.08911505801507967,0.9571042556366809,0.104012832750693,2021-2023
478,Mauritania,soybean,0.041760264533258505,0.0,0.1970034170827676,7.099476190364536e-05,0.00031534736708775706,0.0,0.04783000474900351,2021-2023
478,Mauritania,wheat,0.2948321425192753,0.3148286613449213,0.07577496554834807,0.4522283760908214,0.4831389592261099,0.00588467787636317,0.3241606209458952,2021-2023
480,Mauritius,maize,0.010280197757923666,0.006978363134756404,0.0024574361602306334,0.00874304748375402,0.008875231484263892,0.013934550298186662,0.0074668552041857236,2021-2023
480,Mauritius,rice,0.1116329111849188,0.0714124776387917,0.008511841520708434,0.10261491995762373,0.062371107874532816,0.0,0.0713086516353151,2021-2023
480,Mauritius,soybean,0.10444814561448341,0.0027634401223041775,0.336462243833658,0.0021121817777853473,0.005847068937372658,0.0,0.09032661605712071,2021-2023
480,Mauritius,wheat,0.2711590983829128,0.2572065685903259,0.061597833112375044,0.4329480270724054,0.4315211681857689,0.0,0.2908865390687576,2021-2023
484,Mexico,maize,0.30915442039869423,0.2094771762952979,0.07949848830939753,0.3796854485224155,0.39800474534227676,0.6188659046309679,0.2751640557736164,2021-2023
484,Mexico,rice,0.01710556175858111,0.011502699687179376,0.0013319220018778754,0.012850013353279987,0.008062812039877503,0.21679506983725072,0.010170601768159171,2021-2023
484,Mexico,soybean,0.058041016223778545,0.00036916118985979245,0.19602915609937224,0.00021119874889986498,0.000692270723511328,0.157867811253131,0.051068560597084346,2021-2023
484,Mexico,wheat,0.0718219922601644,0.07415442007403515,0.0110597567396392,0.1319036591977071,0.13575272934878907,0.5408384937844639,0.08493851152406698,2021-2023
496,Mongolia,maize,0.002610488653325639,0.0015822121215341735,0.0007644583360204245,0.0017625727374539994,0.002202021559617811,0.0,0.0017843506815904092,2021-2023
496,Mongolia,rice,0.04540655532148253,0.021533103568233486,0.002843747219172004,0.02229242035564293,0.01671153167919145,0.0,0.02175747162874448,2021-2023
496,Mongolia,soybean,0.013666261657581317,0.0007024839036266824,0.03539556584442751,0.0005655240277799379,0.0018784538543704392,0.0,0.010441657857557176,2021-2023
496,Mongolia,wheat,0.24003504471783768,0.15701917968159884,0.07805944445118541,0.2509856000538913,0.30852747030228905,0.7355325148584256,0.20692534784136046,2021-2023
498,Republic of Moldova,maize,0.03252937075480652,0.020774857539432284,0.008642022900930088,0.038790009361365556,0.036502248723397517,1.7168694043779513,0.027447701855986394,2021-2023
498,Republic of Moldova,rice,0.011501384989084781,0.007657630817978524,0.0010020462170202843,0.009461303114116434,0.005334846672854252,0.0,0.006991442362210856,2021-2023
498,Republic of Moldova,soybean,7.935712526699623e-05,0.00029260010126468686,0.0,0.00026219706139534365,0.0006463228657769851,2.086050724637681,0.0002560954307408023,2021-2023
498,Republic of Moldova,wheat,0.2608475780271575,0.2678972953982999,0.08909388100592043,0.4928528662665809,0.4557122520602587,2.0350157153335506,0.3132807745516435,2021-2023
499,Montenegro,maize,0.010774018769597883,0.007483970907186595,0.0024117988514076225,0.005993226771217019,0.006932529692157602,0.03814994844601561,0.006719108998313345,2021-2023
499,Montenegro,rice,0.006882966606922561,0.003963778233870626,0.0006073035370236031,0.0038697871290715885,0.0026778025503615445,0.0,0.003600327611449984,2021-2023
499,Montenegro,soybean,2.7185072191213976e-05,7.530105602903634e-05,0.0,5.926018212248981e-05,0.00017923616368018558,0.0,6.819649480458515e-05,2021-2023
499,Montenegro,wheat,0.2888383628286931,0.22577580173834447,0.09093542672695666,0.4421837129300299,0.5018641948879735,0.010831669655199069,0.3099194998223996,2021-2023
504,Morocco,maize,0.09253606555011518,0.06480667923686657,0.0347267137107979,0.1057998317774448,0.09996870606199837,0.019001980627620773,0.07956759926744456,2021-2023
504,Morocco,rice,0.006571635929755762,0.004424361542908226,0.0008792660869093396,0.004241417065945868,0.0023941453092080826,0.3910743060198189,0.003702165186945455,2021-2023
504,Morocco,soybean,0.04699170282826312,0.00010202352584258619,0.2303768930394459,0.00010516187153947924,0.0003536706984073892,0.013912616672104658,0.0555858903926997,2021-2023
504,Morocco,wheat,0.40660222363237336,0.43318464147129965,0.08798831371107578,0.5356272714578002,0.4967779887091144,0.3925983835076243,0.39203608779633264,2021-2023
508,Mozambique,maize,0.2408669691390113,0.24137598373348737,0.10673893302410083,0.33605975212913286,0.3347232906118789,0.8891728366690312,0.2519529857275223,2021-2023
508,Mozambique,rice,0.12309449347050357,0.12177421702290668,0.017542273046029348,0.11820368292077742,0.07052206568327539,0.17034109166745123,0.09022734642869848,2021-2023
508,Mozambique,soybean,0.019987444527226176,0.0014017509536953642,0.1146149139847034,0.0008995096192953391,0.0024071316683159584,1.00832336523126,0.027862150150647247,2021-2023
508,Mozambique,wheat,0.07636177708062813,0.11142438458386326,0.031222500888123353,0.14683174460261117,0.14368187528551016,0.02160724188904851,0.10190445648814721,2021-2023
512,Oman,maize,0.049904322044145556,0.034537636102933277,0.012858863474202273,0.05797868633951279,0.056810530540825056,0.023913549403745484,0.04241800770032379,2021-2023
512,Oman,rice,0.12901891324233822,0.08722285167817857,0.01016997433556841,0.09042543865348497,0.05323173372468203,0.0,0.07401378232685044,2021-2023
512,Oman,soybean,0.005805811254935845,0.00025582384713844513,0.019371696690177468,0.00023108597754838495,0.000608665304954172,0.0,0.005254616614950863,2021-2023
512,Oman,wheat,0.09997217694348544,0.08738187468348707,0.04737528248849924,0.15030912859109416,0.14338882860230895,0.004625232784674465,0.10568545826177496,2021-2023
516,Namibia,maize,0.1794184673342054,0.145089424812929,0.059383786346617305,0.22730434592982443,0.209757203556134,0.17788802689439756,0.16419064559594204,2021-2023
516,Namibia,rice,0.025315878408237583,0.01946073973624284,0.002780029564632015,0.029134094087399646,0.016086852533110856,0.0,0.01855551886592459,2021-2023
516,Namibia,soybean,0.002040764591721323,0.00035289926775181497,0.008528470309861707,0.00032004784868856317,0.00077814652066917,0.0,0.0024040657077385153,2021-2023
516,Namibia,wheat,0.17929223451539836,0.21244248224529141,0.05556064199240527,0.31390746927634633,0.28388901669930205,0.11349784380780316,0.20901836894574868,2021-2023
520,Nauru,maize,0.0035597941882478438,0.0025373655624311422,0.0005629930152512534,0.00012287032543765067,0.00012017190729445526,,0.0013806389997324691,2021-2023
520,Nauru,rice,0.08167336332275825,0.046341730516278684,0.005313957377365119,0.05022253416789658,0.029531695779402425,0.0,0.042616656232740205,2021-2023
520,Nauru,soybean,0.012571572127266442,0.0038675438777425915,0.029440497176445854,0.01332905971794284,0.034385264850404475,,0.018718787549960442,2021-2023
520,Nauru,wheat,0.14770109999941783,0.11565829140710691,0.056954652207190114,0.2971236053749116,0.28635143882666236,0.0,0.18075781756305775,2021-2023
524,Nepal,maize,0.10738899605814745,0.07902568128993068,0.042242987512150186,0.13644086066717093,0.11977682500390645,0.7903053708833531,0.09697507010626114,2021-2023
524,Nepal,rice,0.2886065838057405,0.20892729895338857,0.03446561275119538,0.22513711131674938,0.11829881174065765,0.8413898196583864,0.1750870837135463,2021-2023
524,Nepal,soybean,0.03471963453183211,0.0,0.17839476868162363,0.00011119884687488448,0.0003363253433855981,0.20609054398345183,0.04271238548074324,2021-2023
524,Nepal,wheat,0.14140238794224866,0.1595832725631137,0.035240813485712646,0.21747121916312354,0.18740774248590328,0.9177025671846009,0.14822108712802035,2021-2023
528,Netherlands (Kingdom of the),maize,0.005570726053966212,0.003460985271925929,0.0011504337782483,0.008101071747388057,0.00914003033193176,0.03256511099360202,0.005484649436692052,2021-2023
528,Netherlands (Kingdom of the),rice,0.006926311438735455,0.004213501854479795,0.000469187682680678,0.009831041396449773,0.006597280841304909,0.0,0.005607464642730122,2021-2023
528,Netherlands (Kingdom of the),soybean,0.023523752784968485,0.0001778151824489747,0.06358356073391368,0.0020587077157541833,0.0060584529327158835,0.19142193928077642,0.01908045786996024,2021-2023
528,Netherlands (Kingdom of the),wheat,0.15495622113975407,0.14554154151379364,0.02106888069983993,0.26536710873052977,0.29384505132973204,0.11690706696408804,0.1761557606827299,2021-2023
540,New Caledonia,maize,0.003200551831371404,0.0020983425086786747,0.000691246415025063,0.0021317650553642907,0.0021409308890404126,0.8916666666666666,0.0020525673398959694,2021-2023
540,New Caledonia,rice,0.06339517900828408,0.03996515409811736,0.009809231041735636,0.02687155704675173,0.016168053815603052,0.0,0.031241835002098373,2021-2023
540,New Caledonia,soybean,0.010943416748676542,0.019221827190921584,0.017038552793288777,0.013356238887467058,0.03510473213538052,0.0,0.019132953551146897,2021-2023
540,New Caledonia,wheat,0.26658790787668224,0.21114485702705058,0.09700469850216227,0.43922525542295215,0.4333564494638926,0.0,0.289463833658548,2021-2023
548,Vanuatu,maize,0.0016353808990977649,0.0015977374908841067,0.00032432096265256173,0.00028124129204162363,0.00023451969967021628,1.0,0.0008146400688692547,2021-2023
548,Vanuatu,rice,0.20685071435532298,0.16309049347588456,0.013876265050734088,0.14517452838760778,0.07238745545390178,0.0,0.12027589134469023,2021-2023
548,Vanuatu,soybean,0.00030777876431504694,0.000788332887073504,0.000292941099712292,0.0006019069054839932,0.0013145718491035005,,0.0006611063011376673,2021-2023
548,Vanuatu,wheat,0.14131529495269282,0.14562989223290537,0.05698141566574085,0.25225493328765614,0.2062215112370798,0.0,0.16048060947521497,2021-2023
554,New Zealand,maize,0.011996590244335387,0.00792713372336888,0.0027547336536131897,0.01074731853342116,0.011291292558348038,0.813592612364015,0.00894341374261733,2021-2023
554,New Zealand,rice,0.031626196680544706,0.019865746066691888,0.0023985629233779625,0.020447987011438015,0.012831000437617689,0.0,0.017433898623934053,2021-2023
554,New Zealand,soybean,0.015463447870835693,0.005606227370529355,0.04329024955963522,0.004088501210890463,0.011247193934296414,0.0,0.01593912398923743,2021-2023
554,New Zealand,wheat,0.22786724984299292,0.21881786229854952,0.04976932412059235,0.2987961018839083,0.30759909348986064,0.3766004499412354,0.22056992632718075,2021-2023
558,Nicaragua,maize,0.21113228652386354,0.16231164075719381,0.07510037834361251,0.241605968544811,0.24172203560931516,0.4195738115355121,0.18637446195575919,2021-2023
558,Nicaragua,rice,0.18759306993731284,0.14091047447249924,0.020466612143885832,0.16824540548559228,0.10077656726009032,0.7961913978448386,0.1235984258598761,2021-2023
558,Nicaragua,soybean,0.01652029001484601,9.016392268181455e-05,0.07700355925343881,0.00011666736197889986,0.0003507990958125866,0.5022519509476031,0.018816295929751627,2021-2023
558,Nicaragua,wheat,0.08686637178926286,0.08829600267387883,0.04812460516092624,0.19308157537405432,0.18967575104642523,0.0,0.1212088612089095,2021-2023
562,Niger,maize,0.006108069658701628,0.0036642633367021207,0.002325288177914635,0.006636813608892164,0.0048709453261570395,0.06769382930477155,0.004721076021673517,2021-2023
562,Niger,rice,0.11764211791608076,0.07091638816559069,0.01875212623293279,0.08734868157804175,0.03836009006375209,0.11432160904772559,0.06660388079127962,2021-2023
562,Niger,soybean,0.00010024604464278514,0.0,0.0005191209551825576,1.59473965556175e-07,4.736456906673042e-07,0.0,0.00012400002389631324,2021-2023
562,Niger,wheat,0.01353876801772659,0.012218749343044238,0.003918797373041576,0.023037443254338184,0.016555678319333307,0.01903361466846803,0.013853887261496778,2021-2023
566,Nigeria,maize,0.11441117728803647,0.1187394787100683,0.04449552207461782,0.14550159550260755,0.11764874950009067,0.9597028449117125,0.10815930461508416,2021-2023
566,Nigeria,rice,0.08347947935572105,0.07456752516575733,0.010794010502420346,0.07593247063747618,0.03674691169958428,0.999176289098231,0.056304079472191834,2021-2023
566,Nigeria,soybean,0.012644302791375286,0.024036947136749472,0.039456357809068095,0.015595455711725574,0.03299625622488133,1.0077880778612436,0.024945863934759956,2021-2023
566,Nigeria,wheat,0.06554676235928662,0.0878842264828122,0.011795785335361136,0.1312304429006024,0.1041989638902116,0.010963011858611614,0.0801312361936548,2021-2023
578,Norway,maize,0.001403917698758447,0.0010262218377908785,0.00024047333259557895,0.0,0.0,0.0,0.0005341225738289808,2021-2023
578,Norway,rice,0.0129902046544498,0.007318722703139088,0.000914048782679781,0.008564324607966113,0.005429449650952621,0.0,0.007043350079837481,2021-2023
578,Norway,soybean,0.004169594202631245,0.000579087025200839,0.011086851372307154,0.0005359302114421497,0.0014871640568318884,0.18422549078720762,0.0035717253736826547,2021-2023
578,Norway,wheat,0.2663260017283142,0.19985528065348365,0.09083767458939464,0.4122565766167583,0.4287398192708097,0.07508984508914884,0.2796030705717521,2021-2023
583,Micronesia (Federated States of),maize,0.001137012581135617,0.0010460479136836507,0.00032761829175521694,0.0011175918845877117,0.0009000328296223706,0.0,0.0009056607001569135,2021-2023
583,Micronesia (Federated States of),rice,0.1489572719904472,0.11002321448502338,0.008594241591756983,0.11295147557181644,0.05404113524557084,0.0,0.08691346777692296,2021-2023
583,Micronesia (Federated States of),soybean,0.003603108905979402,0.012396660051545822,0.0008695942327128338,0.010408243003744327,0.021555471974671114,,0.0097666156337307,2021-2023
583,Micronesia (Federated States of),wheat,0.08268160948318289,0.06872991358009244,0.03512972344704501,0.1376632253241671,0.10723303827557351,0.0,0.08628750202201219,2021-2023
584,Marshall Islands,maize,0.005454854669658923,0.0040742463178708365,0.0008039323810941582,0.0002166441835823579,0.000194488660010086,0.0,0.0021488332424432722,2021-2023
584,Marshall Islands,rice,0.10969568176077173,0.06337265980436012,0.006335365998008078,0.05873807045542737,0.0316416111668786,0.0,0.05395667783708917,2021-2023
584,Marshall Islands,soybean,0.013863256897524392,0.014226166496061898,0.021146422680090437,0.01192424206005877,0.02798322310596543,,0.017828662247940184,2021-2023
584,Marshall Islands,wheat,0.2100705449902702,0.1524256187016613,0.07443926217561557,0.3704394690673185,0.32763648539210344,0.0,0.2270022760653938,2021-2023
586,Pakistan,maize,0.021921504676401513,0.015578299428190409,0.005419146035151694,0.029116848783055854,0.0312490969983195,1.1371912061846874,0.020656979184223795,2021-2023
586,Pakistan,rice,0.03548086168206896,0.024942899298027687,0.0028472011683734343,0.029648236377792847,0.01905751799454358,3.4433146187712116,0.022395343304161302,2021-2023
586,Pakistan,soybean,0.015888509550191113,0.0,0.051477073789741735,3.260608212303059e-05,0.0001428193278094171,0.131511877061376,0.013508201749973062,2021-2023
586,Pakistan,wheat,0.37863917970746636,0.42491664695576875,0.05786263810670198,0.594303638782352,0.6262659264885604,0.9425401305409231,0.41639760600816994,2021-2023
591,Panama,maize,0.0743776685219814,0.04774806413735716,0.01723495119920385,0.10272532526895657,0.10653346054109686,0.19406666312388018,0.06972389393371917,2021-2023
591,Panama,rice,0.1888512622247672,0.12537462557131535,0.014829141187208529,0.1705731902507479,0.10591277058933452,0.844609844894153,0.12110819796467469,2021-2023
591,Panama,soybean,0.08882503552097343,0.019770986594918067,0.28236350611860556,0.014602081085907067,0.039835765289399236,0.08379754862220368,0.08907947492196067,2021-2023
591,Panama,wheat,0.11170158318691177,0.10218263474216188,0.04743601058424394,0.2285181863503,0.23264042944378016,0.0,0.14449576886147955,2021-2023
598,Papua New Guinea,maize,0.004741270895395929,0.0035120029751734548,0.001330383604987809,0.007342726809801016,0.00629110788791322,0.8486111111111111,0.004643498434654286,2021-2023
598,Papua New Guinea,rice,0.13038849753923157,0.09384538350712313,0.011419913403688744,0.1368933055063218,0.0703116812573822,0.0018459175982241717,0.08857175624274949,2021-2023
598,Papua New Guinea,soybean,0.005525985916150343,0.0010778524807787476,0.019785087014196394,0.0009166140617066086,0.002074914389963691,0.0,0.005876090772559157,2021-2023
598,Papua New Guinea,wheat,0.11249642705068551,0.12364941024977986,0.021654141780805585,0.1950075334616553,0.16405845271859884,0.0,0.12337319305230503,2021-2023
600,Paraguay,maize,0.25314559706230194,0.22731215091124948,0.07434696788681414,0.31401326384604306,0.32579947640745943,1.7686234992938532,0.23892349122277362,2021-2023
600,Paraguay,rice,0.011434581483522235,0.010025592643078812,0.0010571220848931077,0.009363824990444256,0.005818778049037982,-12.84759579360773,0.0075399798501952775,2021-2023
600,Paraguay,soybean,0.06729584175952513,0.0,0.2561165521553639,0.00018379799256330095,0.0006982546134555572,2.5562640351287684,0.06485888930418157,2021-2023
600,Paraguay,wheat,0.10456015197393986,0.13542223483161653,0.0288456058419016,0.2287267138254426,0.23295237427798934,1.4340938488928865,0.14610141615017797,2021-2023
604,Peru,maize,0.050136498615435406,0.036325252662577696,0.0209085825691492,0.059229809567451296,0.0566866878080269,0.30927770151899586,0.0446573662445281,2021-2023
604,Peru,rice,0.16843294585326377,0.10467342556079069,0.017444499378434668,0.12757749821294972,0.07308355503567457,0.9161452330485321,0.0982423848082227,2021-2023
604,Peru,soybean,0.029344107558031893,0.012686269242990178,0.12288814469176189,0.009910418394428014,0.024908887423852343,0.004231476442246072,0.03994756546221286,2021-2023
604,Peru,wheat,0.1264217951970044,0.13145018119364968,0.05020673183277408,0.25988146300811565,0.24410100478321292,0.09246332876922198,0.16241223520295137,2021-2023
608,Philippines,maize,0.06364229114548113,0.04784899379581315,0.026759715498002903,0.11787621808917637,0.13191899699915624,0.9121952426275112,0.07760924310552594,2021-2023
608,Philippines,rice,0.4244069256871182,0.32661712840841933,0.056450542005193914,0.3559145528998812,0.23840795655678557,0.831087087386739,0.28035942111147966,2021-2023
608,Philippines,soybean,0.005036882409047084,0.0012969141931137645,0.027022797063793264,0.001031527945457325,0.003038748641813397,0.1128128861673655,0.007485374050644968,2021-2023
608,Philippines,wheat,0.10847365156811978,0.12601224938442265,0.032116876649881006,0.2005336115204083,0.2203067913919257,0.0,0.13748863610295148,2021-2023
616,Poland,maize,0.0,0.0,0.0,0.0,0.0,1.506595014712975,0.0,2021-2023
616,Poland,rice,0.006237318588500431,0.004115089215188018,0.0007921595913546369,0.009077262328874977,0.006056658700863487,0.0,0.00525569768495631,2021-2023
616,Poland,soybean,0.007307534192147085,0.0006718168061226284,0.021189677117524532,0.0006154797584235768,0.0018162936567875084,0.17905248785444383,0.006320160306201065,2021-2023
616,Poland,wheat,0.2121841664764459,0.20809927247306056,0.027220437619087365,0.3862007933608309,0.42256625751587257,1.477300987175567,0.2512541854890595,2021-2023
620,Portugal,maize,0.0381469718321612,0.022939608118651995,0.007890656643109952,0.04446204050211003,0.04761044847057427,0.23172692521663427,0.03220994511332149,2021-2023
620,Portugal,rice,0.03625922239830769,0.021052634090406353,0.0023727512118438617,0.024343301625007335,0.01560141289810144,0.7836739390591917,0.01992586444473334,2021-2023
620,Portugal,soybean,0.03110331166574685,0.00027284336821555884,0.08364552628798727,0.00024462084643462207,0.0007563673162166154,0.17325923384149852,0.023204533896920183,2021-2023
620,Portugal,wheat,0.19141850587595446,0.16294824163291602,0.042513924563648775,0.3302987347998612,0.3472550277818463,0.02893771023133146,0.21488688693084534,2021-2023
624,Guinea-Bissau,maize,0.028885431048017357,0.029079993131606027,0.007807643253343865,0.038882810491921965,0.04555450139079562,0.9841269841269842,0.03004207586313697,2021-2023
624,Guinea-Bissau,rice,0.4380064555321302,0.4323642992510366,0.03595312117067149,0.5055926020265183,0.3546531432248557,0.45806698685511954,0.35331392424104247,2021-2023
624,Guinea-Bissau,soybean,0.011195922417199909,0.0005717552887364208,0.03962757055432571,0.00037828413557632236,0.001190879819519397,0.0,0.010592882443071551,2021-2023
624,Guinea-Bissau,wheat,0.04492169581996469,0.06654699558528633,0.01077751752873917,0.09518139557253623,0.10901667244794212,0.0,0.06528885539089371,2021-2023
626,Timor-Leste,maize,0.14286899341645284,0.10540632487516823,0.04699991319959155,0.19680070002543637,0.20638797727571503,0.8977724958792083,0.13969278175847283,2021-2023
626,Timor-Leste,rice,0.36445006767353955,0.26471332658948876,0.036521084505728336,0.3413773844651657,0.21424938655209314,0.14028174057748918,0.24426224995720308,2021-2023
626,Timor-Leste,soybean,0.009159068217058584,0.026802443813447135,0.017205311540452236,0.01691593182045791,0.04645304755023728,0.2222222222222222,0.023307160588330628,2021-2023
626,Timor-Leste,wheat,0.07779285995840045,0.07636007457785372,0.03867501461170056,0.13464926597850752,0.13866580807339532,0.0,0.09322860463997151,2021-2023
634,Qatar,maize,0.008771339996281984,0.005710969179359604,0.0021473813754233,0.00775756622764735,0.007721202232373746,0.026778409936040456,0.006421691802217197,2021-2023
634,Qatar,rice,0.1889108872173936,0.11609649821944705,0.014554426634567174,0.11455555291769963,0.06818723095904682,0.0,0.10046091918963085,2021-2023
634,Qatar,soybean,0.004399331945134081,0.0005813417210330349,0.01392952708940169,0.000495695425331573,0.0012965610084586796,0.0,0.004140491437871811,2021-2023
634,Qatar,wheat,0.19508827534891296,0.17366051622726517,0.05851931766926318,0.29786875558942305,0.2908090523653172,0.0,0.20318918344003628,2021-2023
642,Romania,maize,0.06196294613609593,0.04226497601864451,0.014011133022885756,0.07738289636072058,0.07956870767369617,1.6767005940601731,0.05503813184240859,2021-2023
642,Romania,rice,0.008862168116229557,0.006324837844493653,0.0012299176857257805,0.006166602482392984,0.0037945349762689017,0.15642158353155797,0.005275612221022175,2021-2023
642,Romania,soybean,0.011629928629969059,0.000119186212809712,0.03433381125347485,9.328174867105105e-05,0.0002750902215541754,0.8749807414861263,0.00929025961329577,2021-2023
642,Romania,wheat,0.2598462314800094,0.26067705812290987,0.04514321424319101,0.44868561469613893,0.4529875821196668,1.8011857212353437,0.2934679401323832,2021-2023
643,Russian Federation,maize,0.0019161679652155322,0.0011961884224125309,0.0004828895567809915,0.0025418418873871147,0.0027865173818914448,1.2752339821524477,0.0017847210427375227,2021-2023
643,Russian Federation,rice,0.014633140883449863,0.008866322037831125,0.0010746960979172737,0.011277329542557689,0.007394035200348457,0.7946860854727343,0.00864910475242088,2021-2023
643,Russian Federation,soybean,0.013043330864326056,0.0001719636420904594,0.040580404287683586,0.00020660782416269188,0.0006276831214418847,1.0242723337784476,0.010925997947940936,2021-2023
643,Russian Federation,wheat,0.2911749833625988,0.2738258358639183,0.03904925113744625,0.45628725841303464,0.49038766956257884,1.784965615466259,0.31014499966791537,2021-2023
646,Rwanda,maize,0.12488854178544358,0.12870351603029723,0.0812496938930037,0.17298611386668597,0.11348105355120412,0.9079295615334905,0.1242617838253269,2021-2023
646,Rwanda,rice,0.0639305447277299,0.05477546411758862,0.01084072739930181,0.06506094126707239,0.025574359688234613,0.39885804773159594,0.04403640743998547,2021-2023
646,Rwanda,soybean,0.013934696601966763,0.04247519407454007,0.052156016620962614,0.031144530685632443,0.05342820038969728,0.7477760334903193,0.03862772767455984,2021-2023
646,Rwanda,wheat,0.037745169477755504,0.051839012322444256,0.016065214092438943,0.07977809254818366,0.05153643605519589,0.0918899022412971,0.04739278489920365,2021-2023
659,Saint Kitts and Nevis,maize,0.0027448469352108784,0.0017253218215830966,0.0005348193395876972,0.004208392455324208,0.004020088289618469,0.0,0.0026466937682648696,2021-2023
659,Saint Kitts and Nevis,rice,0.08804923119408221,0.055147551731760634,0.005803211334582406,0.056553379367056844,0.03242497303890016,0.0,0.047595669333276455,2021-2023
659,Saint Kitts and Nevis,soybean,0.05990209564059767,0.016285183648961244,0.1520474883215995,0.016076221842209627,0.04017983646874675,,0.05689816518442296,2021-2023
659,Saint Kitts and Nevis,wheat,0.1529835146276867,0.13248266963050045,0.041737780461647465,0.28080255772776513,0.2653300068112037,0.0,0.17466730585176066,2021-2023
662,Saint Lucia,maize,0.03726660433403351,0.022085451980296374,0.009110802396614012,0.03534849641894835,0.03525875369767145,0.0,0.027814021765512738,2021-2023
662,Saint Lucia,rice,0.05831588666195148,0.03293789332277245,0.00486643017034697,0.03755086546083133,0.02240618810623955,0.0,0.03121545274442835,2021-2023
662,Saint Lucia,soybean,0.008066717582288144,0.0020971897231521204,0.024876855636112093,0.0015458722444427542,0.004051815134587729,,0.00812769006411657,2021-2023
662,Saint Lucia,wheat,0.22493388032684902,0.17532893372140027,0.07701869616248196,0.37857300439296243,0.37084746556416204,0.0,0.2453403960335711,2021-2023
670,Saint Vincent and the Grenadines,maize,0.02748265899748475,0.015567336551573108,0.006503341687509102,0.023273505148391032,0.022278040310360403,0.08744588744588744,0.01902097653906368,2021-2023
670,Saint Vincent and the Grenadines,rice,0.037482467778359486,0.02144666715219842,0.006230123308719155,0.03351233812348189,0.019342761605213966,0.0,0.02360287159359458,2021-2023
670,Saint Vincent and the Grenadines,soybean,0.046029119071809156,0.003203075227857257,0.1442146503475971,0.002653428926236179,0.006539159586886366,0.0,0.04052788663207721,2021-2023
670,Saint Vincent and the Grenadines,wheat,0.18071726416790893,0.1330537322251121,0.05958099374154815,0.34143672668943564,0.3203958179690205,0.0,0.20703690695860505,2021-2023
678,Sao Tome and Principe,maize,0.02453348445716075,0.02099809526838037,0.007912072017998812,0.0380276657608884,0.03099464542280481,0.8333333333333334,0.024493192585446626,2021-2023
678,Sao Tome and Principe,rice,0.18179058331066444,0.15293108998641475,0.01780765280731523,0.1336922674522338,0.065184799202638,0.0,0.11028127855185324,2021-2023
678,Sao Tome and Principe,soybean,0.07266852100731812,0.0,0.30505362046346524,0.00019026943401037207,0.0006315267269050666,0.0,0.07570878752633976,2021-2023
678,Sao Tome and Principe,wheat,0.18325855109198574,0.23050145375418785,0.05139261189187311,0.36240368530809736,0.29026329223906583,0.0,0.22356391885704197,2021-2023
682,Saudi Arabia,maize,0.0720131390173006,0.05217238493485197,0.019994330568745017,0.08304510032226567,0.07517690494159007,0.01772022740877817,0.06048037195695066,2021-2023
682,Saudi Arabia,rice,0.09664841271649384,0.06883783872204703,0.008529142041845052,0.072630633731069,0.03944629040713116,0.0005770961610377669,0.05721846352371721,2021-2023
682,Saudi Arabia,soybean,0.01141843206738743,0.001100725608494792,0.04081546304569678,0.00036727695190111,0.0008973988914619583,0.15998033291398936,0.010919859312988415,2021-2023
682,Saudi Arabia,wheat,0.2519915546163192,0.27216605465647925,0.04818694061812212,0.36698989091123463,0.32664451217737106,0.14029389737466,0.25319579059590525,2021-2023
686,Senegal,maize,0.0719013411046891,0.05954368986795794,0.022933531071931048,0.09080784475804816,0.0879447399433479,0.6607244217966768,0.06662622934919483,2021-2023
686,Senegal,rice,0.2797047466048915,0.22577044132181254,0.027188639792407477,0.22411209002515234,0.1299171076861077,0.44680864565285877,0.1773386050860743,2021-2023
686,Senegal,soybean,0.014735619448914375,0.0007562527763379934,0.06020604179280839,0.0005137520683835425,0.0013450755028493154,0.0,0.015511348317858723,2021-2023
686,Senegal,wheat,0.11337391536431134,0.145890340462682,0.026730717961452728,0.1910338749134766,0.1816571504509518,0.0,0.13173719983057489,2021-2023
688,Serbia,maize,0.025353795137334614,0.015042253933264305,0.007233923690068766,0.023704906805403766,0.025508144406219766,1.4616910698816137,0.019368604794458243,2021-2023
688,Serbia,rice,0.00450179579156467,0.0026305995353729816,0.00040845568171084273,0.003582464460515411,0.0023085280747523244,0.0,0.0026863687087832462,2021-2023
688,Serbia,soybean,2.4219818919905825e-05,7.447598300247752e-05,0.0,5.9550905477800714e-05,0.0001678606595386353,1.1133274851963832,6.522147338776388e-05,2021-2023
688,Serbia,wheat,0.4260481407981375,0.37730226100516706,0.08592297646961382,0.5515705181240214,0.5829662469800442,1.5388899217826577,0.40476202867539685,2021-2023
690,Seychelles,maize,0.06012607261144264,0.037930759006400576,0.016782646197382973,0.04384284573231196,0.04051906173723686,0.0,0.039840277056955,2021-2023
690,Seychelles,rice,0.11168720005060417,0.06443760395074792,0.009806717372891322,0.07075255589827674,0.03910102406935711,0.0,0.05915702026837546,2021-2023
690,Seychelles,soybean,0.002058994296720702,0.005200204244862363,0.0023317113342750367,0.004182093110608771,0.0101169548252289,0.0,0.004777991562339155,2021-2023
690,Seychelles,wheat,0.19766584876009982,0.1528780170740277,0.09256889647985454,0.33540130478916524,0.3039800056637713,0.0,0.21649881455338377,2021-2023
694,Sierra Leone,maize,0.0076123056152553395,0.0066227637963451975,0.004087121158131718,0.010210615410529887,0.011248877023557903,0.9871794871794872,0.00795633660076401,2021-2023
694,Sierra Leone,rice,0.45515191993956466,0.38538062421943176,0.07609075196423636,0.45000270373501366,0.2968010798685785,0.8398867254583292,0.332685415945365,2021-2023
694,Sierra Leone,soybean,1.4013499510006474e-05,5.769008884273682e-05,0.0,3.673361951001407e-05,0.00010485240221194487,,4.265792201494044e-05,2021-2023
694,Sierra Leone,wheat,0.033239435470320065,0.04243301770380934,0.013407705570795939,0.07474985054476582,0.08070184852607715,0.0,0.04890637156315366,2021-2023
703,Slovakia,maize,0.00046210514066793773,0.0012729124236252546,0.00026775553919271706,1.070547687837401e-05,1.1678523600184583e-05,1.116181506465482,0.0004050314207928936,2021-2023
703,Slovakia,rice,0.00900674115553741,0.0066981296348716905,0.0005699212712217465,0.0067220390604927375,0.004497392870140977,0.0,0.005498844798452912,2021-2023
703,Slovakia,soybean,0.00011409626223979737,0.0004512605873102577,0.0,0.0003575727148186806,0.0010448515683942432,5.193058933296625,0.00039355622655259573,2021-2023
703,Slovakia,wheat,0.23250416364137436,0.23999413570604,0.05376170442601482,0.43434868052530123,0.4750596256767299,1.8491860794507449,0.28713366199509205,2021-2023
704,Viet Nam,maize,0.04300547508520089,0.027307144053010452,0.016243709813700328,0.05078159876222078,0.05426476190538437,0.2881683807014388,0.038320537923903365,2021-2023
704,Viet Nam,rice,0.4440768189740423,0.27758789916867777,0.0511199274450044,0.3526749037750527,0.22561534857567833,1.2898990846547378,0.27021497958769103,2021-2023
704,Viet Nam,soybean,0.04007337252588521,0.04862823501074659,0.14443775095862824,0.036641155728169617,0.10252949166442592,0.12880353223688998,0.07446200117757111,2021-2023
704,Viet Nam,wheat,0.035797692645116015,0.03415929094651803,0.009542490112595644,0.059787848958146254,0.06270390019106972,0.01691024522519449,0.040398244570689135,2021-2023
705,Slovenia,maize,0.08153106042907643,0.0532980978592682,0.019355397370233587,0.08097695142999874,0.08427563459757469,0.8223129258334034,0.06388742833723034,2021-2023
705,Slovenia,rice,0.010995845871773505,0.006830398226356893,0.0008406173763355103,0.013261916135785238,0.008258552313190745,0.0,0.008037465984688378,2021-2023
705,Slovenia,soybean,0.03143061398384225,0.0062664994493764345,0.09420915742223979,0.0038583850121763,0.010544641495548984,0.632996632996633,0.029261859472636754,2021-2023
705,Slovenia,wheat,0.24909666959300422,0.2193383573252472,0.07553630160205778,0.39321813679195045,0.4017350901108208,0.41412161723160407,0.2677849110846161,2021-2023
710,South Africa,maize,0.21668558767571774,0.2198544368041243,0.07252633232147479,0.29483613575503204,0.32259304831925645,1.3598049966260326,0.22529910817512108,2021-2023
710,South Africa,rice,0.051255399539768536,0.03560319909234937,0.003775811017858737,0.04208822733456142,0.027563841247648265,0.0020634236825674175,0.032057295646437264,2021-2023
710,South Africa,soybean,0.04272687153103145,0.004123934802845198,0.1306971964143204,0.003046547064315941,0.008851604192351254,1.1303350730789046,0.03788923080097285,2021-2023
710,South Africa,wheat,0.1614928388514617,0.17930452535650263,0.0249635963297271,0.24756595476643453,0.2658818441064564,0.5086069090348105,0.17584175188211648,2021-2023
716,Zimbabwe,maize,0.24763293546420803,0.1777825074581889,0.0605007982105731,0.2720236418806175,0.2940670450363812,0.6724854878956791,0.21040138560999372,2021-2023
716,Zimbabwe,rice,0.04831814172444653,0.033814556880619344,0.0036733048519693254,0.03256583302465459,0.021025085129346352,0.004943254943254943,0.027879384322207233,2021-2023
716,Zimbabwe,soybean,0.0834067246230578,0.002621388500679977,0.2634283772200052,0.0017243780890468224,0.005086647033151513,0.33117588266193,0.07125350309318826,2021-2023
716,Zimbabwe,wheat,0.09317048125299499,0.10573492864865834,0.014237840492773634,0.13433529862117474,0.14238670849055426,0.567068150547245,0.09797305150123119,2021-2023
722,Small Island Developing States (SIDS),maize,0.03005463217145121,0.023610688589273548,0.009087748162101337,0.03564407670358568,0.033504892225915565,0.2077946594962019,0.026380407570465468,2021-2023
722,Small Island Developing States (SIDS),rice,0.1752572541831348,0.12940138381283228,0.01602712898206289,0.1806212866721859,0.10161790575639794,0.43512661317775775,0.12058499188132274,2021-2023
722,Small Island Developing States (SIDS),soybean,0.050917491771398454,0.0022709763468488227,0.19296555688818665,0.001975334220693703,0.004994640210890308,0.09491842075069923,0.050624799887603586,2021-2023
722,Small Island Developing States (SIDS),wheat,0.12383662265996213,0.13651613147352418,0.030558997416380046,0.23656317467730284,0.21828979877597468,0.0,0.14915294500062876,2021-2023
724,Spain,maize,0.00514350344388318,0.003093513768872316,0.0009495650395204832,0.0064655173172956035,0.0071144531128664356,0.2772611361418759,0.004553310536487604,2021-2023
724,Spain,rice,0.020164463124367583,0.012443742064888243,0.002093950805876837,0.015024974522903578,0.009886230127870389,0.6337516183973576,0.011922672129181326,2021-2023
724,Spain,soybean,0.025447101835581645,0.0003175915484672675,0.061458205868715,0.00036394857606992403,0.0011222756941701299,0.15750653553372024,0.017741824704600794,2021-2023
724,Spain,wheat,0.1953953632011695,0.17836427222900827,0.021742260802977854,0.34436948810877643,0.37186138403332825,0.5148908821240366,0.22234655367505204,2021-2023
740,Suriname,maize,0.007546582629963455,0.006659789617197011,0.0027795265465610994,0.006582058233198286,0.006781642770433048,0.0,0.00606991995947058,2021-2023
740,Suriname,rice,0.2323697084532338,0.17074530184398637,0.022746793259737646,0.20687166263780302,0.12753961010211234,1.2991371531207638,0.15205461525937464,2021-2023
740,Suriname,soybean,0.06797470093755369,0.0041083146957822565,0.27654999205446723,0.003172438706331873,0.008785125528551983,0.0,0.0721181143845374,2021-2023
740,Suriname,wheat,0.16814088875583807,0.1760061718441541,0.058475883610809305,0.3411231103735964,0.34464494954459596,0.0,0.21767820082579878,2021-2023
748,Eswatini,maize,0.2937594919378182,0.2669529302823767,0.10633234381335492,0.3295066052221928,0.3320052270860892,0.43648421826909906,0.26571131966836636,2021-2023
748,Eswatini,rice,0.09633367660706753,0.08483896202391568,0.011194038989272856,0.08366163128287045,0.05044731216923865,0.02002136752136752,0.06529512421447303,2021-2023
748,Eswatini,soybean,0.04026806337477885,0.0006775184939639741,0.1924112183320279,0.0006585482983848989,0.0018555885215575934,0.0,0.04717418740414264,2021-2023
748,Eswatini,wheat,0.09713626672192177,0.11631263291373184,0.04941094807722927,0.1976619908488043,0.19532470741311472,0.011948942869995502,0.13116930919496037,2021-2023
752,Sweden,maize,0.004574952376021016,0.002870015408599777,0.000925976051789797,0.004564697375647494,0.004979008311551041,0.10727964701474635,0.003582929904721825,2021-2023
752,Sweden,rice,0.01830631050811595,0.010978528016871297,0.0011363861234270954,0.01611754386743683,0.010526826220903474,0.0,0.01141311894735093,2021-2023
752,Sweden,soybean,0.010254851074703976,0.0008283326733626107,0.026292132233829493,0.0007844812252915475,0.002241230413111924,0.0779650990831115,0.00808020552405991,2021-2023
752,Sweden,wheat,0.214016851134217,0.1927529832965181,0.03331890902741813,0.3258158797521028,0.3489862884407005,1.2378302453026102,0.2229781823301913,2021-2023
756,Switzerland,maize,0.0020492250135224726,0.0015196090904468146,0.0003465209314976679,0.0024433515599789494,0.002786267995567932,0.31604170715547464,0.001828994918202767,2021-2023
756,Switzerland,rice,0.007426549907409592,0.005115458716501031,0.0005502729206030087,0.004958958062734422,0.0033855360910722133,0.0,0.004287355139664053,2021-2023
756,Switzerland,soybean,0.007956845021529243,0.0026824321501414086,0.01721100970930101,0.001808531840993783,0.005421637496452449,0.28727445394112056,0.007016091243683578,2021-2023
756,Switzerland,wheat,0.22479437269031935,0.21311902186973594,0.05486641288040447,0.38335190828514687,0.42922003431004,0.3212936774009462,0.2610703500071293,2021-2023
760,Syrian Arab Republic,maize,0.022915803006738955,0.014046073143801912,0.006804013858737089,0.02270471282116963,0.021625071931391907,0.7503375532578037,0.017619134952367898,2021-2023
760,Syrian Arab Republic,rice,0.03654060411461536,0.025965548757798537,0.0043234969589795585,0.017624477867166193,0.010047593072883543,0.0,0.018900344154288637,2021-2023
760,Syrian Arab Republic,soybean,0.0040786250088344425,0.000606815224588668,0.01442610360938032,0.00034836725397432636,0.0008723725007860196,0.29603729603729606,0.004066456719512755,2021-2023
760,Syrian Arab Republic,wheat,0.4748918495130497,0.4901254303213259,0.08271676592210865,0.626729724514086,0.5860404382257005,0.46470336850881117,0.4521008416992542,2021-2023
762,Tajikistan,maize,0.0028232751167742132,0.0019364671118910438,0.0007983499459349293,0.0025446982696127277,0.002545458560443039,0.8146229550723932,0.002129649800931191,2021-2023
762,Tajikistan,rice,0.043470708223649714,0.029448482462432198,0.004526877677645776,0.02590183630581333,0.015503004081724697,0.7893450354183339,0.023770181750253142,2021-2023
762,Tajikistan,soybean,0.007275521240236081,0.0,0.026208182087751424,1.0553079737114196e-05,4.303355230406497e-05,0.0,0.006707457992005737,2021-2023
762,Tajikistan,wheat,0.4208487329189856,0.41649634416079234,0.11369560297711717,0.5238744828532039,0.5142951202643213,0.4198457737174001,0.39784205663488403,2021-2023
764,Thailand,maize,0.032452540838693124,0.031341026515181516,0.01581038426615322,0.04996065070554722,0.0511772323257213,0.7656265050368488,0.03614836693025928,2021-2023
764,Thailand,rice,0.40833453474335696,0.3441870464440377,0.054373442020204,0.42089433093113,0.25806927697661713,1.4126319698277634,0.29717172622306914,2021-2023
764,Thailand,soybean,0.04240763657363164,0.024926266518737025,0.19989809880444454,0.02107415449983484,0.05665787934962061,0.1414996938498012,0.06899280714925374,2021-2023
764,Thailand,wheat,0.03881314849649131,0.05301475780989945,0.010549594167349413,0.09491285157949629,0.09541880573187134,0.0003931279764131062,0.05854183155702156,2021-2023
776,Tonga,maize,0.0042339293105336205,0.002599501011424607,0.0006979134072933594,0.0003908427944577184,0.00036858848666279924,,0.0016581550020744208,2021-2023
776,Tonga,rice,0.013710643813673812,0.0077067202280049,0.0017899852437631614,0.002815942387112131,0.0015830578076192743,,0.005521269896034656,2021-2023
776,Tonga,soybean,0.0014718696695205612,0.001423653533046054,0.0023559166577846254,0.0014961992651265764,0.0037055653805489093,,0.002090640901205345,2021-2023
776,Tonga,wheat,0.22739464249950025,0.1449381478710198,0.07330577956192384,0.3423358744395198,0.31720826209035147,0.0,0.221036541292463,2021-2023
780,Trinidad and Tobago,maize,0.0824544120587625,0.06143502275305431,0.019068641672061657,0.0796235733584958,0.07744658492125654,0.04231997677119628,0.06400564695272618,2021-2023
780,Trinidad and Tobago,rice,0.06086231235777214,0.04535195426499452,0.009841802548662036,0.0450213091754594,0.026213268283066044,0.0,0.03745812932599083,2021-2023
780,Trinidad and Tobago,soybean,0.07727375395005852,0.0006459894322899439,0.24404637244470162,0.0008585110075656647,0.0024039959657451474,0.013888888888888888,0.06504572456007218,2021-2023
780,Trinidad and Tobago,wheat,0.21697115551352442,0.22738301104541647,0.03387187404004544,0.34892365536169007,0.33319043593901276,0.0,0.23206802637993781,2021-2023
784,United Arab Emirates,maize,0.005688450824759046,0.004176056388145625,0.0012493209113892776,0.00497175887623473,0.004972033559397843,0.0338838061700447,0.004211524111985304,2021-2023
784,United Arab Emirates,rice,0.0871901186685144,0.054252501794466855,0.005769825918143557,0.0591831397870314,0.0355003974083179,0.0,0.04837919671529482,2021-2023
784,United Arab Emirates,soybean,0.014678799243750061,0.000706447053737456,0.03956709398815365,0.0007489327091572519,0.001998833761377418,0.11012985441090016,0.011540021351235167,2021-2023
784,United Arab Emirates,wheat,0.2649225287635976,0.2547409970870304,0.044449417809928456,0.37909508572123424,0.37298531751528247,0.0,0.26323866937941465,2021-2023
788,Tunisia,maize,0.00011456722665337515,0.00012675763894712827,0.0,1.7155757207646486e-05,1.547857019795845e-05,0.0,5.4791838601221665e-05,2021-2023
788,Tunisia,rice,0.005130078886817247,0.003426051990613468,0.0004681782555108996,0.0023479566130991886,0.0012736487817150092,0.0,0.0025291829055511627,2021-2023
788,Tunisia,soybean,0.02851472330486299,0.011592432419942405,0.10176655042732534,0.007407113451227625,0.017626590804248984,0.11505654018414817,0.033381482081521474,2021-2023
788,Tunisia,wheat,0.433237507315189,0.4515073389918079,0.0741884852205895,0.6079787525945671,0.54087612560973,0.2741837186176444,0.42155764194637674,2021-2023
792,TÃ¼rkiye,maize,0.03499032951201631,0.023856015011511435,0.008169523843282544,0.040518422399078574,0.03743388099256032,0.6425060644699577,0.028993634351689834,2021-2023
792,TÃ¼rkiye,rice,0.021847277736364374,0.01464753889459658,0.0015786094482393086,0.01679458739208625,0.00928447152518824,0.7311194694307752,0.012830496999294953,2021-2023
792,TÃ¼rkiye,soybean,0.0010395834353422553,2.9025891094856612e-05,0.0031068524637419374,3.4824939607173545e-05,8.445295763527304e-05,0.15845664149164548,0.000858947937484299,2021-2023
792,TÃ¼rkiye,wheat,0.3110112183084837,0.3231956307823148,0.04406886077129927,0.45627633963054254,0.4140914304080204,0.6123257203941698,0.3097286959801321,2021-2023
795,Turkmenistan,maize,0.00012768231191428132,9.65143604826793e-05,0.0,0.00012225084522259056,0.00014218726390246805,0.7579365079365079,9.772695630440385e-05,2021-2023
795,Turkmenistan,rice,0.023751045897501627,0.013226411191866344,0.002032067679384611,0.013567606236665189,0.009432540954215913,0.9829759430969552,0.012401934391926736,2021-2023
795,Turkmenistan,soybean,0.0031218553505994247,0.0038111664841416794,0.00807442338868687,0.002481542884014637,0.007545561852445942,0.0,0.00500690999197771,2021-2023
795,Turkmenistan,wheat,0.4198702500461576,0.3627660268122798,0.06578088051209736,0.5075777990515689,0.5788807872919449,0.7428753302187032,0.3869751487428097,2021-2023
798,Tuvalu,maize,7.852783463448391e-05,6.571113558335048e-05,0.0,2.7696324960855442e-05,2.3705444370801082e-05,,3.9128147909898185e-05,2021-2023
798,Tuvalu,rice,0.17165785862464433,0.11587823312216676,0.014799429548281819,0.11086543136016523,0.057216242777015806,0.0,0.0940834390864548,2021-2023
798,Tuvalu,soybean,0.008109810061825613,0.0023116210038727773,0.023526329305453328,0.0021069725182718962,0.004760613030261905,,0.008163069183937104,2021-2023
798,Tuvalu,wheat,0.16091911150512042,0.13838610461448106,0.07421665455079163,0.30183225227962035,0.25557398516093355,0.0,0.1861856216221894,2021-2023
800,Uganda,maize,0.2599966337120574,0.2321468112324954,0.09952269762260196,0.35643560175946815,0.28475679924681124,1.0604026451453255,0.2465717087146868,2021-2023
800,Uganda,rice,0.04781118667397166,0.04232127492115029,0.005582829804542846,0.04551323104934455,0.021826289452532344,0.3999226686351014,0.03261096238030834,2021-2023
800,Uganda,soybean,0.0028190435451530206,0.0,0.013980983130000091,6.100649318603844e-06,1.994067389240727e-05,1.1250690208137017,0.003365213599672825,2021-2023
800,Uganda,wheat,0.039589055081970935,0.053107371744612386,0.010805872712087305,0.07954522104005969,0.06234067796438499,0.03772916154944518,0.04907763970862306,2021-2023
804,Ukraine,maize,0.050068391874430206,0.03350478759031373,0.015193010058152816,0.06497738244040889,0.06380480896534112,4.594941486932108,0.045509676185729354,2021-2023
804,Ukraine,rice,0.006906899478939507,0.004446185970622099,0.0006191855094594072,0.005215546745474621,0.003066671025241935,0.14438936132851696,0.004050897745947513,2021-2023
804,Ukraine,soybean,0.0009563892265929266,0.0001121015113645564,0.0036290903820440216,7.671073157515983e-05,0.0001996442461950177,2.777561127477405,0.0009947872195543365,2021-2023
804,Ukraine,wheat,0.25013828927089393,0.24696999880930218,0.053462552321398606,0.39440269281971313,0.380493175643295,3.1277606078602145,0.26509334177292054,2021-2023
807,North Macedonia,maize,0.02951341719056222,0.020709492573843042,0.0074196711984691735,0.030757300894452996,0.027352469036520305,0.7336438071732191,0.023150470178769547,2021-2023
807,North Macedonia,rice,0.004578934402128064,0.0031826439406795978,0.0004789130788631645,0.003182852889417862,0.001693008317676826,2.5666666666666664,0.0026232705257531034,2021-2023
807,North Macedonia,soybean,0.001139078009367694,0.00044959491996671955,0.0034384979254129433,0.0003051357896884191,0.0007122627620517876,,0.0012089138812975129,2021-2023
807,North Macedonia,wheat,0.21989432637754447,0.22883197226663007,0.043047064092317504,0.35278736373655134,0.3079754419231464,0.6286212762774844,0.23050723367923798,2021-2023
818,Egypt,maize,0.18066821586652246,0.13496965588622634,0.09125795256643882,0.17957760565047534,0.1742959720881209,0.4348461327677416,0.15215388041155678,2021-2023
818,Egypt,rice,0.09029621613948406,0.06314142645797803,0.013303163750823244,0.06211781673616601,0.03611957334091876,0.9134062536054554,0.052995639285074024,2021-2023
818,Egypt,soybean,0.03794088179339095,0.0,0.22625531234591123,6.388562565536773e-05,0.0002523272628648171,0.15509030049957448,0.05290248140556447,2021-2023
818,Egypt,wheat,0.3367806726841227,0.36502070479753795,0.08594241731291563,0.47859162371159947,0.45594882340903026,0.5639656192849886,0.3444568483830412,2021-2023
826,United Kingdom of Great Britain and Northern Ireland,maize,0.01385951828259735,0.008801465800396467,0.002826968707329767,0.014452131819851664,0.015435680267267183,0.0,0.011075152975488485,2021-2023
826,United Kingdom of Great Britain and Northern Ireland,rice,0.021182510196204093,0.013550522188162084,0.001537036408281427,0.017436583927776268,0.011149888640528793,0.0,0.012971308272190531,2021-2023
826,United Kingdom of Great Britain and Northern Ireland,soybean,0.02909145901343053,0.0005800834944111371,0.07681836272188826,0.0005629174445041441,0.0016413769542856366,0.13631022857804329,0.02173883992570394,2021-2023
826,United Kingdom of Great Britain and Northern Ireland,wheat,0.23674079472241985,0.21592217595516394,0.05064254459544796,0.3683962177804594,0.3864212361589725,0.8273578917695604,0.2516245938424927,2021-2023
834,United Republic of Tanzania,maize,0.2728025210902125,0.23405132407819215,0.10085568449729877,0.3359887098609711,0.30914943397619427,1.0378833704395758,0.25056953470057375,2021-2023
834,United Republic of Tanzania,rice,0.11046374947391331,0.09313916315691446,0.012452706830611412,0.0971846369368214,0.05356506798797176,1.258992262515169,0.07336106487724647,2021-2023
834,United Republic of Tanzania,soybean,0.0008517010889999391,0.0014214998711786612,0.002934122054916256,0.0009226340263472111,0.002179476962944425,1.964734299516908,0.0016618868008772985,2021-2023
834,United Republic of Tanzania,wheat,0.036000963807319354,0.046898227276687306,0.007982927817522795,0.07215847035597032,0.06524000279899922,0.0823197658468357,0.0456561184112998,2021-2023
840,United States of America,maize,0.021423580612225393,0.01190637625366116,0.003296694164463498,0.02889847686639604,0.033410514888726706,1.1984379183639768,0.01978712855709456,2021-2023
840,United States of America,rice,0.02118631948228363,0.013856328692784746,0.0012683895097575046,0.01547914321927235,0.01070772580709295,1.4297653004890492,0.012499581342238235,2021-2023
840,United States of America,soybean,0.14272507146756316,0.0007077396711499844,0.3424991712983641,0.0003058598173512492,0.0011876499925629225,1.6521136627750845,0.09748509844939829,2021-2023
840,United States of America,wheat,0.15357823962547368,0.14919699325105376,0.024436981214916623,0.2719285948712482,0.30851391773779274,1.2493722009530168,0.18153094534009698,2021-2023
854,Burkina Faso,maize,0.19834081001255868,0.1218349831556555,0.07644594074980636,0.19964080512833368,0.15499041435800898,0.9369785358501778,0.15025059068087265,2021-2023
854,Burkina Faso,rice,0.1096951448252006,0.06792192550203718,0.019221694602170793,0.0776937991363168,0.036083062832112094,0.3581190784140958,0.06212312537956749,2021-2023
854,Burkina Faso,soybean,0.014846636570939141,0.03694508670936155,0.032773225591315104,0.025844242842528148,0.05243002583676352,1.3749908659115821,0.03256784351018149,2021-2023
854,Burkina Faso,wheat,0.03412389561561056,0.03206052219850392,0.009050245565383183,0.05018723416160876,0.03823185597305767,0.0,0.032730750702832816,2021-2023
858,Uruguay,maize,0.05586116551226991,0.037450079967092424,0.012913520222271236,0.08417484890907084,0.0925191822080459,0.6140726859082605,0.05658375936375006,2021-2023
858,Uruguay,rice,0.02830959712027119,0.018575170405955684,0.0021377244437604027,0.019562930630669665,0.012872899571779764,13.570272245930141,0.016291664434487343,2021-2023
858,Uruguay,soybean,0.04471384562892233,0.00012926373358578807,0.13565896144896536,0.0002027194186295973,0.0007070759418840218,6.90815976621911,0.03628237323439742,2021-2023
858,Uruguay,wheat,0.22486209808552893,0.2171593306919498,0.04850735416800229,0.3967052796608661,0.42856140596739695,1.539501649011233,0.2631590937147488,2021-2023
860,Uzbekistan,maize,0.019210997874098693,0.012007353217083641,0.005102006186654043,0.02247430381997599,0.024145864135541022,0.8798944898111251,0.01658810504667068,2021-2023
860,Uzbekistan,rice,0.0195802123337075,0.01207368393463921,0.0015933959424001849,0.012617256896425627,0.00811460387761248,0.9003935841558554,0.010795830596957,2021-2023
860,Uzbekistan,soybean,0.0013084990937560093,0.0,0.004535171717727485,1.9601179295287144e-06,8.577290910603428e-06,0.4846153846153846,0.0011708416440647253,2021-2023
860,Uzbekistan,wheat,0.34854143040632374,0.3327903664676361,0.05113858820413573,0.4598314272209432,0.4847804240628848,0.7037979414051861,0.33541644727238473,2021-2023
862,Venezuela (Bolivarian Republic of),maize,0.18152484955379997,0.14329422327100783,0.046868914965846324,0.2718687867198702,0.2664329417798486,0.7038441485080719,0.18199794325807458,2021-2023
862,Venezuela (Bolivarian Republic of),rice,0.09698371344912027,0.07366789038077508,0.007314898328948625,0.07668079630629837,0.045003485715960835,0.4216155410483728,0.05993015683622064,2021-2023
862,Venezuela (Bolivarian Republic of),soybean,0.060549677172584894,0.0,0.19355618898553684,0.00011231593198215684,0.00044745061226187993,0.06134979491807041,0.05093312654047315,2021-2023
862,Venezuela (Bolivarian Republic of),wheat,0.11165943500709642,0.12790428731346104,0.02669225673426188,0.1870951980325196,0.18005592405060347,0.0008370370954139311,0.1266814202275885,2021-2023
882,Samoa,maize,0.009547252122543086,0.006980810656849579,0.0020510672296668152,0.0037390444659918458,0.003587522838465413,0.0,0.005181139462703348,2021-2023
882,Samoa,rice,0.12053119469067325,0.07377596505313637,0.010095701841160895,0.08889326632282497,0.05121959107403953,0.0,0.06890314379636701,2021-2023
882,Samoa,soybean,0.0035490796459517987,0.005087991980746587,0.006280015016934538,0.019854479112806116,0.05000664699015428,0.0,0.016955642549318663,2021-2023
882,Samoa,wheat,0.17898897921371712,0.15601048010379778,0.04938323207294803,0.3277884655060275,0.30966080468537366,0.0,0.20436639231637282,2021-2023
887,Yemen,maize,0.08907971242271333,0.06932772509275388,0.03635731461509315,0.09405521608693905,0.08130516467335287,0.08727961515411205,0.07402502657817045,2021-2023
887,Yemen,rice,0.0809942134036042,0.06159709326513029,0.01104890176507716,0.056383542396593274,0.029215716435777004,0.0,0.04784789345323638,2021-2023
887,Yemen,soybean,0.0010225114384160533,0.0,0.005028428945081163,1.6339399579350515e-06,5.760565189562196e-06,0.0,0.0012116669777289426,2021-2023
887,Yemen,wheat,0.3842898891954769,0.4418672546812346,0.11447234488921075,0.541507705955277,0.4604033100984391,0.030766146357589452,0.3885081009639276,2021-2023
894,Zambia,maize,0.3873359468834381,0.36250805088984905,0.1421631043860009,0.48148549601093843,0.4807624441365943,1.1786247700333006,0.37085100846136415,2021-2023
894,Zambia,rice,0.014060786887398648,0.012865874626480528,0.001594652972718727,0.011673577857803938,0.006971903439970513,0.6053809378496592,0.00943335915687447,2021-2023
894,Zambia,soybean,0.06319097192631282,0.05381459422495662,0.26347394699009713,0.0293558894423805,0.0767334855534449,1.0825395251622363,0.0973137776274384,2021-2023
894,Zambia,wheat,0.03357560912063195,0.047475480444761915,0.0076061599915986525,0.05529379475626833,0.05421453111322022,1.0930507984834623,0.03963311508529621,2021-2023
901,Low Income Food Deficit Countries (LIFDCs),maize,0.13674497495746288,0.1084959265011413,0.055229879566316205,0.16316176735112867,0.15006830875000096,0.9239259404238057,0.12274017142521002,2021-2023
901,Low Income Food Deficit Countries (LIFDCs),rice,0.10919086998306864,0.08603052824261108,0.017381656427656156,0.08905799734479054,0.049024232081499496,0.607347440094407,0.07013705681592518,2021-2023
901,Low Income Food Deficit Countries (LIFDCs),soybean,0.008133074948788113,0.005841505373360721,0.037121934327637995,0.0038148359060095082,0.00920261326032879,0.8603964863778114,0.012822792763225024,2021-2023
901,Low Income Food Deficit Countries (LIFDCs),wheat,0.13803763562496799,0.16388709929253178,0.03653311724058353,0.22252408639348012,0.20089727522621673,0.43473789743892444,0.15237584275555602,2021-2023
902,Net Food Importing Developing Countries (NFIDCs),maize,0.1023142529368334,0.08039758413024427,0.0397266343112749,0.124850479174077,0.12034725706150422,0.7694695223199529,0.09352724152278677,2021-2023
902,Net Food Importing Developing Countries (NFIDCs),rice,0.1748475494057268,0.1326742827815615,0.022296218308034296,0.14500512727833137,0.08365753711384089,0.9264313208930988,0.11169614297749897,2021-2023
902,Net Food Importing Developing Countries (NFIDCs),soybean,0.017398935020140754,0.005160170888442066,0.08188253075392753,0.003519880254213533,0.008926227605870855,0.2803493363325301,0.023377548904518947,2021-2023
902,Net Food Importing Developing Countries (NFIDCs),wheat,0.1685684734383849,0.20002608934085667,0.0413553071072252,0.26990475774129824,0.25539069130953673,0.48916226845216754,0.18704906378746036,2021-2023
